FeatureA,FeatureB,AbsoluteCorrelation
DAYS_BIRTH,AGE_YEARS,0.9999999999999729
DAYS_EMPLOYED,FLAG_EMP_PHONE,0.9997347154811981
DAYS_EMPLOYED,NAME_INCOME_TYPE_Pensioner,0.9995400617088085
FLAG_EMP_PHONE,NAME_INCOME_TYPE_Pensioner,0.9995031127149157
OBS_30_CNT_SOCIAL_CIRCLE,OBS_60_CNT_SOCIAL_CIRCLE,0.9985156893233988
AMT_CREDIT,AMT_GOODS_PRICE,0.9867568577103509
PREVIOUS_AVG_CREDIT,PREVIOUS_AVG_APPLICATION,0.9770800735860656
REGION_RATING_CLIENT,REGION_RATING_CLIENT_W_CITY,0.9511870884169045
BUREAU_OVERDUE_COUNT,HAS_BUREAU_OVERDUE,0.933796437586159
WALLSMATERIAL_MODE_Missing,EMERGENCYSTATE_MODE_No,0.9249550923682944
BUREAU_CREDIT_COUNT,BUREAU_CREDIT_GROUP,0.9082482983294934
CNT_CHILDREN,CNT_FAM_MEMBERS,0.878459149801279
BUREAU_TOTAL_DEBT,BUREAU_DEBT_INCOME_RATIO,0.8733936957676873
REG_REGION_NOT_WORK_REGION,LIVE_REGION_NOT_WORK_REGION,0.8635142791360737
DEF_30_CNT_SOCIAL_CIRCLE,DEF_60_CNT_SOCIAL_CIRCLE,0.8591256742819863
REG_CITY_NOT_WORK_CITY,LIVE_CITY_NOT_WORK_CITY,0.8268562998749901
BUREAU_AVG_MONTHS_REPORTED,HAS_BUREAU_BALANCE_HISTORY,0.807004761218159
BUREAU_AVG_OVERDUE_RATIO,BUREAU_MAX_OVERDUE_RATIO,0.8049919472368434
PREVIOUS_APP_COUNT,PREVIOUS_APPROVED_COUNT,0.7757593763918985
AMT_ANNUITY,AMT_GOODS_PRICE,0.7750255509836775
AMT_CREDIT,AMT_ANNUITY,0.7701509829618043
BUREAU_TOTAL_OVERDUE_MONTHS,BUREAU_TOTAL_SEVERE_OVERDUE_MONTHS,0.7692993099744836
HAS_BUREAU_OVERDUE,OVERDUE_SEVERITY,0.7507382508750389
PREVIOUS_REFUSED_COUNT,PREVIOUS_REFUSAL_RATE,0.7478731900767629
BUREAU_CREDIT_COUNT,BUREAU_ACTIVE_COUNT,0.7453595279005489
BUREAU_OVERDUE_RATIO,HAS_BUREAU_OVERDUE,0.7412594423916523
BUREAU_TOTAL_SEVERE_OVERDUE_MONTHS,BUREAU_AVG_SEVERE_OVERDUE_RATIO,0.7360559588977218
BUREAU_MAX_OVERDUE_DAYS,OVERDUE_SEVERITY,0.7351249836198129
BUREAU_BALANCE_CREDIT_COUNT,HAS_BUREAU_BALANCE_HISTORY,0.728666728802629
PREVIOUS_APP_COUNT,PREVIOUS_REFUSED_COUNT,0.7263986293499811
BUREAU_ACTIVE_COUNT,BUREAU_CREDIT_GROUP,0.724470075002398
LATE_PAYMENT_RATE,UNDERPAYMENT_RATE,0.7226630416512325
BUREAU_OVERDUE_COUNT,BUREAU_OVERDUE_RATIO,0.7195827863494914
BUREAU_TOTAL_OVERDUE_MONTHS,BUREAU_MAX_OVERDUE_RATIO,0.715063667393376
BUREAU_OVERDUE_COUNT,OVERDUE_SEVERITY,0.7127639951360816
PREVIOUS_APP_COUNT,PREVIOUS_CANCELED_COUNT,0.6994250958902811
BUREAU_TOTAL_OVERDUE_MONTHS,BUREAU_AVG_OVERDUE_RATIO,0.6551328979740759
AMT_CREDIT,CREDIT_INCOME_RATIO,0.6513608960967585
FLOORSMAX_MEDI,TOTALAREA_MODE,0.6468977585965384
HAS_BUREAU_HISTORY,BUREAU_CREDIT_GROUP,0.64627852954744
BUREAU_ACTIVE_COUNT,DEBT_INCOME_GROUP,0.6392197279082268
AMT_GOODS_PRICE,CREDIT_INCOME_RATIO,0.6311897208109041
DAYS_EMPLOYED,OCCUPATION_TYPE,0.6260002637290681
FLAG_EMP_PHONE,OCCUPATION_TYPE,0.6259821785160873
OCCUPATION_TYPE,NAME_INCOME_TYPE_Pensioner,0.6259337619635976
DAYS_BIRTH,NAME_INCOME_TYPE_Pensioner,0.6188621704180738
AGE_YEARS,NAME_INCOME_TYPE_Pensioner,0.6188621704180508
DAYS_BIRTH,FLAG_EMP_PHONE,0.6186851624550103
FLAG_EMP_PHONE,AGE_YEARS,0.6186851624550059
BUREAU_AVG_OVERDUE_RATIO,BUREAU_AVG_SEVERE_OVERDUE_RATIO,0.6152827445536642
DAYS_BIRTH,DAYS_EMPLOYED,0.6146500422849814
DAYS_EMPLOYED,AGE_YEARS,0.6146500422849506
BUREAU_BALANCE_CREDIT_COUNT,BUREAU_AVG_MONTHS_REPORTED,0.6065224925816056
FLAG_DOCUMENT_6,NAME_INCOME_TYPE_Pensioner,0.5980120878657397
FLAG_EMP_PHONE,FLAG_DOCUMENT_6,0.5978405627633384
DAYS_EMPLOYED,FLAG_DOCUMENT_6,0.5975971453003578
BUREAU_DEBT_INCOME_RATIO,DEBT_INCOME_GROUP,0.5745850110632855
AMT_REQ_CREDIT_BUREAU_YEAR,PREVIOUS_APP_COUNT,0.5681242421450294
BUREAU_TOTAL_OVERDUE_MONTHS,BUREAU_AVG_SEVERE_OVERDUE_RATIO,0.5630273379930849
BUREAU_OVERDUE_RATIO,OVERDUE_SEVERITY,0.5610339908431364
BUREAU_CREDIT_GROUP,DEBT_INCOME_GROUP,0.540459123921824
REGION_POPULATION_RELATIVE,REGION_RATING_CLIENT,0.5331512307544402
REGION_POPULATION_RELATIVE,REGION_RATING_CLIENT_W_CITY,0.5317906680289726
WALLSMATERIAL_MODE_Missing,WALLSMATERIAL_MODE_Panel,0.5315532167571415
LATE_PAYMENT_COUNT,LATE_PAYMENT_RATE,0.5279238921754578
WALLSMATERIAL_MODE_Missing,"WALLSMATERIAL_MODE_Stone, brick",0.5251943925002835
AMT_REQ_CREDIT_BUREAU_YEAR,PREVIOUS_CANCELED_COUNT,0.5141034988891455
BUREAU_TOTAL_DEBT,DEBT_INCOME_GROUP,0.5110955121414298
WALLSMATERIAL_MODE_Panel,EMERGENCYSTATE_MODE_No,0.5029626305247967
BUREAU_ACTIVE_COUNT,BUREAU_ACTIVE_RATIO,0.4930115028173092
"WALLSMATERIAL_MODE_Stone, brick",EMERGENCYSTATE_MODE_No,0.49171988959623775
BUREAU_CREDIT_COUNT,DEBT_INCOME_GROUP,0.4908705230067408
FLAG_DOCUMENT_3,FLAG_DOCUMENT_6,0.4857127445405086
NAME_INCOME_TYPE_Pensioner,NAME_INCOME_TYPE_Working,0.4831836353575674
FLAG_EMP_PHONE,NAME_INCOME_TYPE_Working,0.4831686718456205
DAYS_EMPLOYED,NAME_INCOME_TYPE_Working,0.4829483830107381
NAME_CONTRACT_TYPE,FLAG_DOCUMENT_3,0.4803222113557806
PREVIOUS_APPROVAL_RATE,PREVIOUS_REFUSAL_RATE,0.47944238497038255
LATE_PAYMENT_COUNT,UNDERPAYMENT_RATE,0.47295285389140357
BUREAU_CREDIT_COUNT,BUREAU_BALANCE_CREDIT_COUNT,0.4698232081176366
FLAG_DOCUMENT_3,FLAG_DOCUMENT_8,0.46625993166002183
BUREAU_AVG_SEVERE_OVERDUE_RATIO,BUREAU_MAX_OVERDUE_RATIO,0.4600096756080994
BUREAU_ACTIVE_RATIO,DEBT_INCOME_GROUP,0.4578533310711505
BUREAU_AVG_OVERDUE_RATIO,BUREAU_TOTAL_SEVERE_OVERDUE_MONTHS,0.45777462704066557
BUREAU_TOTAL_SEVERE_OVERDUE_MONTHS,BUREAU_MAX_OVERDUE_RATIO,0.4530837236181682
BUREAU_ACTIVE_RATIO,HAS_BUREAU_HISTORY,0.452685645466242
AMT_REQ_CREDIT_BUREAU_YEAR,PREVIOUS_APPROVED_COUNT,0.45005715235548577
REG_REGION_NOT_LIVE_REGION,REG_REGION_NOT_WORK_REGION,0.4465889047551645
REG_CITY_NOT_LIVE_CITY,REG_CITY_NOT_WORK_CITY,0.439413017682553
BUREAU_CREDIT_COUNT,HAS_BUREAU_HISTORY,0.4335059097152245
PREVIOUS_CANCELED_COUNT,PREVIOUS_APPROVAL_RATE,0.4328202431558296
BUREAU_CREDIT_GROUP,BUREAU_BALANCE_CREDIT_COUNT,0.41913057147368743
PREVIOUS_APP_COUNT,PREVIOUS_REFUSAL_RATE,0.41711807024848957
PREVIOUS_REFUSED_COUNT,PREVIOUS_APPROVAL_RATE,0.415740969387427
FLAG_DOCUMENT_6,AGE_YEARS,0.4060574549708032
DAYS_BIRTH,FLAG_DOCUMENT_6,0.40605745497079926
BUREAU_ACTIVE_COUNT,HAS_BUREAU_HISTORY,0.3996605585700157
DAYS_EMPLOYED,ORGANIZATION_TYPE,0.3970137292794351
FLAG_EMP_PHONE,ORGANIZATION_TYPE,0.39472474480110736
ORGANIZATION_TYPE,NAME_INCOME_TYPE_Pensioner,0.3946572273436804
HAS_BUREAU_HISTORY,DEBT_INCOME_GROUP,0.39417140926563704
AMT_ANNUITY,CREDIT_INCOME_RATIO,0.3935790861799994
FLOORSMAX_MEDI,WALLSMATERIAL_MODE_Panel,0.387526698933464
OCCUPATION_TYPE,FLAG_DOCUMENT_6,0.3736776473767409
EXT_SOURCE_3,BUREAU_ACTIVE_COUNT,0.3732121169966413
DAYS_BIRTH,OCCUPATION_TYPE,0.3708163387335995
OCCUPATION_TYPE,AGE_YEARS,0.3708163387335906
PREVIOUS_REFUSED_COUNT,PREVIOUS_CANCELED_COUNT,0.35343267281403745
TOTALAREA_MODE,WALLSMATERIAL_MODE_Panel,0.34665342602635274
BUREAU_ACTIVE_COUNT,BUREAU_BALANCE_CREDIT_COUNT,0.34650913442972736
CODE_GENDER,FLAG_OWN_CAR,0.34615674148845743
BUREAU_BALANCE_CREDIT_COUNT,BUREAU_MAX_OVERDUE_RATIO,0.3418971309682588
REG_REGION_NOT_LIVE_REGION,REG_CITY_NOT_LIVE_CITY,0.3384504696738134
DEF_30_CNT_SOCIAL_CIRCLE,OBS_60_CNT_SOCIAL_CIRCLE,0.3376225052889696
BUREAU_MAX_OVERDUE_RATIO,HAS_BUREAU_BALANCE_HISTORY,0.3370091472675209
OBS_30_CNT_SOCIAL_CIRCLE,DEF_30_CNT_SOCIAL_CIRCLE,0.33543257477745225
DAYS_BIRTH,DAYS_REGISTRATION,0.33301872269775984
DAYS_REGISTRATION,AGE_YEARS,0.3330187226977591
CNT_CHILDREN,AGE_YEARS,0.33094765394625736
CNT_CHILDREN,DAYS_BIRTH,0.3309476539462491
EXT_SOURCE_3,BUREAU_ACTIVE_RATIO,0.3236761488920513
BUREAU_ACTIVE_COUNT,BUREAU_DEBT_INCOME_RATIO,0.31139038683587716
AMT_REQ_CREDIT_BUREAU_YEAR,PREVIOUS_REFUSED_COUNT,0.3063719769899461
DAYS_BIRTH,NAME_INCOME_TYPE_Working,0.3040240578702781
AGE_YEARS,NAME_INCOME_TYPE_Working,0.3040240578702702
OCCUPATION_TYPE,ORGANIZATION_TYPE,0.3035929463366466
EXT_SOURCE_3,DEBT_INCOME_GROUP,0.30323768300036497
PREVIOUS_APPROVED_COUNT,PREVIOUS_REFUSED_COUNT,0.30209108168529536
PREVIOUS_APPROVED_COUNT,PREVIOUS_CANCELED_COUNT,0.30022856837629963
BUREAU_ACTIVE_COUNT,BUREAU_TOTAL_DEBT,0.29475208064723935
PREVIOUS_APP_COUNT,PREVIOUS_APPROVAL_RATE,0.29451191808612925
FLAG_WORK_PHONE,FLAG_PHONE,0.2931398229255788
REGION_RATING_CLIENT,EXT_SOURCE_2,0.29223318441117146
FLAG_DOCUMENT_6,NAME_INCOME_TYPE_Working,0.28897880672524445
REGION_RATING_CLIENT_W_CITY,EXT_SOURCE_2,0.2881772943728236
BUREAU_AVG_MONTHS_REPORTED,BUREAU_MAX_OVERDUE_RATIO,0.2869331574822435
REGION_RATING_CLIENT,HOUR_APPR_PROCESS_START,0.28620625005881845
NAME_INCOME_TYPE_State servant,NAME_INCOME_TYPE_Working,0.28613726917220256
BUREAU_MAX_OVERDUE_DAYS,HAS_BUREAU_OVERDUE,0.283663684822689
OCCUPATION_TYPE,NAME_INCOME_TYPE_Working,0.2820987808209132
FLOORSMAX_MEDI,EMERGENCYSTATE_MODE_No,0.2815472294162968
FLOORSMAX_MEDI,WALLSMATERIAL_MODE_Missing,0.2799815731357907
DAYS_BIRTH,CNT_FAM_MEMBERS,0.2782645270308341
CNT_FAM_MEMBERS,AGE_YEARS,0.2782645270308304
WALLSMATERIAL_MODE_Wooden,EMERGENCYSTATE_MODE_Yes,0.2782083843176748
PREVIOUS_APPROVED_COUNT,LATE_PAYMENT_COUNT,0.2761159970336147
REGION_POPULATION_RELATIVE,FLOORSMAX_MEDI,0.2736424902927582
DAYS_ID_PUBLISH,NAME_INCOME_TYPE_Pensioner,0.27342937330778594
DAYS_ID_PUBLISH,FLAG_EMP_PHONE,0.27339169235876287
DAYS_ID_PUBLISH,AGE_YEARS,0.2731574865011456
DAYS_BIRTH,DAYS_ID_PUBLISH,0.27315748650113714
DAYS_EMPLOYED,DAYS_ID_PUBLISH,0.27214102902594534
WALLSMATERIAL_MODE_Panel,"WALLSMATERIAL_MODE_Stone, brick",0.2703631413393532
BUREAU_AVG_MONTHS_REPORTED,BUREAU_TOTAL_OVERDUE_MONTHS,0.2689733965910046
HAS_BUREAU_HISTORY,HAS_BUREAU_BALANCE_HISTORY,0.26735133694164276
BUREAU_BALANCE_CREDIT_COUNT,BUREAU_TOTAL_OVERDUE_MONTHS,0.2672864777380844
REG_CITY_NOT_WORK_CITY,EMERGENCYSTATE_MODE_No,0.2662862041838447
REGION_RATING_CLIENT_W_CITY,HOUR_APPR_PROCESS_START,0.26573456637782283
BUREAU_AVG_OVERDUE_RATIO,HAS_BUREAU_BALANCE_HISTORY,0.26572898852643917
BUREAU_OVERDUE_COUNT,BUREAU_MAX_OVERDUE_DAYS,0.2624260700591324
OBS_60_CNT_SOCIAL_CIRCLE,DEF_60_CNT_SOCIAL_CIRCLE,0.2600995801791283
REG_CITY_NOT_WORK_CITY,WALLSMATERIAL_MODE_Missing,0.25881922310458194
OBS_30_CNT_SOCIAL_CIRCLE,DEF_60_CNT_SOCIAL_CIRCLE,0.25808088753605024
FLAG_EMP_PHONE,REG_CITY_NOT_WORK_CITY,0.25629305873081343
REG_CITY_NOT_WORK_CITY,NAME_INCOME_TYPE_Pensioner,0.2562474143323028
DAYS_EMPLOYED,REG_CITY_NOT_WORK_CITY,0.2544140899294831
BUREAU_CREDIT_GROUP,BUREAU_DEBT_INCOME_RATIO,0.25271819770281356
CODE_GENDER,FLAG_DOCUMENT_8,0.2497871263477811
DAYS_EMPLOYED,FLAG_DOCUMENT_3,0.2493866910875687
FLAG_EMP_PHONE,FLAG_DOCUMENT_3,0.2488668166639086
FLAG_DOCUMENT_3,NAME_INCOME_TYPE_Pensioner,0.24869576107031582
DEBT_INCOME_GROUP,BUREAU_BALANCE_CREDIT_COUNT,0.2453922471145785
BUREAU_CREDIT_COUNT,BUREAU_DEBT_INCOME_RATIO,0.24399260557868244
DAYS_BIRTH,REG_CITY_NOT_WORK_CITY,0.24321411932566664
REG_CITY_NOT_WORK_CITY,AGE_YEARS,0.24321411932566372
NAME_CONTRACT_TYPE,AMT_ANNUITY,0.24235733586542094
ORGANIZATION_TYPE,NAME_INCOME_TYPE_State servant,0.24189698314437563
CNT_CHILDREN,FLAG_EMP_PHONE,0.24091245158555985
CNT_CHILDREN,NAME_INCOME_TYPE_Pensioner,0.2409060890484583
BUREAU_CREDIT_GROUP,BUREAU_TOTAL_DEBT,0.24010937728668882
CNT_CHILDREN,DAYS_EMPLOYED,0.2400203832945325
REG_REGION_NOT_WORK_REGION,REG_CITY_NOT_WORK_CITY,0.2399060111851571
BUREAU_CREDIT_COUNT,BUREAU_TOTAL_DEBT,0.23796158283682053
LIVE_REGION_NOT_WORK_REGION,LIVE_CITY_NOT_WORK_CITY,0.23732215120693448
CNT_FAM_MEMBERS,NAME_INCOME_TYPE_Pensioner,0.23400308958601493
FLAG_EMP_PHONE,CNT_FAM_MEMBERS,0.23396214830490322
DAYS_EMPLOYED,FLAG_WORK_PHONE,0.23366341301010818
DAYS_EMPLOYED,CNT_FAM_MEMBERS,0.2335783915981266
FLAG_EMP_PHONE,FLAG_WORK_PHONE,0.23350995226934537
FLAG_WORK_PHONE,NAME_INCOME_TYPE_Pensioner,0.23336594305528646
PREVIOUS_APP_COUNT,PREVIOUS_AVG_CREDIT,0.2322132798358675
AVG_PAYMENT_DELAY,UNDERPAYMENT_RATE,0.2318467017493674
ORGANIZATION_TYPE,FLAG_DOCUMENT_6,0.23122246376371597
BUREAU_TOTAL_OVERDUE_MONTHS,HAS_BUREAU_BALANCE_HISTORY,0.23088552458223238
AMT_REQ_CREDIT_BUREAU_HOUR,AMT_REQ_CREDIT_BUREAU_DAY,0.23015162448475912
DAYS_LAST_PHONE_CHANGE,PREVIOUS_APPROVED_COUNT,0.22938707507748382
FLOORSMAX_MEDI,WALLSMATERIAL_MODE_Monolithic,0.22919363176710628
FLAG_OWN_CAR,FLAG_DOCUMENT_8,0.22859063369252414
LATE_PAYMENT_RATE,AVG_PAYMENT_DELAY,0.22779423131100834
TOTALAREA_MODE,WALLSMATERIAL_MODE_Missing,0.22657449066924118
AMT_REQ_CREDIT_BUREAU_QRT,PREVIOUS_CANCELED_COUNT,0.22564595460706005
TOTALAREA_MODE,EMERGENCYSTATE_MODE_No,0.22344845271521152
NAME_CONTRACT_TYPE,AMT_CREDIT,0.2228281068499534
BUREAU_AVG_MONTHS_REPORTED,BUREAU_AVG_OVERDUE_RATIO,0.2227489487550378
REGION_RATING_CLIENT_W_CITY,FLOORSMAX_MEDI,0.22259417412854604
AMT_REQ_CREDIT_BUREAU_DAY,AMT_REQ_CREDIT_BUREAU_WEEK,0.22239011207120876
AMT_REQ_CREDIT_BUREAU_YEAR,PREVIOUS_AVG_CREDIT,0.2195405258552575
FLAG_EMP_PHONE,LIVE_CITY_NOT_WORK_CITY,0.21933896362387442
LIVE_CITY_NOT_WORK_CITY,NAME_INCOME_TYPE_Pensioner,0.21927839418652217
NAME_CONTRACT_TYPE,CREDIT_INCOME_RATIO,0.2187650084004154
DAYS_EMPLOYED,LIVE_CITY_NOT_WORK_CITY,0.21820408265602334
AMT_REQ_CREDIT_BUREAU_YEAR,PREVIOUS_APPROVAL_RATE,0.21692608890629986
HAS_BUREAU_HISTORY,BUREAU_AVG_MONTHS_REPORTED,0.2157538018299451
PREVIOUS_REFUSED_COUNT,PREVIOUS_AVG_CREDIT,0.21352957505874187
DAYS_REGISTRATION,NAME_INCOME_TYPE_Pensioner,0.21269494464822913
DAYS_REGISTRATION,FLAG_EMP_PHONE,0.21261290857326431
DAYS_EMPLOYED,DAYS_REGISTRATION,0.21050983789220074
PREVIOUS_APP_COUNT,PREVIOUS_AVG_APPLICATION,0.20913397775690296
ORGANIZATION_TYPE,AGE_YEARS,0.208962391586579
DAYS_BIRTH,ORGANIZATION_TYPE,0.2089623915865721
PREVIOUS_APP_COUNT,LATE_PAYMENT_COUNT,0.20635627173291032
PREVIOUS_AVG_CREDIT,PREVIOUS_REFUSAL_RATE,0.20616440802003952
LIVE_CITY_NOT_WORK_CITY,EMERGENCYSTATE_MODE_No,0.20567816017532772
REGION_RATING_CLIENT,FLOORSMAX_MEDI,0.2051047757293207
NAME_CONTRACT_TYPE,HAS_BUREAU_BALANCE_HISTORY,0.20241833436071058
PREVIOUS_APPROVED_COUNT,PREVIOUS_AVG_CREDIT,0.20213632567700626
FLOORSMAX_MEDI,WALLSMATERIAL_MODE_Wooden,0.2011449480873663
BUREAU_OVERDUE_RATIO,BUREAU_MAX_OVERDUE_DAYS,0.20067584530857044
LIVE_CITY_NOT_WORK_CITY,WALLSMATERIAL_MODE_Missing,0.20021225048119332
PREVIOUS_REFUSED_COUNT,PREVIOUS_AVG_APPLICATION,0.19876103389247493
REGION_POPULATION_RELATIVE,EXT_SOURCE_2,0.19872389654671088
REG_REGION_NOT_WORK_REGION,LIVE_CITY_NOT_WORK_CITY,0.19849678961399633
EXT_SOURCE_2,DAYS_LAST_PHONE_CHANGE,0.195952632179607
HAS_BUREAU_HISTORY,BUREAU_BALANCE_CREDIT_COUNT,0.19481002413026807
BUREAU_CREDIT_COUNT,PREVIOUS_APP_COUNT,0.19412722244523237
FLAG_DOCUMENT_3,FLAG_DOCUMENT_5,0.1940395578862672
PREVIOUS_AVG_APPLICATION,PREVIOUS_REFUSAL_RATE,0.1934058600991836
AMT_REQ_CREDIT_BUREAU_YEAR,PREVIOUS_AVG_APPLICATION,0.19217500089802844
BUREAU_ACTIVE_RATIO,BUREAU_DEBT_INCOME_RATIO,0.18953187943416047
EXT_SOURCE_3,BUREAU_CREDIT_COUNT,0.18872623985028064
LIVE_REGION_NOT_WORK_REGION,REG_CITY_NOT_WORK_CITY,0.18704914391900657
NAME_CONTRACT_TYPE,AMT_GOODS_PRICE,0.18704417675644944
BUREAU_CREDIT_GROUP,HAS_BUREAU_BALANCE_HISTORY,0.18679330083872137
CNT_CHILDREN,DAYS_REGISTRATION,0.1843389751262294
REGION_POPULATION_RELATIVE,TOTALAREA_MODE,0.18170475875386594
DAYS_BIRTH,REG_CITY_NOT_LIVE_CITY,0.18079264779973883
REG_CITY_NOT_LIVE_CITY,AGE_YEARS,0.18079264779973755
ORGANIZATION_TYPE,NAME_INCOME_TYPE_Working,0.1803858316592895
EXT_SOURCE_3,AGE_YEARS,0.1799045913824019
DAYS_BIRTH,EXT_SOURCE_3,0.17990459138239703
AMT_ANNUITY,PREVIOUS_AVG_APPLICATION,0.17947471571670326
DAYS_ID_PUBLISH,FLAG_DOCUMENT_6,0.17760806036633298
AMT_REQ_CREDIT_BUREAU_MON,BUREAU_CREDIT_COUNT,0.17707659776051632
AMT_GOODS_PRICE,PREVIOUS_AVG_APPLICATION,0.17674887337934625
AMT_REQ_CREDIT_BUREAU_YEAR,PREVIOUS_REFUSAL_RATE,0.17598279032129177
PREVIOUS_APPROVED_COUNT,PREVIOUS_AVG_APPLICATION,0.17534188865651643
LATE_PAYMENT_COUNT,AVG_PAYMENT_DELAY,0.17529723762135316
EXT_SOURCE_3,PREVIOUS_REFUSAL_RATE,0.1748386744360482
AMT_INCOME_TOTAL,AMT_ANNUITY,0.17473533872238478
DAYS_REGISTRATION,CNT_FAM_MEMBERS,0.17454518623547158
EXT_SOURCE_3,PREVIOUS_REFUSED_COUNT,0.1744101885743277
AMT_CREDIT,PREVIOUS_AVG_APPLICATION,0.1740360780768958
DAYS_BIRTH,FLAG_WORK_PHONE,0.1727637734056474
FLAG_WORK_PHONE,AGE_YEARS,0.1727637734056469
PREVIOUS_APP_COUNT,PREVIOUS_UNUSED_COUNT,0.17275144220522567
REGION_POPULATION_RELATIVE,HOUR_APPR_PROCESS_START,0.1718423449941132
AMT_REQ_CREDIT_BUREAU_MON,BUREAU_CREDIT_GROUP,0.1712511716464059
AMT_REQ_CREDIT_BUREAU_QRT,PREVIOUS_APP_COUNT,0.1710951349290988
BUREAU_CREDIT_COUNT,PREVIOUS_APPROVED_COUNT,0.17091457849435746
BUREAU_CREDIT_GROUP,PREVIOUS_APP_COUNT,0.16971228137430364
AMT_ANNUITY,PREVIOUS_AVG_CREDIT,0.1695857252116542
AMT_GOODS_PRICE,PREVIOUS_AVG_CREDIT,0.16942806622598003
REGION_RATING_CLIENT_W_CITY,EMERGENCYSTATE_MODE_No,0.16921106861864843
AMT_CREDIT,PREVIOUS_AVG_CREDIT,0.1689708249611689
AMT_REQ_CREDIT_BUREAU_YEAR,HAS_BUREAU_HISTORY,0.16821862016038883
BUREAU_ACTIVE_RATIO,BUREAU_CREDIT_GROUP,0.16808807395479575
DAYS_ID_PUBLISH,OCCUPATION_TYPE,0.1680155945401639
REGION_RATING_CLIENT_W_CITY,TOTALAREA_MODE,0.16682622453186124
FLAG_WORK_PHONE,NAME_INCOME_TYPE_Working,0.1651621529880852
BUREAU_CREDIT_GROUP,BUREAU_AVG_MONTHS_REPORTED,0.16489131411258423
FLAG_DOCUMENT_3,NAME_INCOME_TYPE_Working,0.16414417165048495
HAS_BUREAU_HISTORY,BUREAU_DEBT_INCOME_RATIO,0.1636013018224938
EXT_SOURCE_3,BUREAU_CREDIT_GROUP,0.16347561225618304
REGION_RATING_CLIENT_W_CITY,WALLSMATERIAL_MODE_Missing,0.16300633181170274
DAYS_LAST_PHONE_CHANGE,PREVIOUS_APP_COUNT,0.1609420433995554
NAME_CONTRACT_TYPE,BUREAU_AVG_MONTHS_REPORTED,0.16083433197565752
BUREAU_ACTIVE_RATIO,BUREAU_TOTAL_DEBT,0.16075270918381335
REG_CITY_NOT_LIVE_CITY,EMERGENCYSTATE_MODE_No,0.15994676976177097
DAYS_BIRTH,LIVE_CITY_NOT_WORK_CITY,0.1598657640574374
LIVE_CITY_NOT_WORK_CITY,AGE_YEARS,0.15986576405743344
BUREAU_BALANCE_CREDIT_COUNT,BUREAU_AVG_OVERDUE_RATIO,0.15879832123837895
HOUR_APPR_PROCESS_START,EXT_SOURCE_2,0.15797149161317295
REG_CITY_NOT_WORK_CITY,WALLSMATERIAL_MODE_Panel,0.15780574787479024
TOTALAREA_MODE,WALLSMATERIAL_MODE_Monolithic,0.15757062995428334
CODE_GENDER,NAME_INCOME_TYPE_Pensioner,0.1574995359323142
REG_CITY_NOT_WORK_CITY,FLAG_DOCUMENT_6,0.15745925804359237
CODE_GENDER,FLAG_EMP_PHONE,0.1574457306440265
CNT_CHILDREN,FLAG_DOCUMENT_6,0.15731090200589765
CNT_FAM_MEMBERS,FLAG_DOCUMENT_6,0.15657204695818439
CODE_GENDER,DAYS_EMPLOYED,0.15623084716579222
REG_CITY_NOT_LIVE_CITY,WALLSMATERIAL_MODE_Missing,0.1547843592413421
BUREAU_CREDIT_COUNT,PREVIOUS_REFUSED_COUNT,0.15439295247267162
FLAG_OWN_CAR,NAME_INCOME_TYPE_Pensioner,0.1539794074523472
FLAG_OWN_CAR,FLAG_EMP_PHONE,0.15381341445568772
FLAG_OWN_CAR,DAYS_EMPLOYED,0.153597108896194
BUREAU_ACTIVE_COUNT,PREVIOUS_REFUSED_COUNT,0.15308151602214293
BUREAU_CREDIT_GROUP,PREVIOUS_APPROVED_COUNT,0.15281509102838128
EXT_SOURCE_3,BUREAU_MAX_OVERDUE_RATIO,0.15223428257811863
AMT_REQ_CREDIT_BUREAU_QRT,HAS_BUREAU_HISTORY,0.1520888587805293
REG_CITY_NOT_WORK_CITY,NAME_INCOME_TYPE_Working,0.15091760684300623
CNT_CHILDREN,OCCUPATION_TYPE,0.1503610231894868
REG_REGION_NOT_WORK_REGION,REG_CITY_NOT_LIVE_CITY,0.14978954558106433
FLAG_OWN_CAR,CNT_FAM_MEMBERS,0.14946068402342855
REGION_RATING_CLIENT,TOTALAREA_MODE,0.14914625908637916
OCCUPATION_TYPE,CNT_FAM_MEMBERS,0.1488069831898252
AMT_ANNUITY,NAME_EDUCATION_TYPE,0.14827207489745475
NAME_EDUCATION_TYPE,AGE_YEARS,0.14799881306152904
NAME_EDUCATION_TYPE,DAYS_BIRTH,0.14799881306152574
CODE_GENDER,DAYS_BIRTH,0.14797256834408956
CODE_GENDER,AGE_YEARS,0.1479725683440876
REGION_RATING_CLIENT,LIVE_REGION_NOT_WORK_REGION,0.14745735298282867
NAME_CONTRACT_TYPE,BUREAU_BALANCE_CREDIT_COUNT,0.146471411253406
AMT_INCOME_TOTAL,AMT_GOODS_PRICE,0.14622068545854783
OCCUPATION_TYPE,FLAG_DOCUMENT_3,0.1460749775972491
HAS_BUREAU_HISTORY,BUREAU_TOTAL_DEBT,0.14460995441130156
AMT_INCOME_TOTAL,AMT_CREDIT,0.14380915539766337
FLAG_WORK_PHONE,OCCUPATION_TYPE,0.14243801249067575
REG_REGION_NOT_LIVE_REGION,REG_CITY_NOT_WORK_CITY,0.14226480884931034
AMT_ANNUITY,REGION_RATING_CLIENT_W_CITY,0.1418132197873031
AMT_GOODS_PRICE,NAME_EDUCATION_TYPE,0.14149051177096036
REGION_RATING_CLIENT_W_CITY,LIVE_REGION_NOT_WORK_REGION,0.1414384639113357
REGION_RATING_CLIENT,EMERGENCYSTATE_MODE_No,0.14131559039875674
FLAG_OWN_CAR,AMT_ANNUITY,0.1412277013438775
EXT_SOURCE_3,HAS_BUREAU_OVERDUE,0.1410615550147382
LIVE_CITY_NOT_WORK_CITY,NAME_INCOME_TYPE_Working,0.14097348876078472
NAME_EDUCATION_TYPE,FLOORSMAX_MEDI,0.14048783464830206
AMT_GOODS_PRICE,EXT_SOURCE_2,0.14012913361653043
REGION_RATING_CLIENT,REG_REGION_NOT_WORK_REGION,0.14007299216802563
EXT_SOURCE_3,PREVIOUS_APPROVAL_RATE,0.13916279921751265
DAYS_LAST_PHONE_CHANGE,BUREAU_CREDIT_GROUP,0.13870062878545034
CODE_GENDER,REG_CITY_NOT_WORK_CITY,0.1384843442803619
OCCUPATION_TYPE,REG_CITY_NOT_WORK_CITY,0.13835856627038348
EXT_SOURCE_3,BUREAU_OVERDUE_COUNT,0.13834388233374506
BUREAU_ACTIVE_COUNT,PREVIOUS_APP_COUNT,0.13810152857728744
FLAG_WORK_PHONE,FLAG_DOCUMENT_6,0.138063522130021
DAYS_REGISTRATION,FLAG_DOCUMENT_6,0.13762075718868852
BUREAU_ACTIVE_COUNT,PREVIOUS_REFUSAL_RATE,0.13737175268520316
CNT_CHILDREN,NAME_INCOME_TYPE_Working,0.13658163108560203
BUREAU_TOTAL_DEBT,BUREAU_BALANCE_CREDIT_COUNT,0.13646949918942472
DAYS_LAST_PHONE_CHANGE,PREVIOUS_AVG_CREDIT,0.1362979183257589
BUREAU_BALANCE_CREDIT_COUNT,PREVIOUS_APP_COUNT,0.13610690175866103
WALLSMATERIAL_MODE_Missing,WALLSMATERIAL_MODE_Wooden,0.1354056639076056
DAYS_REGISTRATION,OCCUPATION_TYPE,0.13530770237703463
DAYS_LAST_PHONE_CHANGE,BUREAU_CREDIT_COUNT,0.13513175675275874
EXT_SOURCE_3,BUREAU_BALANCE_CREDIT_COUNT,0.1340907155167281
CODE_GENDER,LIVE_CITY_NOT_WORK_CITY,0.1337320293117974
REGION_RATING_CLIENT_W_CITY,REG_REGION_NOT_WORK_REGION,0.13340555113831679
LIVE_CITY_NOT_WORK_CITY,FLAG_DOCUMENT_6,0.1333853986777782
DEBT_INCOME_GROUP,HAS_BUREAU_BALANCE_HISTORY,0.13336333815161736
BUREAU_CREDIT_COUNT,HAS_BUREAU_BALANCE_HISTORY,0.13329547452047316
REG_CITY_NOT_WORK_CITY,FLOORSMAX_MEDI,0.13287414042211226
AMT_CREDIT,EXT_SOURCE_2,0.13210711276768694
REGION_RATING_CLIENT,WALLSMATERIAL_MODE_Missing,0.1320343905665523
BUREAU_MAX_OVERDUE_RATIO,UNDERPAYMENT_RATE,0.13194667523071196
DAYS_EMPLOYED,NAME_INCOME_TYPE_State servant,0.1315385581702637
CNT_FAM_MEMBERS,NAME_INCOME_TYPE_Working,0.1314120327688219
AMT_ANNUITY,FLAG_DOCUMENT_8,0.13073481874285908
AMT_ANNUITY,HAS_BUREAU_BALANCE_HISTORY,0.13019239766919313
BUREAU_CREDIT_GROUP,PREVIOUS_REFUSED_COUNT,0.13000092933153143
BUREAU_DEBT_INCOME_RATIO,BUREAU_BALANCE_CREDIT_COUNT,0.12981747662413348
PREVIOUS_UNUSED_COUNT,PREVIOUS_APPROVAL_RATE,0.12956985432111437
TOTALAREA_MODE,WALLSMATERIAL_MODE_Wooden,0.12956448872303547
FLAG_EMP_PHONE,NAME_INCOME_TYPE_State servant,0.12950156262764126
AMT_ANNUITY,BUREAU_AVG_MONTHS_REPORTED,0.1294689010273888
NAME_INCOME_TYPE_Pensioner,NAME_INCOME_TYPE_State servant,0.12946581610991612
DAYS_ID_PUBLISH,NAME_INCOME_TYPE_Working,0.12912246938704025
AMT_ANNUITY,REGION_RATING_CLIENT,0.1284817481511757
FLAG_OWN_CAR,DAYS_BIRTH,0.12847873297611684
FLAG_OWN_CAR,AGE_YEARS,0.12847873297611453
PREVIOUS_REFUSED_COUNT,LATE_PAYMENT_COUNT,0.12818108395691552
AMT_CREDIT,NAME_EDUCATION_TYPE,0.12809696195586448
AGE_YEARS,PREVIOUS_AVG_APPLICATION,0.12757241495716667
DAYS_BIRTH,PREVIOUS_AVG_APPLICATION,0.1275724149571654
BUREAU_CREDIT_GROUP,BUREAU_MAX_OVERDUE_RATIO,0.12705229699173362
DAYS_BIRTH,PREVIOUS_AVG_CREDIT,0.12696832809453917
AGE_YEARS,PREVIOUS_AVG_CREDIT,0.12696832809453842
AMT_REQ_CREDIT_BUREAU_YEAR,BUREAU_CREDIT_GROUP,0.12695677343154957
NAME_EDUCATION_TYPE,EXT_SOURCE_2,0.126903874347934
EXT_SOURCE_2,EMERGENCYSTATE_MODE_No,0.1267420639332363
BUREAU_AVG_OVERDUE_RATIO,UNDERPAYMENT_RATE,0.1262609998476444
BUREAU_CREDIT_COUNT,PREVIOUS_UNUSED_COUNT,0.12571619671467305
CODE_GENDER,CREDIT_INCOME_RATIO,0.12549001168331045
AMT_ANNUITY,EXT_SOURCE_2,0.12517984663427154
AMT_REQ_CREDIT_BUREAU_QRT,AMT_REQ_CREDIT_BUREAU_YEAR,0.12433498514758044
DAYS_BIRTH,CREDIT_INCOME_RATIO,0.12380639646891659
CREDIT_INCOME_RATIO,AGE_YEARS,0.12380639646891406
EXT_SOURCE_2,FLOORSMAX_MEDI,0.12346962835834392
NAME_EDUCATION_TYPE,NAME_INCOME_TYPE_Pensioner,0.12330409537966847
NAME_EDUCATION_TYPE,FLAG_EMP_PHONE,0.12315114797862901
NAME_EDUCATION_TYPE,DAYS_EMPLOYED,0.12296946202169227
FLAG_WORK_PHONE,FLAG_DOCUMENT_11,0.12242148178037714
BUREAU_CREDIT_COUNT,PREVIOUS_REFUSAL_RATE,0.12226598507036307
PREVIOUS_CANCELED_COUNT,PREVIOUS_REFUSAL_RATE,0.12217231669951473
BUREAU_CREDIT_COUNT,BUREAU_AVG_MONTHS_REPORTED,0.12209939489752719
FLAG_EMP_PHONE,FLAG_DOCUMENT_8,0.12197806232955216
FLAG_DOCUMENT_8,NAME_INCOME_TYPE_Pensioner,0.12197532797957417
BUREAU_ACTIVE_RATIO,HAS_BUREAU_BALANCE_HISTORY,0.12193220106049936
BUREAU_ACTIVE_COUNT,HAS_BUREAU_BALANCE_HISTORY,0.12172957081828029
FLAG_EMAIL,HAS_BUREAU_BALANCE_HISTORY,0.12164075025465494
DAYS_EMPLOYED,FLAG_DOCUMENT_8,0.1215148821293877
FLAG_WORK_PHONE,REG_CITY_NOT_WORK_CITY,0.12144973128995706
BUREAU_CREDIT_COUNT,BUREAU_MAX_OVERDUE_RATIO,0.1214150462797148
DAYS_ID_PUBLISH,BUREAU_CREDIT_GROUP,0.12107858603389539
LIVE_CITY_NOT_WORK_CITY,WALLSMATERIAL_MODE_Panel,0.1209510344077004
EXT_SOURCE_2,WALLSMATERIAL_MODE_Missing,0.12085577344777466
EXT_SOURCE_3,BUREAU_DEBT_INCOME_RATIO,0.12064849580561386
NAME_EDUCATION_TYPE,EMERGENCYSTATE_MODE_No,0.12062465577595709
DAYS_LAST_PHONE_CHANGE,PREVIOUS_AVG_APPLICATION,0.12012460205702283
FLAG_OWN_REALTY,DAYS_BIRTH,0.11996628631231532
FLAG_OWN_REALTY,AGE_YEARS,0.11996628631231245
BUREAU_AVG_MONTHS_REPORTED,BUREAU_TOTAL_SEVERE_OVERDUE_MONTHS,0.1198189503554475
FLAG_OWN_CAR,AMT_GOODS_PRICE,0.11972484787093111
AMT_ANNUITY,REGION_POPULATION_RELATIVE,0.11948919495868805
PREVIOUS_APPROVED_COUNT,PREVIOUS_APPROVAL_RATE,0.11829831182955622
FLAG_DOCUMENT_3,CREDIT_INCOME_RATIO,0.11770686408063043
BUREAU_AVG_MONTHS_REPORTED,BUREAU_AVG_SEVERE_OVERDUE_RATIO,0.11768090990964915
ORGANIZATION_TYPE,FLAG_DOCUMENT_3,0.1176562213541275
REG_CITY_NOT_WORK_CITY,"WALLSMATERIAL_MODE_Stone, brick",0.11714119336734133
AMT_REQ_CREDIT_BUREAU_MON,BUREAU_ACTIVE_COUNT,0.11688740041105695
PREVIOUS_APPROVED_COUNT,PREVIOUS_UNUSED_COUNT,0.11636835597375723
EXT_SOURCE_3,PREVIOUS_APP_COUNT,0.11623666223221148
BUREAU_CREDIT_GROUP,PREVIOUS_UNUSED_COUNT,0.11616477826058914
DAYS_LAST_PHONE_CHANGE,AMT_REQ_CREDIT_BUREAU_YEAR,0.11602027188691671
REGION_POPULATION_RELATIVE,NAME_INCOME_TYPE_Working,0.11584505639070596
FLAG_OWN_CAR,AMT_CREDIT,0.11559086138929367
NAME_EDUCATION_TYPE,BUREAU_TOTAL_DEBT,0.11515466485884825
OCCUPATION_TYPE,LIVE_CITY_NOT_WORK_CITY,0.11506847330479768
EXT_SOURCE_3,BUREAU_TOTAL_DEBT,0.11477348127750184
OCCUPATION_TYPE,NAME_INCOME_TYPE_State servant,0.11452851576307042
NAME_EDUCATION_TYPE,WALLSMATERIAL_MODE_Missing,0.11375496549249949
FLAG_OWN_REALTY,FLAG_WORK_PHONE,0.11363010853391876
DAYS_BIRTH,FLAG_DOCUMENT_8,0.11340435748134246
FLAG_DOCUMENT_8,AGE_YEARS,0.11340435748134126
AMT_GOODS_PRICE,REGION_RATING_CLIENT_W_CITY,0.11244585954550733
AMT_REQ_CREDIT_BUREAU_YEAR,HAS_BUREAU_BALANCE_HISTORY,0.11229858684756695
DAYS_ID_PUBLISH,BUREAU_CREDIT_COUNT,0.11202965998268469
AMT_CREDIT,REGION_RATING_CLIENT_W_CITY,0.11134568384600001
AMT_ANNUITY,FLOORSMAX_MEDI,0.11121142679105707
BUREAU_ACTIVE_COUNT,BUREAU_MAX_OVERDUE_RATIO,0.11117671857022143
REGION_RATING_CLIENT_W_CITY,WALLSMATERIAL_MODE_Panel,0.11112017336408613
DAYS_ID_PUBLISH,EXT_SOURCE_3,0.11081001828736393
FLAG_WORK_PHONE,LIVE_CITY_NOT_WORK_CITY,0.11057782642708737
EXT_SOURCE_3,OVERDUE_SEVERITY,0.11033087063389865
EXT_SOURCE_3,BUREAU_AVG_OVERDUE_RATIO,0.10940822944896804
REGION_POPULATION_RELATIVE,WALLSMATERIAL_MODE_Missing,0.10938047615120547
BUREAU_CREDIT_COUNT,BUREAU_TOTAL_OVERDUE_MONTHS,0.10935089755255134
AMT_REQ_CREDIT_BUREAU_YEAR,LATE_PAYMENT_COUNT,0.10897795008280227
DAYS_BIRTH,FLAG_DOCUMENT_3,0.10880467816314934
FLAG_DOCUMENT_3,AGE_YEARS,0.10880467816314478
REG_REGION_NOT_WORK_REGION,NAME_INCOME_TYPE_Pensioner,0.10856330409527283
FLAG_EMP_PHONE,REG_REGION_NOT_WORK_REGION,0.10854519938256323
NAME_EDUCATION_TYPE,NAME_INCOME_TYPE_State servant,0.10853412439370622
BUREAU_CREDIT_GROUP,PREVIOUS_REFUSAL_RATE,0.10809930692754
BUREAU_MAX_OVERDUE_RATIO,LATE_PAYMENT_COUNT,0.10803613003563076
BUREAU_CREDIT_GROUP,BUREAU_TOTAL_OVERDUE_MONTHS,0.10775702439520969
DAYS_EMPLOYED,REG_REGION_NOT_WORK_REGION,0.10735387452148548
CNT_CHILDREN,ORGANIZATION_TYPE,0.1064330957241607
CODE_GENDER,NAME_INCOME_TYPE_Working,0.10637504223173158
DAYS_REGISTRATION,NAME_INCOME_TYPE_Working,0.10623397186581039
REG_CITY_NOT_WORK_CITY,TOTALAREA_MODE,0.10616353692110052
BUREAU_BALANCE_CREDIT_COUNT,PREVIOUS_REFUSED_COUNT,0.10604266993710297
CNT_FAM_MEMBERS,ORGANIZATION_TYPE,0.1057642210617942
FLAG_OWN_CAR,FLAG_DOCUMENT_6,0.1056589727589598
AMT_REQ_CREDIT_BUREAU_QRT,PREVIOUS_APPROVAL_RATE,0.10528106564419147
FLAG_EMAIL,BUREAU_BALANCE_CREDIT_COUNT,0.10522900292454511
AMT_REQ_CREDIT_BUREAU_MON,HAS_BUREAU_HISTORY,0.10520369659792478
AMT_GOODS_PRICE,REGION_POPULATION_RELATIVE,0.10516089178350793
FLAG_DOCUMENT_3,HAS_BUREAU_BALANCE_HISTORY,0.10492451785497686
FLAG_WORK_PHONE,ORGANIZATION_TYPE,0.1048687313621963
NAME_EDUCATION_TYPE,TOTALAREA_MODE,0.10442016410125307
REGION_POPULATION_RELATIVE,EMERGENCYSTATE_MODE_No,0.10436158890234709
FLAG_OWN_CAR,OCCUPATION_TYPE,0.10434991636045227
CODE_GENDER,LIVE_REGION_NOT_WORK_REGION,0.10430786273763863
BUREAU_ACTIVE_COUNT,BUREAU_OVERDUE_COUNT,0.10383808871584305
REG_REGION_NOT_LIVE_REGION,FLAG_DOCUMENT_11,0.10378818435981123
AMT_GOODS_PRICE,REGION_RATING_CLIENT,0.1037388109414074
FLOORSMAX_MEDI,EMERGENCYSTATE_MODE_Yes,0.10344911231874819
FLAG_EMP_PHONE,EXT_SOURCE_3,0.10339808357928626
EXT_SOURCE_3,NAME_INCOME_TYPE_Pensioner,0.10333143266239399
CODE_GENDER,REG_REGION_NOT_WORK_REGION,0.1029622361301884
EXT_SOURCE_3,BUREAU_OVERDUE_RATIO,0.10275923369818367
LIVE_CITY_NOT_WORK_CITY,FLOORSMAX_MEDI,0.10262909781608043
FLAG_DOCUMENT_16,PREVIOUS_APPROVAL_RATE,0.10262483582308314
FLAG_OWN_REALTY,HOUR_APPR_PROCESS_START,0.1025522959641029
BUREAU_AVG_OVERDUE_RATIO,LATE_PAYMENT_RATE,0.10247682355236752
DAYS_REGISTRATION,DAYS_ID_PUBLISH,0.10242088089317683
AMT_REQ_CREDIT_BUREAU_QRT,PREVIOUS_APPROVED_COUNT,0.10239093971875499
PREVIOUS_APPROVED_COUNT,LATE_PAYMENT_RATE,0.10227270677385926
AMT_ANNUITY,FLAG_DOCUMENT_3,0.1022279140433098
AMT_ANNUITY,DAYS_EMPLOYED,0.10208665894086673
HOUR_APPR_PROCESS_START,FLOORSMAX_MEDI,0.10204851373893797
FLAG_EMAIL,BUREAU_AVG_MONTHS_REPORTED,0.10199285702603557
AMT_CREDIT,REGION_RATING_CLIENT,0.101984328063631
REGION_RATING_CLIENT,NAME_INCOME_TYPE_Working,0.10184288928340221
DAYS_EMPLOYED,EXT_SOURCE_3,0.10180279439216956
AMT_CREDIT,REGION_POPULATION_RELATIVE,0.10160070560971196
AMT_REQ_CREDIT_BUREAU_YEAR,BUREAU_CREDIT_COUNT,0.10156995335036517
NAME_EDUCATION_TYPE,OCCUPATION_TYPE,0.10155332091134982
AMT_ANNUITY,NAME_INCOME_TYPE_Pensioner,0.10149419712620605
AMT_ANNUITY,FLAG_EMP_PHONE,0.1012598688843284
CODE_GENDER,FLAG_DOCUMENT_6,0.10113643867210367
FLAG_OWN_CAR,CNT_CHILDREN,0.10106959189164384
AMT_ANNUITY,BUREAU_BALANCE_CREDIT_COUNT,0.10085204548662252
BUREAU_BALANCE_CREDIT_COUNT,PREVIOUS_APPROVED_COUNT,0.10071848160579751
NAME_EDUCATION_TYPE,DAYS_REGISTRATION,0.10032201581837596
AMT_REQ_CREDIT_BUREAU_QRT,BUREAU_CREDIT_GROUP,0.09998076606699735
DAYS_REGISTRATION,REG_CITY_NOT_WORK_CITY,0.09986437892801338
BUREAU_MAX_OVERDUE_RATIO,LATE_PAYMENT_RATE,0.09967899505694056
AMT_INCOME_TOTAL,CREDIT_INCOME_RATIO,0.09945466676893615
DAYS_LAST_PHONE_CHANGE,PREVIOUS_APPROVAL_RATE,0.09917203726354652
NAME_CONTRACT_TYPE,FLAG_CONT_MOBILE,0.09910553977641319
BUREAU_ACTIVE_COUNT,HAS_BUREAU_OVERDUE,0.09901558781532681
PREVIOUS_CANCELED_COUNT,PREVIOUS_AVG_CREDIT,0.09886160027692588
NAME_CONTRACT_TYPE,FLAG_DOCUMENT_6,0.09859282444482792
DAYS_ID_PUBLISH,REG_CITY_NOT_WORK_CITY,0.0982778525975412
FLAG_OWN_CAR,BUREAU_TOTAL_DEBT,0.09815404964672567
FLAG_DOCUMENT_3,FLAG_DOCUMENT_9,0.09737359795668558
LIVE_REGION_NOT_WORK_REGION,NAME_INCOME_TYPE_Pensioner,0.09689137024028616
FLAG_EMP_PHONE,LIVE_REGION_NOT_WORK_REGION,0.09686481160588514
FLAG_DOCUMENT_18,PREVIOUS_APPROVAL_RATE,0.0967918789534959
AMT_REQ_CREDIT_BUREAU_YEAR,BUREAU_ACTIVE_COUNT,0.09652681373228386
AMT_CREDIT,FLAG_DOCUMENT_3,0.0963229411468732
AMT_GOODS_PRICE,BUREAU_TOTAL_DEBT,0.09627481191254875
DAYS_REGISTRATION,EXT_SOURCE_3,0.09614629161095191
FLAG_OWN_CAR,NAME_EDUCATION_TYPE,0.09597286428221748
DAYS_EMPLOYED,LIVE_REGION_NOT_WORK_REGION,0.09596801955180663
REG_REGION_NOT_WORK_REGION,AGE_YEARS,0.09596242760081666
DAYS_BIRTH,REG_REGION_NOT_WORK_REGION,0.09596242760081554
REG_CITY_NOT_LIVE_CITY,WALLSMATERIAL_MODE_Panel,0.09553806561756364
PREVIOUS_APPROVED_COUNT,PREVIOUS_REFUSAL_RATE,0.0950461389764382
BUREAU_TOTAL_DEBT,PREVIOUS_AVG_CREDIT,0.09497591487432959
AMT_GOODS_PRICE,FLOORSMAX_MEDI,0.09483965117839911
DEBT_INCOME_GROUP,PREVIOUS_REFUSED_COUNT,0.09480888553399022
EXT_SOURCE_2,EXT_SOURCE_3,0.09478352172267474
DAYS_LAST_PHONE_CHANGE,LATE_PAYMENT_COUNT,0.09446099791064208
AMT_CREDIT,BUREAU_TOTAL_DEBT,0.09420339249454289
EXT_SOURCE_3,UNDERPAYMENT_RATE,0.09379983570796223
DEBT_INCOME_GROUP,PREVIOUS_REFUSAL_RATE,0.09373483854549315
AMT_REQ_CREDIT_BUREAU_YEAR,BUREAU_ACTIVE_RATIO,0.09353830204859183
BUREAU_TOTAL_DEBT,PREVIOUS_AVG_APPLICATION,0.09350412796459764
REGION_RATING_CLIENT_W_CITY,NAME_INCOME_TYPE_Working,0.09343103093156031
FLAG_DOCUMENT_3,FLAG_DOCUMENT_11,0.0933914549959961
NAME_EDUCATION_TYPE,HOUR_APPR_PROCESS_START,0.0930599749836948
AMT_INCOME_TOTAL,BUREAU_TOTAL_DEBT,0.09303700492266194
DAYS_BIRTH,EXT_SOURCE_2,0.09291980971496788
EXT_SOURCE_2,AGE_YEARS,0.09291980971496644
FLAG_OWN_REALTY,FLAG_DOCUMENT_16,0.09291906958836703
DAYS_ID_PUBLISH,ORGANIZATION_TYPE,0.09269615675484354
EXT_SOURCE_3,BUREAU_TOTAL_OVERDUE_MONTHS,0.09266144782875423
REGION_POPULATION_RELATIVE,WALLSMATERIAL_MODE_Panel,0.09259379268624625
FLAG_DOCUMENT_6,FLAG_DOCUMENT_8,0.09229983769576901
REG_CITY_NOT_LIVE_CITY,NAME_INCOME_TYPE_Pensioner,0.09194088470655556
EXT_SOURCE_2,TOTALAREA_MODE,0.0918820088420652
FLAG_EMP_PHONE,REG_CITY_NOT_LIVE_CITY,0.09186761789135928
PREVIOUS_CANCELED_COUNT,PREVIOUS_AVG_APPLICATION,0.09119991001338726
DAYS_BIRTH,HOUR_APPR_PROCESS_START,0.09118526155654001
HOUR_APPR_PROCESS_START,AGE_YEARS,0.09118526155653738
HOUR_APPR_PROCESS_START,NAME_INCOME_TYPE_Pensioner,0.0906154647582925
AMT_REQ_CREDIT_BUREAU_YEAR,BUREAU_BALANCE_CREDIT_COUNT,0.09060696269004953
FLAG_EMP_PHONE,HOUR_APPR_PROCESS_START,0.09053202814139487
EMERGENCYSTATE_MODE_No,EMERGENCYSTATE_MODE_Yes,0.09051185035834164
DAYS_EMPLOYED,HOUR_APPR_PROCESS_START,0.09033524470644422
DAYS_EMPLOYED,REG_CITY_NOT_LIVE_CITY,0.0902146203067808
REGION_POPULATION_RELATIVE,FLAG_PHONE,0.09013012281885532
AMT_INCOME_TOTAL,NAME_EDUCATION_TYPE,0.0901194160574451
HAS_BUREAU_HISTORY,BUREAU_MAX_OVERDUE_RATIO,0.09009984608353377
AMT_CREDIT,FLOORSMAX_MEDI,0.0896630781815971
FLAG_OWN_CAR,LIVE_CITY_NOT_WORK_CITY,0.08923589423975109
DAYS_LAST_PHONE_CHANGE,BUREAU_ACTIVE_COUNT,0.08904546089498612
OCCUPATION_TYPE,FLAG_DOCUMENT_8,0.0889751651584934
LIVE_CITY_NOT_WORK_CITY,"WALLSMATERIAL_MODE_Stone, brick",0.08895189434792457
REG_REGION_NOT_LIVE_REGION,LIVE_REGION_NOT_WORK_REGION,0.08845028333090674
FLAG_OWN_CAR,DAYS_REGISTRATION,0.08844388079765045
DAYS_BIRTH,FLAG_EMAIL,0.08821040270118795
FLAG_EMAIL,AGE_YEARS,0.08821040270118653
DAYS_ID_PUBLISH,DAYS_LAST_PHONE_CHANGE,0.08808935350807341
PREVIOUS_REFUSAL_RATE,UNDERPAYMENT_RATE,0.08802851962613263
REG_CITY_NOT_WORK_CITY,ORGANIZATION_TYPE,0.08793558870427073
BUREAU_BALANCE_CREDIT_COUNT,PREVIOUS_CANCELED_COUNT,0.08782690416332156
REGION_POPULATION_RELATIVE,FLAG_DOCUMENT_8,0.08768389365718769
BUREAU_TOTAL_OVERDUE_MONTHS,UNDERPAYMENT_RATE,0.08736957882026321
DAYS_LAST_PHONE_CHANGE,DEBT_INCOME_GROUP,0.08726353053725118
WALLSMATERIAL_MODE_Missing,WALLSMATERIAL_MODE_Mixed,0.08721565017156907
REGION_RATING_CLIENT_W_CITY,FLAG_DOCUMENT_8,0.08713737568928395
BUREAU_AVG_OVERDUE_RATIO,LATE_PAYMENT_COUNT,0.08695687401853275
CODE_GENDER,FLAG_DOCUMENT_3,0.0866690209221543
NAME_CONTRACT_TYPE,DAYS_BIRTH,0.08660905317851515
NAME_CONTRACT_TYPE,AGE_YEARS,0.08660905317851396
FLAG_DOCUMENT_3,BUREAU_BALANCE_CREDIT_COUNT,0.08646686679828015
AMT_INCOME_TOTAL,PREVIOUS_AVG_APPLICATION,0.08631232862316114
FLAG_OWN_REALTY,FLAG_DOCUMENT_18,0.08609855269787606
YEARS_BEGINEXPLUATATION_MEDI,TOTALAREA_MODE,0.08581646199362505
PREVIOUS_APPROVAL_RATE,AVG_PAYMENT_DELAY,0.08545323886519333
BUREAU_CREDIT_COUNT,PREVIOUS_AVG_CREDIT,0.08539805352820923
AMT_INCOME_TOTAL,PREVIOUS_AVG_CREDIT,0.08525217019957154
PREVIOUS_APP_COUNT,LATE_PAYMENT_RATE,0.08522437282852406
EXT_SOURCE_3,CREDIT_INCOME_RATIO,0.085221888033391
CREDIT_INCOME_RATIO,PREVIOUS_REFUSAL_RATE,0.0851084610531591
NAME_CONTRACT_TYPE,FLAG_DOCUMENT_8,0.0850239111619303
PREVIOUS_APPROVED_COUNT,UNDERPAYMENT_RATE,0.08487829795741639
BUREAU_ACTIVE_COUNT,PREVIOUS_APPROVED_COUNT,0.0847360485475608
DAYS_REGISTRATION,BUREAU_TOTAL_DEBT,0.08456495819972398
NAME_EDUCATION_TYPE,FLAG_EMAIL,0.08452258506318222
AGE_YEARS,PREVIOUS_CANCELED_COUNT,0.08443692786439819
DAYS_BIRTH,PREVIOUS_CANCELED_COUNT,0.08443692786439763
FLAG_WORK_PHONE,PREVIOUS_CANCELED_COUNT,0.08439211929798567
LIVE_CITY_NOT_WORK_CITY,ORGANIZATION_TYPE,0.08430585157566739
REGION_POPULATION_RELATIVE,FLAG_DOCUMENT_3,0.08397562233857235
REGION_RATING_CLIENT,FLAG_DOCUMENT_8,0.08379272904750962
AMT_INCOME_TOTAL,REGION_RATING_CLIENT_W_CITY,0.08359517471758997
AMT_CREDIT,FLAG_DOCUMENT_8,0.0831318879470706
LIVE_CITY_NOT_WORK_CITY,TOTALAREA_MODE,0.08302949491311185
NAME_EDUCATION_TYPE,FLAG_DOCUMENT_8,0.08297138598794748
DAYS_EMPLOYED,BUREAU_TOTAL_DEBT,0.0828727033303394
FLAG_PHONE,REGION_RATING_CLIENT,0.08276502688111824
BUREAU_TOTAL_OVERDUE_MONTHS,LATE_PAYMENT_COUNT,0.08267006781973484
FLAG_DOCUMENT_18,FLAG_DOCUMENT_20,0.08262821297326235
DAYS_LAST_PHONE_CHANGE,AGE_YEARS,0.08239044910112292
DAYS_BIRTH,DAYS_LAST_PHONE_CHANGE,0.08239044910112274
FLAG_EMP_PHONE,BUREAU_TOTAL_DEBT,0.08229184449020542
BUREAU_TOTAL_DEBT,NAME_INCOME_TYPE_Pensioner,0.08227455326792131
BUREAU_AVG_SEVERE_OVERDUE_RATIO,HAS_BUREAU_BALANCE_HISTORY,0.08221448766016767
FLAG_OWN_CAR,DEBT_INCOME_GROUP,0.08217513113535856
ORGANIZATION_TYPE,DEBT_INCOME_GROUP,0.08210443750645018
PREVIOUS_CANCELED_COUNT,LATE_PAYMENT_RATE,0.08170671661446939
AMT_ANNUITY,TOTALAREA_MODE,0.08170267430913612
EXT_SOURCE_3,PREVIOUS_CANCELED_COUNT,0.08157480374879801
AMT_ANNUITY,BUREAU_TOTAL_DEBT,0.08134342133959643
YEARS_BEGINEXPLUATATION_MEDI,FLOORSMAX_MEDI,0.08126680378179589
BUREAU_TOTAL_SEVERE_OVERDUE_MONTHS,HAS_BUREAU_BALANCE_HISTORY,0.08118117559864665
EXT_SOURCE_2,PREVIOUS_AVG_APPLICATION,0.08113448283339109
AMT_GOODS_PRICE,FLAG_DOCUMENT_8,0.08113277689268349
REGION_POPULATION_RELATIVE,LIVE_REGION_NOT_WORK_REGION,0.08100602543418889
NAME_EDUCATION_TYPE,FLAG_DOCUMENT_6,0.08076172848613863
CODE_GENDER,CNT_FAM_MEMBERS,0.08072327786166626
EXT_SOURCE_3,LATE_PAYMENT_RATE,0.0803695658743346
AMT_REQ_CREDIT_BUREAU_YEAR,LATE_PAYMENT_RATE,0.08033550681996682
BUREAU_BALANCE_CREDIT_COUNT,BUREAU_TOTAL_SEVERE_OVERDUE_MONTHS,0.08031512957205628
DAYS_BIRTH,PREVIOUS_UNUSED_COUNT,0.08031492043771873
AGE_YEARS,PREVIOUS_UNUSED_COUNT,0.08031492043771764
AMT_ANNUITY,REG_REGION_NOT_WORK_REGION,0.08006936915991598
DAYS_REGISTRATION,REGION_RATING_CLIENT,0.08005750790018497
BUREAU_BALANCE_CREDIT_COUNT,PREVIOUS_REFUSAL_RATE,0.07992220886862547
FLAG_EMP_PHONE,CREDIT_INCOME_RATIO,0.07986040872403843
DAYS_ID_PUBLISH,HAS_BUREAU_HISTORY,0.0798498931137324
DAYS_LAST_PHONE_CHANGE,BUREAU_AVG_MONTHS_REPORTED,0.07983096325422938
FLAG_DOCUMENT_3,BUREAU_AVG_MONTHS_REPORTED,0.0797713553514841
AGE_YEARS,BUREAU_ACTIVE_RATIO,0.0796675101902263
DAYS_BIRTH,BUREAU_ACTIVE_RATIO,0.0796675101902233
FLAG_DOCUMENT_11,PREVIOUS_APPROVAL_RATE,0.07960063782010093
CREDIT_INCOME_RATIO,PREVIOUS_APP_COUNT,0.07954495312764381
DAYS_LAST_PHONE_CHANGE,BUREAU_BALANCE_CREDIT_COUNT,0.0795369038832041
DAYS_REGISTRATION,BUREAU_DEBT_INCOME_RATIO,0.07944507212276262
DEBT_INCOME_GROUP,BUREAU_MAX_OVERDUE_RATIO,0.07934184527221214
FLAG_OWN_CAR,FLAG_DOCUMENT_13,0.07927582492914978
CREDIT_INCOME_RATIO,NAME_INCOME_TYPE_Pensioner,0.07924990272872737
FLAG_DOCUMENT_3,PREVIOUS_APPROVED_COUNT,0.07909268714667154
DAYS_EMPLOYED,CREDIT_INCOME_RATIO,0.07892303578531142
CREDIT_INCOME_RATIO,PREVIOUS_REFUSED_COUNT,0.07864945442356985
PREVIOUS_REFUSAL_RATE,LATE_PAYMENT_COUNT,0.07864236114994548
BUREAU_ACTIVE_COUNT,PREVIOUS_UNUSED_COUNT,0.07848360937083991
FLAG_PHONE,REGION_RATING_CLIENT_W_CITY,0.07846504383160276
AMT_REQ_CREDIT_BUREAU_MON,DEBT_INCOME_GROUP,0.07843953561604794
FLAG_DOCUMENT_8,FLAG_DOCUMENT_13,0.07842704971730301
BUREAU_ACTIVE_COUNT,OVERDUE_SEVERITY,0.07841443254100976
WALLSMATERIAL_MODE_Wooden,EMERGENCYSTATE_MODE_No,0.07818878790055515
EXT_SOURCE_2,PREVIOUS_AVG_CREDIT,0.07811423646056269
WALLSMATERIAL_MODE_Missing,WALLSMATERIAL_MODE_Monolithic,0.07810848614375374
BUREAU_CREDIT_COUNT,PREVIOUS_AVG_APPLICATION,0.07800911306289444
CODE_GENDER,AMT_ANNUITY,0.07790999535870674
AMT_INCOME_TOTAL,REGION_RATING_CLIENT,0.07790577134828755
TOTALAREA_MODE,EMERGENCYSTATE_MODE_Yes,0.07787455561157734
FLAG_DOCUMENT_16,FLAG_DOCUMENT_20,0.07774804435445512
CNT_FAM_MEMBERS,LIVE_CITY_NOT_WORK_CITY,0.07774083385307838
HOUR_APPR_PROCESS_START,EMERGENCYSTATE_MODE_No,0.077693537727243
AMT_ANNUITY,OCCUPATION_TYPE,0.07741173332035017
PREVIOUS_AVG_CREDIT,LATE_PAYMENT_COUNT,0.07738433894322132
FLAG_OWN_CAR,REG_CITY_NOT_WORK_CITY,0.07736727133826785
CODE_GENDER,DAYS_REGISTRATION,0.0773147802923887
REG_CITY_NOT_LIVE_CITY,FLOORSMAX_MEDI,0.07693081239749774
REG_CITY_NOT_WORK_CITY,EXT_SOURCE_2,0.07661437403338904
BUREAU_CREDIT_GROUP,PREVIOUS_AVG_CREDIT,0.0765788204544811
BUREAU_CREDIT_COUNT,PREVIOUS_CANCELED_COUNT,0.07633012213273206
AMT_GOODS_PRICE,DAYS_LAST_PHONE_CHANGE,0.07632685960978501
AMT_ANNUITY,CNT_FAM_MEMBERS,0.07626950954562975
NAME_EDUCATION_TYPE,WALLSMATERIAL_MODE_Panel,0.07620243065530413
NAME_CONTRACT_TYPE,PREVIOUS_APPROVED_COUNT,0.0761523345859594
FLAG_OWN_CAR,AMT_INCOME_TOTAL,0.07602262039116599
BUREAU_ACTIVE_COUNT,BUREAU_TOTAL_OVERDUE_MONTHS,0.07593797616915339
AGE_YEARS,PREVIOUS_APPROVED_COUNT,0.07590061749699133
DAYS_BIRTH,PREVIOUS_APPROVED_COUNT,0.07590061749698908
BUREAU_ACTIVE_COUNT,PREVIOUS_AVG_CREDIT,0.07576992533071426
DAYS_ID_PUBLISH,REG_CITY_NOT_LIVE_CITY,0.0757110807511294
AMT_ANNUITY,LIVE_REGION_NOT_WORK_REGION,0.07563716347070722
WALLSMATERIAL_MODE_Mixed,EMERGENCYSTATE_MODE_No,0.0756342390479635
DAYS_REGISTRATION,ORGANIZATION_TYPE,0.07561902163664265
BUREAU_ACTIVE_COUNT,PREVIOUS_APPROVAL_RATE,0.07546649813939003
CNT_FAM_MEMBERS,BUREAU_DEBT_INCOME_RATIO,0.07546485127472889
PREVIOUS_AVG_APPLICATION,NAME_INCOME_TYPE_Working,0.07542988944255957
EXT_SOURCE_3,PREVIOUS_UNUSED_COUNT,0.0754276295026873
AMT_REQ_CREDIT_BUREAU_YEAR,CREDIT_INCOME_RATIO,0.07530755915096128
HOUR_APPR_PROCESS_START,REG_REGION_NOT_WORK_REGION,0.07523573237869909
AMT_GOODS_PRICE,FLAG_DOCUMENT_3,0.07500037609347088
FLAG_PHONE,FLAG_DOCUMENT_5,0.07497816287944922
DAYS_REGISTRATION,FLAG_PHONE,0.07486177092054194
EXT_SOURCE_2,WALLSMATERIAL_MODE_Panel,0.07484392751879079
NAME_CONTRACT_TYPE,PREVIOUS_APP_COUNT,0.07460878769869833
EXT_SOURCE_3,AMT_REQ_CREDIT_BUREAU_YEAR,0.0743842806977701
WALLSMATERIAL_MODE_Missing,WALLSMATERIAL_MODE_Others,0.07429277165695812
REG_CITY_NOT_LIVE_CITY,"WALLSMATERIAL_MODE_Stone, brick",0.0741772627587785
DAYS_REGISTRATION,REGION_RATING_CLIENT_W_CITY,0.07405689601671887
FLAG_CONT_MOBILE,FLAG_DOCUMENT_14,0.07379773484525866
FLAG_EMAIL,PREVIOUS_APP_COUNT,0.07375684918740688
WALLSMATERIAL_MODE_Monolithic,EMERGENCYSTATE_MODE_No,0.07374505989104752
HAS_BUREAU_BALANCE_HISTORY,PREVIOUS_APP_COUNT,0.07367266251697706
NAME_EDUCATION_TYPE,REGION_RATING_CLIENT_W_CITY,0.07366198214985883
REGION_RATING_CLIENT,WALLSMATERIAL_MODE_Panel,0.07364285301665562
AMT_CREDIT,DAYS_LAST_PHONE_CHANGE,0.07353271121005085
NAME_EDUCATION_TYPE,PREVIOUS_APPROVED_COUNT,0.07302631608398745
AMT_ANNUITY,FLAG_EMAIL,0.07290176356213479
DAYS_REGISTRATION,LIVE_CITY_NOT_WORK_CITY,0.07287557972375147
HOUR_APPR_PROCESS_START,WALLSMATERIAL_MODE_Missing,0.07283770876259843
NAME_EDUCATION_TYPE,REGION_POPULATION_RELATIVE,0.07276851935739029
AMT_REQ_CREDIT_BUREAU_YEAR,DEBT_INCOME_GROUP,0.07274054181605308
FLAG_DOCUMENT_6,NAME_INCOME_TYPE_State servant,0.07267228266029306
AMT_ANNUITY,FLAG_DOCUMENT_6,0.07263595631710208
DEBT_INCOME_GROUP,PREVIOUS_AVG_CREDIT,0.0724364467891486
AMT_GOODS_PRICE,BUREAU_CREDIT_GROUP,0.07242907804149366
AMT_REQ_CREDIT_BUREAU_YEAR,BUREAU_AVG_MONTHS_REPORTED,0.07237472129309015
HOUR_APPR_PROCESS_START,TOTALAREA_MODE,0.07233991332363508
FLAG_OWN_REALTY,PREVIOUS_APP_COUNT,0.07233552604310474
AMT_REQ_CREDIT_BUREAU_QRT,HAS_BUREAU_BALANCE_HISTORY,0.07232756889360056
PREVIOUS_AVG_CREDIT,NAME_INCOME_TYPE_Working,0.07224476276480062
FLOORSMAX_MEDI,NAME_INCOME_TYPE_Working,0.0721844688030948
BUREAU_MAX_OVERDUE_RATIO,PREVIOUS_REFUSED_COUNT,0.07191023961277682
REGION_POPULATION_RELATIVE,AMT_REQ_CREDIT_BUREAU_MON,0.07180863080563381
AMT_REQ_CREDIT_BUREAU_QRT,BUREAU_CREDIT_COUNT,0.07152865894227768
DAYS_BIRTH,AMT_REQ_CREDIT_BUREAU_YEAR,0.07133815236104318
AMT_REQ_CREDIT_BUREAU_YEAR,AGE_YEARS,0.07133815236104217
AMT_GOODS_PRICE,TOTALAREA_MODE,0.07109978668087649
PREVIOUS_REFUSED_COUNT,PREVIOUS_UNUSED_COUNT,0.07109735689998535
HAS_BUREAU_HISTORY,BUREAU_AVG_OVERDUE_RATIO,0.07104300034669273
BUREAU_TOTAL_OVERDUE_MONTHS,LATE_PAYMENT_RATE,0.07102159607301625
AMT_REQ_CREDIT_BUREAU_YEAR,AVG_PAYMENT_DELAY,0.07096149804842922
REGION_POPULATION_RELATIVE,PREVIOUS_AVG_APPLICATION,0.07082046351633556
REGION_POPULATION_RELATIVE,PREVIOUS_AVG_CREDIT,0.07078771319576116
CNT_FAM_MEMBERS,REG_CITY_NOT_WORK_CITY,0.07075916521259412
BUREAU_ACTIVE_RATIO,BUREAU_OVERDUE_RATIO,0.07065051977150165
FLAG_OWN_REALTY,NAME_INCOME_TYPE_Pensioner,0.07061618665771321
CNT_CHILDREN,REG_CITY_NOT_WORK_CITY,0.07047237378176292
FLAG_OWN_REALTY,FLAG_EMP_PHONE,0.07044564537248292
NAME_EDUCATION_TYPE,REGION_RATING_CLIENT,0.0703779144483497
FLAG_OWN_CAR,FLAG_DOCUMENT_3,0.07037024872928208
FLAG_EMAIL,PREVIOUS_AVG_CREDIT,0.07032942751163662
DAYS_BIRTH,BUREAU_CREDIT_GROUP,0.07030929174152911
AGE_YEARS,BUREAU_CREDIT_GROUP,0.0703092917415276
AMT_CREDIT,BUREAU_CREDIT_GROUP,0.07021345879241807
FLAG_WORK_PHONE,AMT_REQ_CREDIT_BUREAU_YEAR,0.07014836489752246
FLAG_OWN_REALTY,DAYS_EMPLOYED,0.07013740971623306
AGE_YEARS,BUREAU_CREDIT_COUNT,0.0701341345835784
DAYS_BIRTH,BUREAU_CREDIT_COUNT,0.0701341345835763
HAS_BUREAU_BALANCE_HISTORY,PREVIOUS_CANCELED_COUNT,0.06994185042559882
CNT_CHILDREN,LIVE_CITY_NOT_WORK_CITY,0.06992745346872051
FLAG_DOCUMENT_3,PREVIOUS_APP_COUNT,0.06979965560379782
FLAG_DOCUMENT_7,NAME_INCOME_TYPE_Other,0.06977569164318732
AMT_REQ_CREDIT_BUREAU_WEEK,HAS_BUREAU_BALANCE_HISTORY,0.06977377477588563
LIVE_REGION_NOT_WORK_REGION,AGE_YEARS,0.06974431782901316
DAYS_BIRTH,LIVE_REGION_NOT_WORK_REGION,0.06974431782901219
WALLSMATERIAL_MODE_Panel,WALLSMATERIAL_MODE_Wooden,0.06970504859147285
DAYS_LAST_PHONE_CHANGE,HAS_BUREAU_HISTORY,0.06963910276991296
NAME_EDUCATION_TYPE,NAME_INCOME_TYPE_Working,0.06956889307596814
BUREAU_CREDIT_COUNT,BUREAU_OVERDUE_COUNT,0.06952857673896666
HOUR_APPR_PROCESS_START,FLAG_DOCUMENT_6,0.06936391855549856
BUREAU_CREDIT_GROUP,PREVIOUS_AVG_APPLICATION,0.06930037427666977
CNT_FAM_MEMBERS,DEBT_INCOME_GROUP,0.06929550462025552
FLAG_WORK_PHONE,REG_REGION_NOT_WORK_REGION,0.06928877519143392
AMT_REQ_CREDIT_BUREAU_QRT,BUREAU_AVG_MONTHS_REPORTED,0.06916134042040784
AGE_YEARS,PREVIOUS_APP_COUNT,0.0690508465641831
DAYS_BIRTH,PREVIOUS_APP_COUNT,0.06905084656417994
DAYS_REGISTRATION,EMERGENCYSTATE_MODE_No,0.06892922233996317
"WALLSMATERIAL_MODE_Stone, brick",WALLSMATERIAL_MODE_Wooden,0.06887118635560156
REG_CITY_NOT_WORK_CITY,EXT_SOURCE_3,0.06886684915636786
NAME_CONTRACT_TYPE,BUREAU_MAX_OVERDUE_RATIO,0.06865845745273458
DEBT_INCOME_GROUP,PREVIOUS_APP_COUNT,0.06860862681361897
AMT_ANNUITY,EMERGENCYSTATE_MODE_No,0.06859545951615702
FLOORSMAX_MEDI,FLAG_DOCUMENT_8,0.06851332888171222
HAS_BUREAU_OVERDUE,BUREAU_CREDIT_GROUP,0.0683265463858549
REG_CITY_NOT_LIVE_CITY,EXT_SOURCE_3,0.06827542475760841
BUREAU_MAX_OVERDUE_RATIO,PREVIOUS_REFUSAL_RATE,0.06809424647489759
AMT_INCOME_TOTAL,REGION_POPULATION_RELATIVE,0.06807704057444339
NAME_EDUCATION_TYPE,BUREAU_DEBT_INCOME_RATIO,0.06804173930660637
CODE_GENDER,AMT_INCOME_TOTAL,0.06797002900689628
CREDIT_INCOME_RATIO,PREVIOUS_CANCELED_COUNT,0.06790789401955612
FLAG_PHONE,FLOORSMAX_MEDI,0.0678443116271374
ORGANIZATION_TYPE,BUREAU_ACTIVE_COUNT,0.06784385534955967
BUREAU_OVERDUE_COUNT,BUREAU_CREDIT_GROUP,0.06756305184191702
BUREAU_CREDIT_COUNT,HAS_BUREAU_OVERDUE,0.06756224833986552
FLAG_WORK_PHONE,CNT_FAM_MEMBERS,0.06755451009217016
FLAG_PHONE,EMERGENCYSTATE_MODE_No,0.06730150184831286
FLAG_PHONE,WALLSMATERIAL_MODE_Missing,0.06729122114414822
DAYS_LAST_PHONE_CHANGE,AVG_PAYMENT_DELAY,0.06726735868916738
REG_REGION_NOT_WORK_REGION,FLAG_DOCUMENT_6,0.06710487875410963
DAYS_REGISTRATION,WALLSMATERIAL_MODE_Missing,0.0670576353990787
NAME_EDUCATION_TYPE,BUREAU_ACTIVE_COUNT,0.06685082371432709
FLAG_OWN_CAR,NAME_INCOME_TYPE_Working,0.0667373764652977
AMT_REQ_CREDIT_BUREAU_QRT,PREVIOUS_REFUSED_COUNT,0.06670143271820296
DAYS_REGISTRATION,WALLSMATERIAL_MODE_Panel,0.0666393709674691
EXT_SOURCE_3,BUREAU_AVG_MONTHS_REPORTED,0.06652296825208275
AMT_CREDIT,TOTALAREA_MODE,0.06650372704446159
BUREAU_CREDIT_GROUP,PREVIOUS_CANCELED_COUNT,0.06639956541426227
AMT_GOODS_PRICE,BUREAU_CREDIT_COUNT,0.06637841879403304
FLAG_EMAIL,PREVIOUS_APPROVED_COUNT,0.06633736129915091
EXT_SOURCE_3,FLAG_DOCUMENT_6,0.06631786634720385
EXT_SOURCE_2,NAME_INCOME_TYPE_Working,0.06630336095328475
AMT_INCOME_TOTAL,FLAG_DOCUMENT_8,0.06613136389144943
HOUR_APPR_PROCESS_START,"WALLSMATERIAL_MODE_Stone, brick",0.0660868502158772
REGION_RATING_CLIENT_W_CITY,PREVIOUS_AVG_APPLICATION,0.0660627546397335
CNT_FAM_MEMBERS,FLAG_DOCUMENT_3,0.06586518110600173
REGION_RATING_CLIENT_W_CITY,FLAG_DOCUMENT_3,0.06585615024327406
FLAG_PHONE,DAYS_LAST_PHONE_CHANGE,0.06574900634509398
FLAG_OWN_REALTY,PREVIOUS_APPROVED_COUNT,0.06568809452785916
PREVIOUS_REFUSED_COUNT,UNDERPAYMENT_RATE,0.06558646550947211
NAME_CONTRACT_TYPE,FLAG_OWN_REALTY,0.0655008148726014
NAME_EDUCATION_TYPE,BUREAU_CREDIT_GROUP,0.0654641875171284
EXT_SOURCE_3,DAYS_LAST_PHONE_CHANGE,0.06545573840656714
PREVIOUS_APP_COUNT,UNDERPAYMENT_RATE,0.06528894990688357
NAME_CONTRACT_TYPE,NAME_EDUCATION_TYPE,0.06525932913805346
AMT_CREDIT,DAYS_EMPLOYED,0.06502885383835139
BUREAU_ACTIVE_COUNT,PREVIOUS_AVG_APPLICATION,0.06500913168828289
HAS_BUREAU_HISTORY,PREVIOUS_APP_COUNT,0.06490286694838342
DEBT_INCOME_GROUP,NAME_INCOME_TYPE_State servant,0.06486809151827228
DAYS_BIRTH,REG_REGION_NOT_LIVE_REGION,0.06483209602191835
REG_REGION_NOT_LIVE_REGION,AGE_YEARS,0.06483209602191776
FLAG_CONT_MOBILE,PREVIOUS_APPROVAL_RATE,0.0647278147238762
FLAG_DOCUMENT_14,PREVIOUS_APPROVAL_RATE,0.06470396668805382
EXT_SOURCE_3,HAS_BUREAU_BALANCE_HISTORY,0.06467482811896237
AMT_ANNUITY,WALLSMATERIAL_MODE_Missing,0.06462765484454948
NAME_EDUCATION_TYPE,DEBT_INCOME_GROUP,0.06459339498370911
REGION_RATING_CLIENT_W_CITY,PREVIOUS_AVG_CREDIT,0.06450126374903106
CNT_FAM_MEMBERS,BUREAU_TOTAL_DEBT,0.06441963634908839
AMT_GOODS_PRICE,PREVIOUS_REFUSAL_RATE,0.06437799917959497
FLAG_EMAIL,PREVIOUS_AVG_APPLICATION,0.06434694586068403
ORGANIZATION_TYPE,BUREAU_DEBT_INCOME_RATIO,0.0643281767516157
AMT_CREDIT,CNT_FAM_MEMBERS,0.06424456696979744
NAME_EDUCATION_TYPE,BUREAU_CREDIT_COUNT,0.06422900172163026
DAYS_REGISTRATION,REG_CITY_NOT_LIVE_CITY,0.06407545894492445
FLAG_DOCUMENT_18,PREVIOUS_APPROVED_COUNT,0.0640631923270357
AMT_CREDIT,NAME_INCOME_TYPE_Pensioner,0.0639627943866538
CODE_GENDER,OCCUPATION_TYPE,0.06392617476124351
AMT_CREDIT,FLAG_DOCUMENT_16,0.06388828131103015
DEBT_INCOME_GROUP,PREVIOUS_AVG_APPLICATION,0.06384039531195
EXT_SOURCE_3,LATE_PAYMENT_COUNT,0.06382513406617979
FLAG_WORK_PHONE,REG_REGION_NOT_LIVE_REGION,0.06380169176516073
FLAG_CONT_MOBILE,FLAG_DOCUMENT_13,0.06377797163954081
AMT_CREDIT,FLAG_EMP_PHONE,0.06368908183800791
AMT_ANNUITY,DAYS_LAST_PHONE_CHANGE,0.0636484526144366
NAME_EDUCATION_TYPE,PREVIOUS_AVG_APPLICATION,0.06360547481059511
EXT_SOURCE_2,"WALLSMATERIAL_MODE_Stone, brick",0.06357992996511815
CNT_FAM_MEMBERS,EMERGENCYSTATE_MODE_No,0.06348467079715248
BUREAU_TOTAL_DEBT,HAS_BUREAU_BALANCE_HISTORY,0.06346455321673099
FLAG_OWN_REALTY,PREVIOUS_CANCELED_COUNT,0.06340767387826245
PREVIOUS_APP_COUNT,AVG_PAYMENT_DELAY,0.06334857452099654
REGION_RATING_CLIENT_W_CITY,CREDIT_INCOME_RATIO,0.06332538791494366
AMT_CREDIT,BUREAU_CREDIT_COUNT,0.06327335005451877
AMT_GOODS_PRICE,EMERGENCYSTATE_MODE_No,0.06314900652342441
FLOORSMAX_MEDI,PREVIOUS_AVG_APPLICATION,0.06307642322645513
AMT_GOODS_PRICE,DAYS_EMPLOYED,0.0630115664438461
FLAG_EMAIL,NAME_INCOME_TYPE_Pensioner,0.06301152188714253
AMT_CREDIT,PREVIOUS_REFUSAL_RATE,0.06299737395705149
AGE_YEARS,BUREAU_TOTAL_DEBT,0.06299575117017324
DAYS_BIRTH,BUREAU_TOTAL_DEBT,0.06299575117017217
FLAG_EMP_PHONE,FLAG_EMAIL,0.06291495973643801
REGION_RATING_CLIENT,AMT_REQ_CREDIT_BUREAU_MON,0.06288745313024735
HAS_BUREAU_OVERDUE,DEBT_INCOME_GROUP,0.06281922002093174
DAYS_EMPLOYED,BUREAU_DEBT_INCOME_RATIO,0.06272633156021862
BUREAU_OVERDUE_COUNT,DEBT_INCOME_GROUP,0.06262302594283489
BUREAU_BALANCE_CREDIT_COUNT,PREVIOUS_AVG_CREDIT,0.06253093354585018
DAYS_EMPLOYED,FLAG_EMAIL,0.06248369027304159
FLAG_OWN_REALTY,REG_CITY_NOT_LIVE_CITY,0.06246044156011356
FLAG_OWN_REALTY,REG_CITY_NOT_WORK_CITY,0.06231475882236039
NAME_EDUCATION_TYPE,ORGANIZATION_TYPE,0.062241327872842186
FLAG_EMP_PHONE,BUREAU_DEBT_INCOME_RATIO,0.06214145190549549
AMT_GOODS_PRICE,CNT_FAM_MEMBERS,0.06214057772792136
BUREAU_DEBT_INCOME_RATIO,NAME_INCOME_TYPE_Pensioner,0.06209291151709392
FLAG_DOCUMENT_16,PREVIOUS_APPROVED_COUNT,0.062069587633317845
NAME_CONTRACT_TYPE,DAYS_LAST_PHONE_CHANGE,0.06195488805172231
AMT_GOODS_PRICE,NAME_INCOME_TYPE_Pensioner,0.06192914126720712
AMT_INCOME_TOTAL,FLOORSMAX_MEDI,0.061819802055382615
DAYS_LAST_PHONE_CHANGE,FLAG_DOCUMENT_3,0.06179207877385769
HOUR_APPR_PROCESS_START,LIVE_REGION_NOT_WORK_REGION,0.06172940576805582
HAS_BUREAU_HISTORY,BUREAU_TOTAL_OVERDUE_MONTHS,0.06172755367752984
AMT_GOODS_PRICE,HOUR_APPR_PROCESS_START,0.061700358651402824
REGION_RATING_CLIENT,FLAG_DOCUMENT_3,0.06165420001657751
AMT_GOODS_PRICE,FLAG_EMP_PHONE,0.06163506056178031
FLOORSMAX_MEDI,FLAG_DOCUMENT_3,0.061612495418315066
REGION_RATING_CLIENT,CREDIT_INCOME_RATIO,0.06137474937258438
REGION_RATING_CLIENT_W_CITY,AMT_REQ_CREDIT_BUREAU_MON,0.06133225664337172
OCCUPATION_TYPE,BUREAU_TOTAL_DEBT,0.06128288103488998
CNT_FAM_MEMBERS,WALLSMATERIAL_MODE_Missing,0.0612398907772562
FLAG_PHONE,EXT_SOURCE_2,0.061225858886104614
CREDIT_INCOME_RATIO,BUREAU_TOTAL_DEBT,0.061137982830590146
FLAG_OWN_CAR,BUREAU_DEBT_INCOME_RATIO,0.0610723432974866
DAYS_ID_PUBLISH,BUREAU_AVG_MONTHS_REPORTED,0.06105324936479766
FLAG_DOCUMENT_8,BUREAU_TOTAL_DEBT,0.06093796953917363
AMT_GOODS_PRICE,WALLSMATERIAL_MODE_Missing,0.060894868004025576
HAS_BUREAU_HISTORY,PREVIOUS_APPROVED_COUNT,0.06072559028229038
CREDIT_INCOME_RATIO,PREVIOUS_APPROVAL_RATE,0.060689576708993095
REG_CITY_NOT_LIVE_CITY,TOTALAREA_MODE,0.06066879692738376
AMT_REQ_CREDIT_BUREAU_MON,BUREAU_BALANCE_CREDIT_COUNT,0.06062366751818536
FLAG_WORK_PHONE,FLAG_DOCUMENT_3,0.060591319188131015
DAYS_ID_PUBLISH,LIVE_CITY_NOT_WORK_CITY,0.06053548057554212
FLOORSMAX_MEDI,PREVIOUS_AVG_CREDIT,0.06033184684361449
WALLSMATERIAL_MODE_Others,EMERGENCYSTATE_MODE_No,0.06026624152397558
DAYS_REGISTRATION,EXT_SOURCE_2,0.060149242674488304
LIVE_CITY_NOT_WORK_CITY,EXT_SOURCE_2,0.060068847036737434
AMT_GOODS_PRICE,FLAG_DOCUMENT_16,0.06006109360146212
FLAG_DOCUMENT_6,CREDIT_INCOME_RATIO,0.05996722076532625
NAME_EDUCATION_TYPE,CREDIT_INCOME_RATIO,0.059962481575296794
REG_REGION_NOT_WORK_REGION,CREDIT_INCOME_RATIO,0.0599109420358125
AMT_GOODS_PRICE,NAME_INCOME_TYPE_Working,0.059631697507664776
PREVIOUS_AVG_APPLICATION,LATE_PAYMENT_COUNT,0.05956335320718573
FLAG_OWN_CAR,PREVIOUS_AVG_APPLICATION,0.059526953202172335
LIVE_REGION_NOT_WORK_REGION,FLAG_DOCUMENT_6,0.05948296210286461
BUREAU_DEBT_INCOME_RATIO,HAS_BUREAU_BALANCE_HISTORY,0.05943916150759143
FLAG_PHONE,HOUR_APPR_PROCESS_START,0.05941936422797119
FLAG_OWN_REALTY,AMT_REQ_CREDIT_BUREAU_YEAR,0.05937508548279384
AGE_YEARS,NAME_INCOME_TYPE_State servant,0.05931328644004467
DAYS_BIRTH,NAME_INCOME_TYPE_State servant,0.05931328644004324
OCCUPATION_TYPE,EXT_SOURCE_3,0.059297805204232314
FLAG_WORK_PHONE,EMERGENCYSTATE_MODE_No,0.05928667585728247
REG_REGION_NOT_WORK_REGION,FLAG_DOCUMENT_11,0.059274454144976514
BUREAU_CREDIT_COUNT,PREVIOUS_APPROVAL_RATE,0.05901363880028231
PREVIOUS_UNUSED_COUNT,NAME_INCOME_TYPE_Pensioner,0.058989154192005275
DAYS_ID_PUBLISH,BUREAU_ACTIVE_RATIO,0.05898823467242342
FLAG_EMP_PHONE,PREVIOUS_UNUSED_COUNT,0.05896126574103788
AMT_CREDIT,NAME_INCOME_TYPE_Working,0.058959489063896205
DAYS_EMPLOYED,PREVIOUS_UNUSED_COUNT,0.058809755739829016
AMT_CREDIT,EMERGENCYSTATE_MODE_No,0.05875658251075732
BUREAU_BALANCE_CREDIT_COUNT,PREVIOUS_AVG_APPLICATION,0.05873492858507001
FLAG_PHONE,WALLSMATERIAL_MODE_Panel,0.05864139026917183
TOTALAREA_MODE,"WALLSMATERIAL_MODE_Stone, brick",0.05858790829907522
EXT_SOURCE_3,HAS_BUREAU_HISTORY,0.05854780380682577
BUREAU_ACTIVE_COUNT,PREVIOUS_CANCELED_COUNT,0.05848383261387785
AMT_INCOME_TOTAL,DAYS_EMPLOYED,0.05838832094527483
AMT_REQ_CREDIT_BUREAU_QRT,BUREAU_ACTIVE_RATIO,0.05836356655296036
AGE_YEARS,BUREAU_DEBT_INCOME_RATIO,0.05831167751860627
DAYS_BIRTH,BUREAU_DEBT_INCOME_RATIO,0.05831167751860407
BUREAU_ACTIVE_COUNT,NAME_INCOME_TYPE_State servant,0.058212623796793865
OVERDUE_SEVERITY,BUREAU_CREDIT_GROUP,0.05819334107253784
AMT_INCOME_TOTAL,NAME_INCOME_TYPE_Pensioner,0.058191425471032225
LIVE_REGION_NOT_WORK_REGION,FLAG_DOCUMENT_8,0.05817871974536627
AMT_INCOME_TOTAL,FLAG_EMP_PHONE,0.058162270819322674
DAYS_REGISTRATION,FLAG_DOCUMENT_8,0.05806447976113172
ORGANIZATION_TYPE,BUREAU_CREDIT_GROUP,0.057981411193085565
AMT_REQ_CREDIT_BUREAU_MON,BUREAU_TOTAL_DEBT,0.05794943930210893
OCCUPATION_TYPE,REG_REGION_NOT_WORK_REGION,0.057899741010182235
BUREAU_TOTAL_OVERDUE_MONTHS,PREVIOUS_REFUSED_COUNT,0.05786262165847102
DAYS_REGISTRATION,FLAG_WORK_PHONE,0.057722815982699335
EXT_SOURCE_3,NAME_INCOME_TYPE_Working,0.05768780606740318
REG_REGION_NOT_WORK_REGION,FLAG_DOCUMENT_8,0.05767806121093249
FLAG_WORK_PHONE,EXT_SOURCE_3,0.057637840068688245
REG_CITY_NOT_LIVE_CITY,FLAG_DOCUMENT_6,0.0575794318263783
NAME_EDUCATION_TYPE,PREVIOUS_APP_COUNT,0.057563627605993095
NAME_EDUCATION_TYPE,FLAG_DOCUMENT_3,0.057559558326800424
PREVIOUS_REFUSAL_RATE,AVG_PAYMENT_DELAY,0.05751203073736654
AMT_REQ_CREDIT_BUREAU_WEEK,HAS_BUREAU_HISTORY,0.05745385225983089
AMT_CREDIT,DAYS_BIRTH,0.05742764774066925
AMT_CREDIT,AGE_YEARS,0.057427647740668705
BUREAU_MAX_OVERDUE_RATIO,PREVIOUS_APP_COUNT,0.057391254566647384
FLAG_EMAIL,PREVIOUS_REFUSED_COUNT,0.05738833898784722
FLAG_DOCUMENT_13,PREVIOUS_APPROVAL_RATE,0.05731543919831525
CREDIT_INCOME_RATIO,BUREAU_ACTIVE_COUNT,0.05726952369448938
REG_CITY_NOT_WORK_CITY,FLAG_DOCUMENT_3,0.057257194323715475
CNT_CHILDREN,FLAG_DOCUMENT_3,0.057220349083106435
AMT_GOODS_PRICE,AMT_REQ_CREDIT_BUREAU_MON,0.0570585280022636
FLAG_OWN_CAR,BUREAU_CREDIT_GROUP,0.05701900980225579
FLOORSMAX_MEDI,BUREAU_TOTAL_DEBT,0.056912573895971943
FLAG_PHONE,TOTALAREA_MODE,0.05680963623182759
DAYS_REGISTRATION,DAYS_LAST_PHONE_CHANGE,0.056677744961777805
BUREAU_CREDIT_GROUP,NAME_INCOME_TYPE_State servant,0.05660481591510314
ORGANIZATION_TYPE,BUREAU_CREDIT_COUNT,0.05659435248069879
AMT_INCOME_TOTAL,REG_REGION_NOT_WORK_REGION,0.05656905458268186
REGION_POPULATION_RELATIVE,REG_REGION_NOT_WORK_REGION,0.056507279490546354
REGION_RATING_CLIENT,"WALLSMATERIAL_MODE_Stone, brick",0.056412764194802824
REGION_POPULATION_RELATIVE,WALLSMATERIAL_MODE_Wooden,0.056359651263615876
OBS_60_CNT_SOCIAL_CIRCLE,PREVIOUS_APPROVED_COUNT,0.056323981168807824
BUREAU_CREDIT_COUNT,OVERDUE_SEVERITY,0.05631637953643052
DAYS_REGISTRATION,DEBT_INCOME_GROUP,0.05629206801257626
BUREAU_ACTIVE_RATIO,HAS_BUREAU_OVERDUE,0.0562485944864503
AMT_INCOME_TOTAL,BUREAU_ACTIVE_COUNT,0.05622340067508379
OBS_30_CNT_SOCIAL_CIRCLE,PREVIOUS_APPROVED_COUNT,0.0562163076612427
AMT_CREDIT,WALLSMATERIAL_MODE_Missing,0.05617693427595228
OBS_60_CNT_SOCIAL_CIRCLE,PREVIOUS_APP_COUNT,0.056172516580268735
CNT_FAM_MEMBERS,FLAG_DOCUMENT_8,0.056059275470153457
OBS_30_CNT_SOCIAL_CIRCLE,PREVIOUS_APP_COUNT,0.05604472603044224
CNT_CHILDREN,FLAG_WORK_PHONE,0.05601769573041053
PREVIOUS_APPROVAL_RATE,UNDERPAYMENT_RATE,0.056004353460707
FLAG_OWN_REALTY,FLAG_DOCUMENT_14,0.05588672360520218
CODE_GENDER,BUREAU_CREDIT_GROUP,0.055881612816737286
FLAG_OWN_REALTY,FLAG_DOCUMENT_13,0.055793759164255226
BUREAU_CREDIT_COUNT,NAME_INCOME_TYPE_State servant,0.055776998451978116
REGION_RATING_CLIENT_W_CITY,"WALLSMATERIAL_MODE_Stone, brick",0.05577187856031721
NAME_EDUCATION_TYPE,AMT_REQ_CREDIT_BUREAU_YEAR,0.05571798256803367
DAYS_EMPLOYED,DEBT_INCOME_GROUP,0.055537992001827456
REGION_RATING_CLIENT_W_CITY,WALLSMATERIAL_MODE_Monolithic,0.05550933242175882
AMT_REQ_CREDIT_BUREAU_WEEK,BUREAU_BALANCE_CREDIT_COUNT,0.05546524398341362
AMT_GOODS_PRICE,AGE_YEARS,0.055377604758704894
AMT_GOODS_PRICE,DAYS_BIRTH,0.05537760475870401
CREDIT_INCOME_RATIO,BUREAU_BALANCE_CREDIT_COUNT,0.05536149550526613
AMT_REQ_CREDIT_BUREAU_QRT,BUREAU_BALANCE_CREDIT_COUNT,0.055283958412192316
PREVIOUS_REFUSAL_RATE,LATE_PAYMENT_RATE,0.05522518921058892
FLAG_WORK_PHONE,WALLSMATERIAL_MODE_Missing,0.055219897632258395
FLAG_EMP_PHONE,PREVIOUS_CANCELED_COUNT,0.05517525820383296
PREVIOUS_CANCELED_COUNT,NAME_INCOME_TYPE_Pensioner,0.055164719674111046
DAYS_EMPLOYED,PREVIOUS_CANCELED_COUNT,0.05506556824625409
BUREAU_TOTAL_OVERDUE_MONTHS,PREVIOUS_REFUSAL_RATE,0.05504442520768637
NAME_CONTRACT_TYPE,BUREAU_AVG_OVERDUE_RATIO,0.054970292206086714
AMT_INCOME_TOTAL,EXT_SOURCE_2,0.05493681318692337
HOUR_APPR_PROCESS_START,REG_REGION_NOT_LIVE_REGION,0.05493669366216391
AMT_CREDIT,AMT_REQ_CREDIT_BUREAU_MON,0.05492517767732491
OCCUPATION_TYPE,REG_CITY_NOT_LIVE_CITY,0.0548246668970885
REGION_RATING_CLIENT,PREVIOUS_AVG_APPLICATION,0.05481112684357797
REG_CITY_NOT_LIVE_CITY,FLAG_DOCUMENT_11,0.05472981656633196
BUREAU_BALANCE_CREDIT_COUNT,PREVIOUS_UNUSED_COUNT,0.05469816184158148
DAYS_LAST_PHONE_CHANGE,UNDERPAYMENT_RATE,0.054647540889276765
AMT_ANNUITY,WALLSMATERIAL_MODE_Panel,0.05458771319095504
LIVE_CITY_NOT_WORK_CITY,FLAG_DOCUMENT_3,0.054577793098306425
NAME_EDUCATION_TYPE,PREVIOUS_AVG_CREDIT,0.054527237840452325
CODE_GENDER,BUREAU_CREDIT_COUNT,0.054487146104030375
NAME_CONTRACT_TYPE,FLAG_DOCUMENT_21,0.05444522960358894
DAYS_ID_PUBLISH,PREVIOUS_APPROVED_COUNT,0.05442706002732125
AMT_CREDIT,OCCUPATION_TYPE,0.054385960985208044
FLAG_EMP_PHONE,DEBT_INCOME_GROUP,0.05436170767559894
AMT_REQ_CREDIT_BUREAU_QRT,BUREAU_ACTIVE_COUNT,0.054331569700211954
DEBT_INCOME_GROUP,NAME_INCOME_TYPE_Pensioner,0.05420248076674632
REGION_RATING_CLIENT_W_CITY,BUREAU_CREDIT_COUNT,0.05411759435344056
REG_CITY_NOT_LIVE_CITY,DAYS_LAST_PHONE_CHANGE,0.054115248766964205
DAYS_BIRTH,LATE_PAYMENT_COUNT,0.05398600094646978
AGE_YEARS,LATE_PAYMENT_COUNT,0.05398600094646959
BUREAU_ACTIVE_RATIO,BUREAU_OVERDUE_COUNT,0.05396757571905901
AMT_GOODS_PRICE,LIVE_REGION_NOT_WORK_REGION,0.053961680049698424
NAME_CONTRACT_TYPE,PREVIOUS_AVG_CREDIT,0.053801161684432615
NAME_CONTRACT_TYPE,FLAG_EMP_PHONE,0.05380099883245173
REGION_RATING_CLIENT,WALLSMATERIAL_MODE_Monolithic,0.05379144413323711
FLAG_DOCUMENT_6,BUREAU_TOTAL_DEBT,0.05378963862471217
BUREAU_CREDIT_GROUP,PREVIOUS_APPROVAL_RATE,0.053772952911018225
NAME_CONTRACT_TYPE,NAME_INCOME_TYPE_Pensioner,0.05374174677679006
PREVIOUS_AVG_CREDIT,AVG_PAYMENT_DELAY,0.0536938524574294
AMT_CREDIT,LIVE_REGION_NOT_WORK_REGION,0.05368664471765688
AMT_GOODS_PRICE,OCCUPATION_TYPE,0.053676251015296265
REGION_POPULATION_RELATIVE,DAYS_REGISTRATION,0.053663080945150814
FLAG_OWN_CAR,PREVIOUS_UNUSED_COUNT,0.05351509336717211
AMT_GOODS_PRICE,REG_REGION_NOT_WORK_REGION,0.05348253548312823
REGION_RATING_CLIENT,PREVIOUS_AVG_CREDIT,0.053432544010688046
BUREAU_CREDIT_COUNT,BUREAU_ACTIVE_RATIO,0.05335841389277982
DAYS_LAST_PHONE_CHANGE,PREVIOUS_REFUSED_COUNT,0.0533421813910837
NAME_CONTRACT_TYPE,DAYS_EMPLOYED,0.05334172994558411
FLAG_OWN_CAR,PREVIOUS_AVG_CREDIT,0.05327863849717506
DAYS_LAST_PHONE_CHANGE,BUREAU_TOTAL_DEBT,0.05323766494608846
DAYS_LAST_PHONE_CHANGE,BUREAU_DEBT_INCOME_RATIO,0.05322750284481398
ORGANIZATION_TYPE,BUREAU_TOTAL_DEBT,0.05319415564391344
NAME_EDUCATION_TYPE,"WALLSMATERIAL_MODE_Stone, brick",0.0531825242323811
FLAG_DOCUMENT_11,PREVIOUS_APPROVED_COUNT,0.05316859812609039
AMT_INCOME_TOTAL,LIVE_REGION_NOT_WORK_REGION,0.05289957827075495
BUREAU_CREDIT_COUNT,WALLSMATERIAL_MODE_Missing,0.052788501266309656
DEBT_INCOME_GROUP,BUREAU_AVG_MONTHS_REPORTED,0.052766476853396624
AMT_CREDIT,FLAG_DOCUMENT_13,0.05270092917543497
AMT_REQ_CREDIT_BUREAU_MON,PREVIOUS_AVG_CREDIT,0.05265260474604139
AMT_GOODS_PRICE,FLAG_DOCUMENT_13,0.05262001559722011
TOTALAREA_MODE,FLAG_DOCUMENT_8,0.05255058781805058
EXT_SOURCE_2,AMT_REQ_CREDIT_BUREAU_MON,0.052494155141238945
NAME_CONTRACT_TYPE,DAYS_ID_PUBLISH,0.052461992454089786
BUREAU_OVERDUE_COUNT,BUREAU_MAX_OVERDUE_RATIO,0.05244372956939297
AMT_CREDIT,HOUR_APPR_PROCESS_START,0.05239287504686492
WALLSMATERIAL_MODE_Others,EMERGENCYSTATE_MODE_Yes,0.052390916354713206
PREVIOUS_UNUSED_COUNT,NAME_INCOME_TYPE_Working,0.05222417618217084
AMT_CREDIT,REG_REGION_NOT_WORK_REGION,0.05218146498993458
PREVIOUS_REFUSED_COUNT,AVG_PAYMENT_DELAY,0.052143708996540986
CODE_GENDER,BUREAU_TOTAL_DEBT,0.05213242018563341
FLAG_EMAIL,REGION_RATING_CLIENT,0.05203737615395817
REGION_RATING_CLIENT,BUREAU_CREDIT_COUNT,0.05196901650020247
FLAG_OWN_CAR,EXT_SOURCE_2,0.05194859517685627
BUREAU_CREDIT_COUNT,EMERGENCYSTATE_MODE_No,0.05187055858308294
NAME_EDUCATION_TYPE,PREVIOUS_APPROVAL_RATE,0.05187024224213905
AMT_ANNUITY,HOUR_APPR_PROCESS_START,0.05181112960215893
FLAG_DOCUMENT_8,CREDIT_INCOME_RATIO,0.051717779335633395
REG_CITY_NOT_WORK_CITY,BUREAU_CREDIT_COUNT,0.051674081555669805
EXT_SOURCE_2,BUREAU_TOTAL_DEBT,0.05165778065806908
AMT_REQ_CREDIT_BUREAU_MON,WALLSMATERIAL_MODE_Missing,0.05161097499744467
CNT_CHILDREN,FLAG_DOCUMENT_8,0.05143183556662702
DAYS_ID_PUBLISH,EXT_SOURCE_2,0.05138204268092705
FLAG_EMAIL,CREDIT_INCOME_RATIO,0.05123308705679575
FLAG_EMAIL,REGION_RATING_CLIENT_W_CITY,0.051188147155122266
AMT_REQ_CREDIT_BUREAU_MON,EMERGENCYSTATE_MODE_No,0.05112713233454289
REG_CITY_NOT_WORK_CITY,BUREAU_CREDIT_GROUP,0.051076869942949785
HAS_BUREAU_HISTORY,PREVIOUS_UNUSED_COUNT,0.051016351278408784
BUREAU_CREDIT_GROUP,WALLSMATERIAL_MODE_Missing,0.051013274972779396
FLAG_PHONE,BUREAU_CREDIT_COUNT,0.05093792831112083
FLAG_EMAIL,BUREAU_MAX_OVERDUE_RATIO,0.05093758067398949
LIVE_REGION_NOT_WORK_REGION,CREDIT_INCOME_RATIO,0.05092975086635805
DAYS_REGISTRATION,WALLSMATERIAL_MODE_Monolithic,0.050855726853964105
BUREAU_AVG_MONTHS_REPORTED,PREVIOUS_APP_COUNT,0.05078064822835816
NAME_INCOME_TYPE_Working,EMERGENCYSTATE_MODE_No,0.050751172389487814
REGION_POPULATION_RELATIVE,REG_CITY_NOT_LIVE_CITY,0.050667419928265574
CNT_FAM_MEMBERS,NAME_INCOME_TYPE_State servant,0.050534236493098066
BUREAU_AVG_MONTHS_REPORTED,PREVIOUS_AVG_CREDIT,0.05027612343418981
AMT_CREDIT,NAME_INCOME_TYPE_State servant,0.05024259547652479
DAYS_ID_PUBLISH,FLAG_DOCUMENT_3,0.050231826989557166
BUREAU_CREDIT_GROUP,EMERGENCYSTATE_MODE_No,0.05012973949634713
FLAG_EMAIL,AMT_REQ_CREDIT_BUREAU_YEAR,0.05004618921393783
NAME_CONTRACT_TYPE,AMT_REQ_CREDIT_BUREAU_YEAR,0.05000602136238758
PREVIOUS_AVG_CREDIT,LATE_PAYMENT_RATE,0.049936508629623975
AMT_GOODS_PRICE,LATE_PAYMENT_RATE,0.04986188490501188
EXT_SOURCE_2,FLAG_DOCUMENT_8,0.0497643176964247
FLAG_OWN_CAR,BUREAU_CREDIT_COUNT,0.04974867934131407
AMT_GOODS_PRICE,WALLSMATERIAL_MODE_Panel,0.04974243352846657
REG_CITY_NOT_LIVE_CITY,BUREAU_CREDIT_GROUP,0.049738722054802204
OCCUPATION_TYPE,HOUR_APPR_PROCESS_START,0.049702559763697855
OCCUPATION_TYPE,LIVE_REGION_NOT_WORK_REGION,0.04968952694441921
AMT_GOODS_PRICE,NAME_INCOME_TYPE_State servant,0.0496556107279154
CNT_CHILDREN,BUREAU_DEBT_INCOME_RATIO,0.0496312238502603
AMT_GOODS_PRICE,FLAG_DOCUMENT_6,0.04960590177144353
AMT_CREDIT,FLAG_DOCUMENT_14,0.049604376409991054
CNT_FAM_MEMBERS,CREDIT_INCOME_RATIO,0.04958744668986371
FLAG_OWN_REALTY,PREVIOUS_AVG_APPLICATION,0.0495679512137944
AMT_GOODS_PRICE,FLAG_DOCUMENT_14,0.049475230460373366
FLOORSMAX_MEDI,AMT_REQ_CREDIT_BUREAU_MON,0.04929254961370175
HAS_BUREAU_OVERDUE,BUREAU_MAX_OVERDUE_RATIO,0.049280164507508516
DAYS_ID_PUBLISH,BUREAU_BALANCE_CREDIT_COUNT,0.049098431711339575
PREVIOUS_APPROVED_COUNT,AVG_PAYMENT_DELAY,0.04904596570072025
BUREAU_DEBT_INCOME_RATIO,PREVIOUS_AVG_CREDIT,0.04900783956701129
FLAG_OWN_REALTY,PREVIOUS_AVG_CREDIT,0.04885087236689773
AMT_CREDIT,LATE_PAYMENT_RATE,0.048809699351131976
REG_CITY_NOT_LIVE_CITY,BUREAU_CREDIT_COUNT,0.048701324289951296
FLAG_PHONE,BUREAU_CREDIT_GROUP,0.04868848561126067
HAS_BUREAU_BALANCE_HISTORY,PREVIOUS_REFUSED_COUNT,0.048683188851420825
BUREAU_ACTIVE_COUNT,LATE_PAYMENT_COUNT,0.04864976861923451
AMT_INCOME_TOTAL,BUREAU_CREDIT_COUNT,0.04861448620099526
AMT_REQ_CREDIT_BUREAU_MON,PREVIOUS_AVG_APPLICATION,0.048549282065245614
WALLSMATERIAL_MODE_Missing,EMERGENCYSTATE_MODE_Yes,0.04850856425832812
BUREAU_MAX_OVERDUE_RATIO,AVG_PAYMENT_DELAY,0.04842978145464757
NAME_EDUCATION_TYPE,FLAG_DOCUMENT_14,0.04831159753307625
REG_CITY_NOT_WORK_CITY,DAYS_LAST_PHONE_CHANGE,0.04828835080298345
BUREAU_BALANCE_CREDIT_COUNT,PREVIOUS_APPROVAL_RATE,0.04826691409799795
AMT_GOODS_PRICE,UNDERPAYMENT_RATE,0.048234609669303395
BUREAU_AVG_MONTHS_REPORTED,PREVIOUS_AVG_APPLICATION,0.048213974682945936
FLAG_EMAIL,EXT_SOURCE_3,0.048209360906790746
NAME_EDUCATION_TYPE,OBS_60_CNT_SOCIAL_CIRCLE,0.048171946287602435
NAME_EDUCATION_TYPE,OBS_30_CNT_SOCIAL_CIRCLE,0.04815840819076589
FLAG_DOCUMENT_18,PREVIOUS_APP_COUNT,0.04813404992961577
FLAG_OWN_REALTY,CREDIT_INCOME_RATIO,0.04809861861860141
DAYS_ID_PUBLISH,AMT_REQ_CREDIT_BUREAU_YEAR,0.04801835122464628
AMT_INCOME_TOTAL,BUREAU_CREDIT_GROUP,0.04800548501420262
FLAG_PHONE,REG_CITY_NOT_LIVE_CITY,0.047975463271481084
CODE_GENDER,CNT_CHILDREN,0.047891247885195325
CODE_GENDER,REG_CITY_NOT_LIVE_CITY,0.0478804383569815
DAYS_ID_PUBLISH,REG_REGION_NOT_WORK_REGION,0.04783552739726648
CNT_CHILDREN,NAME_INCOME_TYPE_State servant,0.04783227044507535
AMT_REQ_CREDIT_BUREAU_WEEK,BUREAU_CREDIT_GROUP,0.04782729457735977
AMT_CREDIT,BUREAU_ACTIVE_COUNT,0.04781726824888471
BUREAU_ACTIVE_RATIO,BUREAU_AVG_OVERDUE_RATIO,0.047759704971449865
TOTALAREA_MODE,WALLSMATERIAL_MODE_Mixed,0.04746811228299004
FLAG_DOCUMENT_3,AMT_REQ_CREDIT_BUREAU_YEAR,0.04736436886318401
ORGANIZATION_TYPE,FLAG_DOCUMENT_18,0.047299840587943884
HAS_BUREAU_BALANCE_HISTORY,PREVIOUS_APPROVED_COUNT,0.04707378825033013
NAME_CONTRACT_TYPE,BUREAU_TOTAL_OVERDUE_MONTHS,0.04682375625484453
CODE_GENDER,PREVIOUS_APPROVED_COUNT,0.04678609661733425
EXT_SOURCE_2,BUREAU_CREDIT_GROUP,0.04677555012879089
BUREAU_TOTAL_DEBT,NAME_INCOME_TYPE_State servant,0.046756723618625935
FLAG_WORK_PHONE,REG_CITY_NOT_LIVE_CITY,0.04672469871413348
AMT_CREDIT,WALLSMATERIAL_MODE_Panel,0.04671834013354603
TOTALAREA_MODE,NAME_INCOME_TYPE_Working,0.046701373877673646
AMT_CREDIT,UNDERPAYMENT_RATE,0.04665939229608568
NAME_CONTRACT_TYPE,PREVIOUS_CANCELED_COUNT,0.04662172113629152
DAYS_LAST_PHONE_CHANGE,FLAG_DOCUMENT_18,0.04661802753444082
AMT_GOODS_PRICE,BUREAU_ACTIVE_COUNT,0.04660762313404553
BUREAU_ACTIVE_RATIO,PREVIOUS_APPROVED_COUNT,0.04651520041276442
DEBT_INCOME_GROUP,BUREAU_TOTAL_OVERDUE_MONTHS,0.04650206606653878
BUREAU_AVG_OVERDUE_RATIO,PREVIOUS_REFUSAL_RATE,0.046495315159462404
FLAG_PHONE,REG_CITY_NOT_WORK_CITY,0.04648507733672326
REGION_RATING_CLIENT_W_CITY,BUREAU_CREDIT_GROUP,0.046475859964286576
TOTALAREA_MODE,PREVIOUS_AVG_APPLICATION,0.04643311778741322
DAYS_LAST_PHONE_CHANGE,HAS_BUREAU_BALANCE_HISTORY,0.046409453253418026
FLAG_DOCUMENT_3,NAME_INCOME_TYPE_State servant,0.04632750243684559
AMT_INCOME_TOTAL,EMERGENCYSTATE_MODE_No,0.04632651402118497
FLAG_OWN_CAR,LIVE_REGION_NOT_WORK_REGION,0.04626501687796155
NAME_CONTRACT_TYPE,AVG_PAYMENT_DELAY,0.046262493475434575
FLAG_OWN_REALTY,PREVIOUS_APPROVAL_RATE,0.0462409102351984
DAYS_REGISTRATION,CREDIT_INCOME_RATIO,0.046150782943634984
AMT_CREDIT,FLAG_DOCUMENT_6,0.04613728737441324
REGION_POPULATION_RELATIVE,WALLSMATERIAL_MODE_Monolithic,0.0461132962160188
AMT_REQ_CREDIT_BUREAU_MON,PREVIOUS_APP_COUNT,0.046110954540601455
BUREAU_DEBT_INCOME_RATIO,PREVIOUS_AVG_APPLICATION,0.04600012175847463
FLAG_EMAIL,FLOORSMAX_MEDI,0.045984421596447785
BUREAU_DEBT_INCOME_RATIO,NAME_INCOME_TYPE_State servant,0.04597162488219313
AMT_ANNUITY,NAME_INCOME_TYPE_Working,0.04589359806067916
FLAG_OWN_CAR,FLAG_DOCUMENT_15,0.04581682987838972
REGION_RATING_CLIENT_W_CITY,REG_CITY_NOT_LIVE_CITY,0.04581212061777136
YEARS_BEGINEXPLUATATION_MEDI,WALLSMATERIAL_MODE_Panel,0.04561761790923023
BUREAU_TOTAL_DEBT,EMERGENCYSTATE_MODE_No,0.04556179986646481
AMT_REQ_CREDIT_BUREAU_MON,PREVIOUS_APPROVED_COUNT,0.04555345291113957
FLAG_EMP_PHONE,BUREAU_ACTIVE_RATIO,0.04552382958911356
CNT_CHILDREN,BUREAU_TOTAL_DEBT,0.045515450482566104
BUREAU_AVG_MONTHS_REPORTED,PREVIOUS_APPROVED_COUNT,0.04547135092623021
BUREAU_ACTIVE_RATIO,NAME_INCOME_TYPE_Pensioner,0.04539752123614654
CREDIT_INCOME_RATIO,EMERGENCYSTATE_MODE_No,0.04536658111706404
DAYS_LAST_PHONE_CHANGE,FLAG_DOCUMENT_11,0.04534325981295329
AMT_INCOME_TOTAL,TOTALAREA_MODE,0.045341857011590846
NAME_EDUCATION_TYPE,REG_REGION_NOT_WORK_REGION,0.0453219143523766
BUREAU_TOTAL_DEBT,WALLSMATERIAL_MODE_Missing,0.04528193231154867
CREDIT_INCOME_RATIO,HAS_BUREAU_BALANCE_HISTORY,0.04527056183088457
FLAG_WORK_PHONE,NAME_INCOME_TYPE_State servant,0.04523238758156057
BUREAU_ACTIVE_RATIO,PREVIOUS_REFUSAL_RATE,0.04518246476488654
NAME_INCOME_TYPE_Working,WALLSMATERIAL_MODE_Missing,0.045128494302572146
OCCUPATION_TYPE,BUREAU_DEBT_INCOME_RATIO,0.04511635830084436
REGION_POPULATION_RELATIVE,DAYS_LAST_PHONE_CHANGE,0.04505486279234843
DAYS_EMPLOYED,BUREAU_ACTIVE_RATIO,0.04502738303320256
TOTALAREA_MODE,BUREAU_TOTAL_DEBT,0.045023117572999295
AMT_INCOME_TOTAL,WALLSMATERIAL_MODE_Missing,0.04499106704559174
DAYS_ID_PUBLISH,FLAG_WORK_PHONE,0.04492712157598847
AMT_REQ_CREDIT_BUREAU_YEAR,NAME_INCOME_TYPE_Pensioner,0.044909911669269165
WALLSMATERIAL_MODE_Mixed,WALLSMATERIAL_MODE_Panel,0.044897465569049194
FLAG_WORK_PHONE,PREVIOUS_APP_COUNT,0.04488807960280835
FLAG_DOCUMENT_11,AGE_YEARS,0.044870839737776363
DAYS_BIRTH,FLAG_DOCUMENT_11,0.04487083973777619
REG_REGION_NOT_WORK_REGION,PREVIOUS_APPROVED_COUNT,0.04484034198758085
FLAG_EMP_PHONE,AMT_REQ_CREDIT_BUREAU_YEAR,0.04472470144622256
CNT_CHILDREN,PREVIOUS_AVG_CREDIT,0.04470080771129094
TOTALAREA_MODE,PREVIOUS_AVG_CREDIT,0.044652445331523544
DAYS_EMPLOYED,AMT_REQ_CREDIT_BUREAU_YEAR,0.04462498854617572
FLAG_OWN_CAR,BUREAU_ACTIVE_COUNT,0.04454521060725662
DAYS_LAST_PHONE_CHANGE,AMT_REQ_CREDIT_BUREAU_MON,0.04451355465395559
CODE_GENDER,FLAG_OWN_REALTY,0.0444932351730342
OCCUPATION_TYPE,CREDIT_INCOME_RATIO,0.04449217999275472
FLAG_OWN_REALTY,AMT_GOODS_PRICE,0.04439801273720755
REGION_RATING_CLIENT,BUREAU_CREDIT_GROUP,0.04437654902058135
WALLSMATERIAL_MODE_Mixed,"WALLSMATERIAL_MODE_Stone, brick",0.04436036959421214
TOTALAREA_MODE,FLAG_DOCUMENT_3,0.04405818374588482
AMT_CREDIT,HAS_BUREAU_HISTORY,0.04401407083658876
FLAG_DOCUMENT_18,AGE_YEARS,0.04392563008614022
DAYS_BIRTH,FLAG_DOCUMENT_18,0.043925630086140144
DAYS_ID_PUBLISH,BUREAU_ACTIVE_COUNT,0.043920881703659875
AMT_GOODS_PRICE,HAS_BUREAU_HISTORY,0.04385887583971907
REGION_POPULATION_RELATIVE,REG_CITY_NOT_WORK_CITY,0.043781105463136696
CREDIT_INCOME_RATIO,WALLSMATERIAL_MODE_Missing,0.04377711817525961
FLAG_EMAIL,BUREAU_TOTAL_DEBT,0.043508828679837165
YEARS_BEGINEXPLUATATION_MEDI,WALLSMATERIAL_MODE_Wooden,0.04347210262809805
FLAG_DOCUMENT_19,FLAG_DOCUMENT_20,0.04346395971716642
EXT_SOURCE_2,PREVIOUS_REFUSAL_RATE,0.04333071920543961
FLAG_WORK_PHONE,LIVE_REGION_NOT_WORK_REGION,0.04331784031195987
FLAG_DOCUMENT_16,AMT_REQ_CREDIT_BUREAU_YEAR,0.043314039828521195
NAME_EDUCATION_TYPE,DAYS_ID_PUBLISH,0.0432686806859701
AMT_REQ_CREDIT_BUREAU_MON,BUREAU_DEBT_INCOME_RATIO,0.04314437975167483
REG_CITY_NOT_LIVE_CITY,EXT_SOURCE_2,0.04313211045823045
REG_CITY_NOT_WORK_CITY,FLAG_DOCUMENT_8,0.04312655195332114
BUREAU_AVG_MONTHS_REPORTED,PREVIOUS_CANCELED_COUNT,0.043120099014204966
FLAG_EMP_PHONE,FLAG_DOCUMENT_16,0.04311790725315057
FLAG_DOCUMENT_16,NAME_INCOME_TYPE_Pensioner,0.0431042226111395
AMT_GOODS_PRICE,PREVIOUS_REFUSED_COUNT,0.043102664770203455
FLAG_CONT_MOBILE,FLAG_DOCUMENT_18,0.04309739364050066
CODE_GENDER,NAME_INCOME_TYPE_State servant,0.04305187599999464
BUREAU_ACTIVE_RATIO,OVERDUE_SEVERITY,0.04304731150400242
DAYS_EMPLOYED,FLAG_DOCUMENT_16,0.04302057459055313
REG_CITY_NOT_WORK_CITY,CREDIT_INCOME_RATIO,0.04300621406227313
LIVE_CITY_NOT_WORK_CITY,FLAG_DOCUMENT_8,0.042981620060583134
REGION_POPULATION_RELATIVE,PREVIOUS_APPROVAL_RATE,0.042929925151480426
FLAG_DOCUMENT_16,PREVIOUS_APP_COUNT,0.042865859647729605
OVERDUE_SEVERITY,DEBT_INCOME_GROUP,0.04281697898374972
FLAG_EMAIL,OCCUPATION_TYPE,0.04281523975615164
HAS_BUREAU_HISTORY,HAS_BUREAU_OVERDUE,0.04279406656804371
HAS_BUREAU_HISTORY,PREVIOUS_REFUSED_COUNT,0.04274282858088268
FLAG_EMAIL,FLAG_DOCUMENT_6,0.042690209710562976
AMT_CREDIT,PREVIOUS_REFUSED_COUNT,0.04260106000737175
FLAG_DOCUMENT_18,AMT_REQ_CREDIT_BUREAU_YEAR,0.04257020116538292
BUREAU_TOTAL_OVERDUE_MONTHS,AVG_PAYMENT_DELAY,0.042568551663796333
BUREAU_BALANCE_CREDIT_COUNT,BUREAU_AVG_SEVERE_OVERDUE_RATIO,0.0425674983808254
FLAG_PHONE,AGE_YEARS,0.04247250494591399
DAYS_BIRTH,FLAG_PHONE,0.042472504945913835
AMT_GOODS_PRICE,EXT_SOURCE_3,0.04246738518650687
FLAG_PHONE,BUREAU_ACTIVE_COUNT,0.04243429147350652
BUREAU_AVG_OVERDUE_RATIO,PREVIOUS_REFUSED_COUNT,0.04234324141881911
NAME_EDUCATION_TYPE,REG_REGION_NOT_LIVE_REGION,0.04217755804107037
NAME_CONTRACT_TYPE,FLAG_DOCUMENT_7,0.04213233819141272
OCCUPATION_TYPE,DEBT_INCOME_GROUP,0.04211750523925717
REGION_RATING_CLIENT,REG_REGION_NOT_LIVE_REGION,0.042114334945689086
DAYS_LAST_PHONE_CHANGE,FLAG_DOCUMENT_16,0.04207071578957838
AMT_INCOME_TOTAL,OCCUPATION_TYPE,0.04199733391645684
BUREAU_AVG_OVERDUE_RATIO,AVG_PAYMENT_DELAY,0.041976919400091676
DAYS_REGISTRATION,BUREAU_ACTIVE_RATIO,0.0419509836532045
AMT_GOODS_PRICE,FLAG_PHONE,0.04192521667281732
REG_REGION_NOT_WORK_REGION,EXT_SOURCE_3,0.04183214914356403
REG_REGION_NOT_LIVE_REGION,EXT_SOURCE_3,0.04182630333806186
FLAG_EMAIL,EMERGENCYSTATE_MODE_No,0.04179493256088139
FLAG_OWN_REALTY,FLAG_DOCUMENT_6,0.04170431554210362
CNT_CHILDREN,PREVIOUS_AVG_APPLICATION,0.0416820596618297
DAYS_EMPLOYED,BUREAU_ACTIVE_COUNT,0.04166930967365266
FLAG_OWN_CAR,CREDIT_INCOME_RATIO,0.04150063017925929
NAME_CONTRACT_TYPE,LATE_PAYMENT_COUNT,0.04148904712954523
DAYS_LAST_PHONE_CHANGE,PREVIOUS_CANCELED_COUNT,0.04138933628551342
NAME_CONTRACT_TYPE,PREVIOUS_AVG_APPLICATION,0.04127089386067281
AMT_ANNUITY,REG_REGION_NOT_LIVE_REGION,0.041242661614824226
AMT_INCOME_TOTAL,FLAG_DOCUMENT_6,0.04122448752187717
FLAG_WORK_PHONE,DAYS_LAST_PHONE_CHANGE,0.041218443938508084
FLAG_EMP_PHONE,FLAG_DOCUMENT_18,0.04118511578670304
FLAG_DOCUMENT_18,NAME_INCOME_TYPE_Pensioner,0.04117321326136286
REGION_POPULATION_RELATIVE,FLAG_EMAIL,0.04106062607797311
NAME_EDUCATION_TYPE,WALLSMATERIAL_MODE_Monolithic,0.04104887010694544
DEBT_INCOME_GROUP,PREVIOUS_UNUSED_COUNT,0.04104327268184194
DAYS_EMPLOYED,FLAG_DOCUMENT_18,0.04102567862649307
CNT_CHILDREN,PREVIOUS_APPROVAL_RATE,0.04099943507098831
BUREAU_TOTAL_DEBT,PREVIOUS_REFUSED_COUNT,0.04097311013728868
FLAG_OWN_CAR,HAS_BUREAU_HISTORY,0.04093703728422548
AMT_ANNUITY,BUREAU_MAX_OVERDUE_RATIO,0.04092458001587183
FLAG_DOCUMENT_14,PREVIOUS_APPROVED_COUNT,0.040750128419006576
FLAG_EMAIL,PREVIOUS_REFUSAL_RATE,0.04071389724748505
AMT_REQ_CREDIT_BUREAU_QRT,DEBT_INCOME_GROUP,0.040710832626129824
CREDIT_INCOME_RATIO,BUREAU_ACTIVE_RATIO,0.040637426812705955
CODE_GENDER,BUREAU_ACTIVE_COUNT,0.04062205142464832
DAYS_BIRTH,BUREAU_AVG_MONTHS_REPORTED,0.04061225872176249
AGE_YEARS,BUREAU_AVG_MONTHS_REPORTED,0.04061225872176089
FLAG_EMAIL,WALLSMATERIAL_MODE_Missing,0.040571884898201786
YEARS_BEGINEXPLUATATION_MEDI,EMERGENCYSTATE_MODE_No,0.04053125750843742
FLAG_OWN_REALTY,FLAG_PHONE,0.040461853840219754
NAME_CONTRACT_TYPE,UNDERPAYMENT_RATE,0.04044969502746352
BUREAU_TOTAL_DEBT,PREVIOUS_REFUSAL_RATE,0.04038475561401526
PREVIOUS_AVG_APPLICATION,LATE_PAYMENT_RATE,0.04037590367142307
CNT_CHILDREN,EXT_SOURCE_3,0.04034809875636312
FLAG_EMP_PHONE,BUREAU_ACTIVE_COUNT,0.040280594956385314
WALLSMATERIAL_MODE_Monolithic,WALLSMATERIAL_MODE_Panel,0.04020921773088954
FLAG_DOCUMENT_6,BUREAU_DEBT_INCOME_RATIO,0.04017828430950522
BUREAU_ACTIVE_COUNT,NAME_INCOME_TYPE_Pensioner,0.040174648444042255
FLAG_OWN_CAR,REGION_POPULATION_RELATIVE,0.04013945550718219
CNT_CHILDREN,PREVIOUS_CANCELED_COUNT,0.03999589789875728
BUREAU_OVERDUE_COUNT,HAS_BUREAU_HISTORY,0.039960946911065574
FLAG_DOCUMENT_6,PREVIOUS_UNUSED_COUNT,0.039958692756617564
CNT_FAM_MEMBERS,"WALLSMATERIAL_MODE_Stone, brick",0.03995286444655413
AMT_REQ_CREDIT_BUREAU_MON,BUREAU_AVG_MONTHS_REPORTED,0.03993093321653732
EXT_SOURCE_2,HAS_BUREAU_HISTORY,0.03991909951435266
DEBT_INCOME_GROUP,PREVIOUS_APPROVAL_RATE,0.03983261260177134
BUREAU_DEBT_INCOME_RATIO,PREVIOUS_REFUSAL_RATE,0.03980058999091746
FLAG_DOCUMENT_3,BUREAU_CREDIT_COUNT,0.03979932787018448
FLAG_OWN_REALTY,OCCUPATION_TYPE,0.039781287037429246
CODE_GENDER,FLAG_DOCUMENT_13,0.039780157156788454
BUREAU_OVERDUE_RATIO,BUREAU_AVG_OVERDUE_RATIO,0.03973984195975839
WALLSMATERIAL_MODE_Monolithic,"WALLSMATERIAL_MODE_Stone, brick",0.039728205969514735
REGION_POPULATION_RELATIVE,FLAG_DOCUMENT_9,0.03970896735364551
REGION_RATING_CLIENT_W_CITY,BUREAU_TOTAL_DEBT,0.03967817226151458
CNT_FAM_MEMBERS,PREVIOUS_APPROVAL_RATE,0.039635393886783124
PREVIOUS_CANCELED_COUNT,AVG_PAYMENT_DELAY,0.03958903643422083
CNT_CHILDREN,DEBT_INCOME_GROUP,0.03952714897257723
PREVIOUS_APPROVED_COUNT,NAME_INCOME_TYPE_Pensioner,0.039505012613778305
WALLSMATERIAL_MODE_Panel,EMERGENCYSTATE_MODE_Yes,0.039446176082463036
FLAG_EMAIL,BUREAU_ACTIVE_COUNT,0.039420563848744906
FLAG_EMP_PHONE,PREVIOUS_APPROVED_COUNT,0.03939763058219437
NAME_CONTRACT_TYPE,PREVIOUS_REFUSED_COUNT,0.03939364066358583
REG_REGION_NOT_LIVE_REGION,PREVIOUS_APPROVED_COUNT,0.03930422077563565
FLAG_DOCUMENT_3,BUREAU_CREDIT_GROUP,0.03926170486433183
FLAG_DOCUMENT_13,PREVIOUS_APPROVED_COUNT,0.03924776066108541
BUREAU_OVERDUE_COUNT,BUREAU_AVG_OVERDUE_RATIO,0.03923178438426678
AMT_ANNUITY,DAYS_REGISTRATION,0.03920801803017138
REGION_RATING_CLIENT_W_CITY,REG_REGION_NOT_LIVE_REGION,0.039115536279349994
AMT_GOODS_PRICE,AMT_REQ_CREDIT_BUREAU_YEAR,0.03908931737058346
AMT_REQ_CREDIT_BUREAU_MON,WALLSMATERIAL_MODE_Panel,0.03905721624953412
EXT_SOURCE_3,BUREAU_TOTAL_SEVERE_OVERDUE_MONTHS,0.038978360998801205
FLAG_PHONE,DEBT_INCOME_GROUP,0.038921749227996065
BUREAU_ACTIVE_RATIO,BUREAU_MAX_OVERDUE_RATIO,0.03889680719386799
PREVIOUS_AVG_APPLICATION,PREVIOUS_APPROVAL_RATE,0.038883553510129454
BUREAU_ACTIVE_COUNT,BUREAU_AVG_MONTHS_REPORTED,0.038845237513803366
FLAG_DOCUMENT_14,FLAG_DOCUMENT_20,0.038842164918659855
BUREAU_CREDIT_COUNT,LATE_PAYMENT_COUNT,0.03877526919321553
AMT_CREDIT,EXT_SOURCE_3,0.038758489990506594
HOUR_APPR_PROCESS_START,PREVIOUS_APPROVED_COUNT,0.03875621286395467
NAME_CONTRACT_TYPE,OCCUPATION_TYPE,0.038745275507006904
REGION_RATING_CLIENT,FLAG_DOCUMENT_14,0.03872574204578142
REG_CITY_NOT_LIVE_CITY,CREDIT_INCOME_RATIO,0.03869638360651199
HAS_BUREAU_BALANCE_HISTORY,PREVIOUS_AVG_CREDIT,0.03868840396694312
HAS_BUREAU_BALANCE_HISTORY,PREVIOUS_REFUSAL_RATE,0.03866567520483871
FLAG_OWN_CAR,REG_REGION_NOT_WORK_REGION,0.03863902447263921
HAS_BUREAU_HISTORY,PREVIOUS_REFUSAL_RATE,0.038562542638740614
BUREAU_TOTAL_DEBT,BUREAU_AVG_MONTHS_REPORTED,0.03854631861916559
FLAG_OWN_CAR,DAYS_LAST_PHONE_CHANGE,0.03849113541528108
DAYS_EMPLOYED,PREVIOUS_APPROVED_COUNT,0.03848018321763202
REGION_RATING_CLIENT_W_CITY,FLAG_DOCUMENT_14,0.03844433212574976
FLAG_DOCUMENT_5,FLAG_DOCUMENT_6,0.038411663716624675
BUREAU_TOTAL_OVERDUE_MONTHS,PREVIOUS_APP_COUNT,0.03839285167280986
BUREAU_DEBT_INCOME_RATIO,PREVIOUS_REFUSED_COUNT,0.03838126185843828
OBS_60_CNT_SOCIAL_CIRCLE,PREVIOUS_REFUSED_COUNT,0.03832123578926029
FLAG_DOCUMENT_3,BUREAU_MAX_OVERDUE_RATIO,0.03828528460266712
WALLSMATERIAL_MODE_Others,WALLSMATERIAL_MODE_Panel,0.038244938275824064
OBS_30_CNT_SOCIAL_CIRCLE,PREVIOUS_REFUSED_COUNT,0.038241696650138546
REGION_RATING_CLIENT_W_CITY,FLAG_DOCUMENT_9,0.03824121794137156
NAME_EDUCATION_TYPE,HAS_BUREAU_HISTORY,0.038148769941106504
CREDIT_INCOME_RATIO,BUREAU_MAX_OVERDUE_RATIO,0.03813986336066592
FLAG_WORK_PHONE,PREVIOUS_REFUSAL_RATE,0.03810153236991459
FLAG_WORK_PHONE,PREVIOUS_APPROVED_COUNT,0.03809336652384428
AMT_REQ_CREDIT_BUREAU_YEAR,BUREAU_MAX_OVERDUE_RATIO,0.037992393649595314
FLAG_DOCUMENT_11,PREVIOUS_APP_COUNT,0.037978115013858484
CODE_GENDER,PREVIOUS_APP_COUNT,0.03791314116984371
AMT_REQ_CREDIT_BUREAU_WEEK,BUREAU_CREDIT_COUNT,0.03790401732847003
LIVE_CITY_NOT_WORK_CITY,EXT_SOURCE_3,0.03788788487916961
REGION_POPULATION_RELATIVE,BUREAU_CREDIT_COUNT,0.03784029146948115
WALLSMATERIAL_MODE_Others,"WALLSMATERIAL_MODE_Stone, brick",0.03778742464681389
BUREAU_TOTAL_DEBT,BUREAU_MAX_OVERDUE_RATIO,0.037778381439408565
EXT_SOURCE_3,AVG_PAYMENT_DELAY,0.037771865954703526
AMT_ANNUITY,FLAG_DOCUMENT_14,0.037747506384001414
FLAG_OWN_REALTY,AMT_CREDIT,0.03773955548140985
AMT_REQ_CREDIT_BUREAU_MON,PREVIOUS_REFUSED_COUNT,0.037682145905973914
HOUR_APPR_PROCESS_START,EXT_SOURCE_3,0.03766688627885376
FLAG_DOCUMENT_18,PREVIOUS_AVG_CREDIT,0.03759462551358003
FLAG_DOCUMENT_3,BUREAU_ACTIVE_COUNT,0.03751862828645071
TOTALAREA_MODE,AMT_REQ_CREDIT_BUREAU_MON,0.03751684526983141
REGION_RATING_CLIENT,FLAG_DOCUMENT_9,0.03747759932968009
AMT_REQ_CREDIT_BUREAU_MON,HAS_BUREAU_BALANCE_HISTORY,0.03746652159437992
NAME_EDUCATION_TYPE,FLAG_DOCUMENT_13,0.03745052740816212
FLAG_PHONE,PREVIOUS_CANCELED_COUNT,0.03742739879177179
HAS_BUREAU_HISTORY,OVERDUE_SEVERITY,0.0373289794957164
NAME_EDUCATION_TYPE,AMT_REQ_CREDIT_BUREAU_MON,0.037307720278892655
CNT_CHILDREN,EMERGENCYSTATE_MODE_No,0.037192628234361105
PREVIOUS_APPROVAL_RATE,WALLSMATERIAL_MODE_Missing,0.03718378984232762
PREVIOUS_APP_COUNT,NAME_INCOME_TYPE_Pensioner,0.03715911980398273
CNT_FAM_MEMBERS,BUREAU_CREDIT_GROUP,0.03715727557080889
FLAG_OWN_REALTY,EXT_SOURCE_3,0.03714178083472453
AMT_ANNUITY,AMT_REQ_CREDIT_BUREAU_MON,0.037117155752461065
FLAG_EMP_PHONE,PREVIOUS_APP_COUNT,0.03709181217203849
HAS_BUREAU_BALANCE_HISTORY,PREVIOUS_AVG_APPLICATION,0.037030721235762384
REG_REGION_NOT_LIVE_REGION,DAYS_LAST_PHONE_CHANGE,0.03700783547871313
FLAG_DOCUMENT_16,CREDIT_INCOME_RATIO,0.03697900795849742
FLAG_DOCUMENT_5,FLAG_DOCUMENT_8,0.03687327520385359
FLAG_OWN_REALTY,FLAG_DOCUMENT_8,0.03682643692677836
EXT_SOURCE_2,PREVIOUS_REFUSED_COUNT,0.03681484490162463
FLAG_OWN_REALTY,NAME_INCOME_TYPE_Working,0.036804731931180695
FLAG_WORK_PHONE,FLAG_DOCUMENT_5,0.03680401584480245
AMT_CREDIT,AMT_REQ_CREDIT_BUREAU_YEAR,0.03679403810594507
FLAG_WORK_PHONE,HOUR_APPR_PROCESS_START,0.03670373372110723
FLAG_CONT_MOBILE,PREVIOUS_APPROVED_COUNT,0.03666312587609228
DAYS_EMPLOYED,PREVIOUS_APP_COUNT,0.036649747979921196
FLAG_DOCUMENT_16,PREVIOUS_AVG_CREDIT,0.036648590875258714
PREVIOUS_APPROVAL_RATE,EMERGENCYSTATE_MODE_No,0.03658741399616557
DAYS_ID_PUBLISH,FLAG_PHONE,0.03657835510299754
HOUR_APPR_PROCESS_START,AMT_REQ_CREDIT_BUREAU_MON,0.03652558092276834
DAYS_LAST_PHONE_CHANGE,PREVIOUS_REFUSAL_RATE,0.036493259505583756
HAS_BUREAU_OVERDUE,BUREAU_AVG_OVERDUE_RATIO,0.03643226822955338
FLAG_EMAIL,TOTALAREA_MODE,0.03635661772627329
ORGANIZATION_TYPE,BUREAU_ACTIVE_RATIO,0.03621523784428638
LIVE_REGION_NOT_WORK_REGION,BUREAU_TOTAL_DEBT,0.03621028396956452
REGION_RATING_CLIENT,OBS_30_CNT_SOCIAL_CIRCLE,0.03616843572422883
BUREAU_CREDIT_GROUP,LATE_PAYMENT_COUNT,0.03616672697850648
FLAG_OWN_REALTY,LIVE_CITY_NOT_WORK_CITY,0.036142955128443094
FLAG_DOCUMENT_13,FLAG_DOCUMENT_20,0.036124750431034434
NAME_EDUCATION_TYPE,FLAG_DOCUMENT_11,0.03611838964186504
CREDIT_INCOME_RATIO,BUREAU_CREDIT_COUNT,0.03610342318907533
DAYS_REGISTRATION,REG_REGION_NOT_WORK_REGION,0.036007902864504455
FLAG_EMP_PHONE,REG_REGION_NOT_LIVE_REGION,0.03598283756942264
REG_REGION_NOT_LIVE_REGION,NAME_INCOME_TYPE_Pensioner,0.035963041768146305
REGION_RATING_CLIENT,REG_CITY_NOT_LIVE_CITY,0.035906981056177574
AMT_GOODS_PRICE,FLAG_DOCUMENT_11,0.03589234654209247
REG_REGION_NOT_WORK_REGION,BUREAU_TOTAL_DEBT,0.03583477710720865
EXT_SOURCE_3,BUREAU_MAX_OVERDUE_DAYS,0.03582459270305006
REGION_RATING_CLIENT,OBS_60_CNT_SOCIAL_CIRCLE,0.03580687455624731
PREVIOUS_AVG_APPLICATION,WALLSMATERIAL_MODE_Panel,0.03578269158987761
FLAG_OWN_CAR,EMERGENCYSTATE_MODE_No,0.035727575601489925
DAYS_LAST_PHONE_CHANGE,CREDIT_INCOME_RATIO,0.03566538351813453
CNT_FAM_MEMBERS,BUREAU_ACTIVE_COUNT,0.03561838348904667
FLAG_WORK_PHONE,DEBT_INCOME_GROUP,0.03558191169826637
CODE_GENDER,LATE_PAYMENT_COUNT,0.03554660832298006
AMT_CREDIT,DEBT_INCOME_GROUP,0.03550377652514124
REGION_RATING_CLIENT,DEBT_INCOME_GROUP,0.035416149946525276
OVERDUE_SEVERITY,BUREAU_MAX_OVERDUE_RATIO,0.03541511311811842
CNT_CHILDREN,WALLSMATERIAL_MODE_Missing,0.03539679442115129
FLAG_OWN_REALTY,REG_REGION_NOT_LIVE_REGION,0.03536592141625087
AMT_INCOME_TOTAL,PREVIOUS_APPROVAL_RATE,0.035351457650132444
AMT_ANNUITY,NAME_INCOME_TYPE_State servant,0.035325873420780356
EXT_SOURCE_3,BUREAU_AVG_SEVERE_OVERDUE_RATIO,0.035302993813011406
REG_REGION_NOT_WORK_REGION,DAYS_LAST_PHONE_CHANGE,0.03523659839006941
AMT_INCOME_TOTAL,BUREAU_BALANCE_CREDIT_COUNT,0.035236568003954936
NAME_CONTRACT_TYPE,HOUR_APPR_PROCESS_START,0.03518909274799714
BUREAU_OVERDUE_COUNT,BUREAU_DEBT_INCOME_RATIO,0.03516959393781291
FLAG_DOCUMENT_18,PREVIOUS_AVG_APPLICATION,0.03515679638122863
FLAG_DOCUMENT_8,PREVIOUS_AVG_APPLICATION,0.03515435910690629
DAYS_EMPLOYED,REG_REGION_NOT_LIVE_REGION,0.0351401576912756
BUREAU_ACTIVE_COUNT,AVG_PAYMENT_DELAY,0.035118751516721794
AMT_REQ_CREDIT_BUREAU_QRT,LATE_PAYMENT_RATE,0.03510785442085745
AMT_REQ_CREDIT_BUREAU_WEEK,BUREAU_ACTIVE_COUNT,0.03510146543589558
FLOORSMAX_MEDI,PREVIOUS_APPROVAL_RATE,0.035091620897343696
CREDIT_INCOME_RATIO,UNDERPAYMENT_RATE,0.03508196238003364
DAYS_REGISTRATION,PREVIOUS_REFUSAL_RATE,0.035075323471437915
AMT_ANNUITY,BUREAU_TOTAL_OVERDUE_MONTHS,0.0349897463535562
AMT_INCOME_TOTAL,FLAG_EMAIL,0.03497227734704293
FLAG_OWN_REALTY,FLAG_DOCUMENT_3,0.03497150613296676
CNT_CHILDREN,AMT_REQ_CREDIT_BUREAU_YEAR,0.03492454101043321
NAME_EDUCATION_TYPE,LIVE_REGION_NOT_WORK_REGION,0.03491495233854335
FLOORSMAX_MEDI,WALLSMATERIAL_MODE_Mixed,0.03491429610677592
EXT_SOURCE_2,BUREAU_CREDIT_COUNT,0.034908538567315114
FLOORSMAX_MEDI,"WALLSMATERIAL_MODE_Stone, brick",0.0348697551802664
REGION_RATING_CLIENT,PREVIOUS_APPROVAL_RATE,0.03484716679907004
AMT_ANNUITY,WALLSMATERIAL_MODE_Monolithic,0.03471117867490063
PREVIOUS_APPROVAL_RATE,NAME_INCOME_TYPE_Working,0.034695928717544164
FLOORSMAX_MEDI,CREDIT_INCOME_RATIO,0.03463187228060747
BUREAU_OVERDUE_COUNT,BUREAU_BALANCE_CREDIT_COUNT,0.03458201176505136
BUREAU_CREDIT_COUNT,WALLSMATERIAL_MODE_Panel,0.034580251665172826
HOUR_APPR_PROCESS_START,PREVIOUS_APPROVAL_RATE,0.034580051423169146
FLAG_OWN_REALTY,FLAG_DOCUMENT_15,0.03457759566170794
DAYS_ID_PUBLISH,LIVE_REGION_NOT_WORK_REGION,0.03448270870956482
NAME_EDUCATION_TYPE,BUREAU_ACTIVE_RATIO,0.03446978860205109
DAYS_LAST_PHONE_CHANGE,FLAG_DOCUMENT_6,0.03446674165701295
REG_REGION_NOT_WORK_REGION,PREVIOUS_APP_COUNT,0.0344603947878173
REGION_RATING_CLIENT_W_CITY,DEBT_INCOME_GROUP,0.03445389479062284
CREDIT_INCOME_RATIO,PREVIOUS_APPROVED_COUNT,0.03444382124045419
REGION_RATING_CLIENT_W_CITY,NAME_INCOME_TYPE_Pensioner,0.03443153247010674
REG_CITY_NOT_WORK_CITY,FLAG_DOCUMENT_11,0.03438834794053566
CNT_CHILDREN,NAME_EDUCATION_TYPE,0.0343469214296225
BUREAU_ACTIVE_COUNT,BUREAU_MAX_OVERDUE_DAYS,0.034330028328115686
FLAG_EMP_PHONE,REGION_RATING_CLIENT_W_CITY,0.034327875440608356
PREVIOUS_AVG_CREDIT,WALLSMATERIAL_MODE_Panel,0.03430850377066929
CNT_CHILDREN,PREVIOUS_UNUSED_COUNT,0.034284765760142916
HAS_BUREAU_HISTORY,PREVIOUS_APPROVAL_RATE,0.03426978843383901
REG_CITY_NOT_LIVE_CITY,NAME_INCOME_TYPE_Working,0.034262194679418725
DAYS_EMPLOYED,REGION_RATING_CLIENT_W_CITY,0.03425394761903219
HAS_BUREAU_OVERDUE,BUREAU_BALANCE_CREDIT_COUNT,0.03419643856903887
FLAG_DOCUMENT_16,PREVIOUS_AVG_APPLICATION,0.03415451068317293
AGE_YEARS,HAS_BUREAU_HISTORY,0.03410444773647775
DAYS_BIRTH,HAS_BUREAU_HISTORY,0.034104447736477715
PREVIOUS_UNUSED_COUNT,PREVIOUS_AVG_CREDIT,0.03408367249477916
OBS_60_CNT_SOCIAL_CIRCLE,AMT_REQ_CREDIT_BUREAU_YEAR,0.034058161714522917
DAYS_ID_PUBLISH,REG_REGION_NOT_LIVE_REGION,0.03403045236136602
FLAG_WORK_PHONE,WALLSMATERIAL_MODE_Panel,0.03401487976755801
REGION_RATING_CLIENT_W_CITY,PREVIOUS_APPROVAL_RATE,0.03399644478261598
REG_CITY_NOT_LIVE_CITY,PREVIOUS_AVG_CREDIT,0.0339897075630416
AMT_INCOME_TOTAL,HOUR_APPR_PROCESS_START,0.03398177254879472
AMT_ANNUITY,FLAG_DOCUMENT_9,0.03395148809014025
FLAG_OWN_REALTY,FLAG_DOCUMENT_11,0.033945409673998665
FLAG_DOCUMENT_8,PREVIOUS_AVG_CREDIT,0.0339276968194291
OCCUPATION_TYPE,PREVIOUS_UNUSED_COUNT,0.0338950188723653
AMT_GOODS_PRICE,DEBT_INCOME_GROUP,0.033890661464389855
REG_CITY_NOT_WORK_CITY,PREVIOUS_AVG_APPLICATION,0.0338374104697833
REGION_POPULATION_RELATIVE,FLAG_DOCUMENT_14,0.03380319077585697
NAME_EDUCATION_TYPE,FLAG_DOCUMENT_18,0.033797527641348336
DAYS_LAST_PHONE_CHANGE,PREVIOUS_UNUSED_COUNT,0.03376990742058107
REGION_RATING_CLIENT_W_CITY,FLAG_DOCUMENT_13,0.0337374344943631
CODE_GENDER,FLAG_WORK_PHONE,0.033699102828658546
NAME_CONTRACT_TYPE,FLAG_WORK_PHONE,0.033696531662446336
FLAG_OWN_CAR,BUREAU_BALANCE_CREDIT_COUNT,0.033675293204977176
OBS_30_CNT_SOCIAL_CIRCLE,AMT_REQ_CREDIT_BUREAU_YEAR,0.03365654688243618
DAYS_REGISTRATION,FLAG_EMAIL,0.03360050682388693
REG_REGION_NOT_WORK_REGION,BUREAU_CREDIT_COUNT,0.033581260930230804
BUREAU_ACTIVE_RATIO,PREVIOUS_APPROVAL_RATE,0.03353658195377271
FLAG_DOCUMENT_6,DEBT_INCOME_GROUP,0.033527697288630094
PREVIOUS_AVG_APPLICATION,AVG_PAYMENT_DELAY,0.0335242217252343
PREVIOUS_AVG_CREDIT,PREVIOUS_APPROVAL_RATE,0.03349038456673392
NAME_CONTRACT_TYPE,PREVIOUS_REFUSAL_RATE,0.03346044330660123
AMT_REQ_CREDIT_BUREAU_WEEK,BUREAU_AVG_MONTHS_REPORTED,0.033449005137326585
REG_CITY_NOT_LIVE_CITY,PREVIOUS_AVG_APPLICATION,0.03344228332593757
BUREAU_AVG_MONTHS_REPORTED,LATE_PAYMENT_COUNT,0.03342806116020081
NAME_CONTRACT_TYPE,BUREAU_CREDIT_COUNT,0.03340498448076982
FLOORSMAX_MEDI,FLAG_DOCUMENT_14,0.03339047060502776
BUREAU_ACTIVE_RATIO,PREVIOUS_REFUSED_COUNT,0.03336984148001568
FLAG_PHONE,OBS_30_CNT_SOCIAL_CIRCLE,0.03336290083656975
EXT_SOURCE_2,DEF_60_CNT_SOCIAL_CIRCLE,0.03336152961321912
REGION_POPULATION_RELATIVE,BUREAU_TOTAL_DEBT,0.0333135734243666
WALLSMATERIAL_MODE_Mixed,EMERGENCYSTATE_MODE_Yes,0.0333042505295763
REGION_POPULATION_RELATIVE,BUREAU_CREDIT_GROUP,0.03329862593389522
FLAG_PHONE,OBS_60_CNT_SOCIAL_CIRCLE,0.03329389927368944
BUREAU_TOTAL_DEBT,WALLSMATERIAL_MODE_Panel,0.033282504986357715
AMT_GOODS_PRICE,PREVIOUS_APP_COUNT,0.03323808114219561
FLAG_DOCUMENT_3,PREVIOUS_CANCELED_COUNT,0.033218083261658336
FLAG_WORK_PHONE,BUREAU_DEBT_INCOME_RATIO,0.033198003886445365
NAME_CONTRACT_TYPE,BUREAU_CREDIT_GROUP,0.0330703399452318
NAME_EDUCATION_TYPE,DEF_30_CNT_SOCIAL_CIRCLE,0.033059036358387944
FLAG_DOCUMENT_11,NAME_INCOME_TYPE_Working,0.03304736552704979
HOUR_APPR_PROCESS_START,FLAG_DOCUMENT_8,0.03303866193835097
FLAG_OWN_REALTY,REG_REGION_NOT_WORK_REGION,0.03299777555809022
REGION_RATING_CLIENT,FLAG_DOCUMENT_13,0.03295532077409909
FLAG_OWN_CAR,WALLSMATERIAL_MODE_Missing,0.03290401899169308
REG_CITY_NOT_WORK_CITY,PREVIOUS_AVG_CREDIT,0.032903950964988715
DAYS_REGISTRATION,FLAG_DOCUMENT_3,0.032892519241063845
AMT_CREDIT,PREVIOUS_APP_COUNT,0.03288119664860454
DAYS_EMPLOYED,AMT_REQ_CREDIT_BUREAU_MON,0.032870225782622726
BUREAU_BALANCE_CREDIT_COUNT,LATE_PAYMENT_COUNT,0.032833649414021254
FLAG_DOCUMENT_3,FLAG_DOCUMENT_16,0.03282187137130611
BUREAU_OVERDUE_RATIO,BUREAU_MAX_OVERDUE_RATIO,0.03278751802750588
EXT_SOURCE_2,UNDERPAYMENT_RATE,0.03276719137654196
DAYS_ID_PUBLISH,CREDIT_INCOME_RATIO,0.03274511207468882
FLAG_DOCUMENT_3,EMERGENCYSTATE_MODE_No,0.032697579460066316
REGION_RATING_CLIENT,NAME_INCOME_TYPE_Pensioner,0.032678915450481606
FLAG_DOCUMENT_3,PREVIOUS_REFUSED_COUNT,0.0326666193936453
CNT_FAM_MEMBERS,HAS_BUREAU_HISTORY,0.03266350819181312
FLAG_EMAIL,BUREAU_TOTAL_OVERDUE_MONTHS,0.03263258921843323
HAS_BUREAU_OVERDUE,BUREAU_DEBT_INCOME_RATIO,0.03262900870228156
FLAG_EMP_PHONE,REGION_RATING_CLIENT,0.032609726589477056
DAYS_EMPLOYED,AVG_PAYMENT_DELAY,0.0325684478352534
NAME_EDUCATION_TYPE,BUREAU_BALANCE_CREDIT_COUNT,0.03256073875334634
EXT_SOURCE_2,BUREAU_AVG_MONTHS_REPORTED,0.03253527937306981
CODE_GENDER,PREVIOUS_CANCELED_COUNT,0.032528602846661474
DAYS_EMPLOYED,REGION_RATING_CLIENT,0.032502435089817046
AVG_PAYMENT_DELAY,NAME_INCOME_TYPE_Pensioner,0.03248288364367255
BUREAU_TOTAL_SEVERE_OVERDUE_MONTHS,PREVIOUS_REFUSED_COUNT,0.03245572407892055
FLAG_OWN_CAR,PREVIOUS_CANCELED_COUNT,0.03245314606863636
FLAG_EMP_PHONE,AMT_REQ_CREDIT_BUREAU_MON,0.03244317732341669
AMT_REQ_CREDIT_BUREAU_MON,NAME_INCOME_TYPE_Pensioner,0.032441265308479045
PREVIOUS_AVG_APPLICATION,EMERGENCYSTATE_MODE_No,0.03243277130360231
REG_REGION_NOT_WORK_REGION,BUREAU_CREDIT_GROUP,0.03242145622731724
FLAG_EMP_PHONE,AVG_PAYMENT_DELAY,0.0324177627121013
FLAG_EMAIL,BUREAU_CREDIT_COUNT,0.032404955281543794
AMT_CREDIT,FLAG_DOCUMENT_18,0.03235760922088514
PREVIOUS_APPROVAL_RATE,LATE_PAYMENT_RATE,0.032321470292897295
AMT_REQ_CREDIT_BUREAU_MON,PREVIOUS_REFUSAL_RATE,0.03230283612703499
FLAG_DOCUMENT_3,AVG_PAYMENT_DELAY,0.032284988395140525
FLAG_PHONE,AMT_REQ_CREDIT_BUREAU_MON,0.032232329817131686
REGION_POPULATION_RELATIVE,FLAG_DOCUMENT_13,0.03221804923748852
BUREAU_OVERDUE_COUNT,BUREAU_TOTAL_OVERDUE_MONTHS,0.03219521160980744
LIVE_CITY_NOT_WORK_CITY,BUREAU_CREDIT_COUNT,0.032149303985291984
REGION_RATING_CLIENT,BUREAU_TOTAL_DEBT,0.03214084873781371
FLAG_DOCUMENT_8,HAS_BUREAU_BALANCE_HISTORY,0.0321395256529971
FLAG_EMAIL,BUREAU_AVG_OVERDUE_RATIO,0.0321162071646477
AMT_GOODS_PRICE,BUREAU_AVG_MONTHS_REPORTED,0.03210591509361749
ORGANIZATION_TYPE,PREVIOUS_CANCELED_COUNT,0.03209628993284955
HOUR_APPR_PROCESS_START,WALLSMATERIAL_MODE_Wooden,0.03209196530115306
BUREAU_ACTIVE_COUNT,BUREAU_OVERDUE_RATIO,0.03206817404491035
DEBT_INCOME_GROUP,PREVIOUS_APPROVED_COUNT,0.032046738428745926
BUREAU_MAX_OVERDUE_DAYS,BUREAU_CREDIT_GROUP,0.032032043130104756
AMT_GOODS_PRICE,FLAG_DOCUMENT_15,0.032029333452441376
PREVIOUS_UNUSED_COUNT,PREVIOUS_AVG_APPLICATION,0.03200632236930288
REG_REGION_NOT_LIVE_REGION,FLAG_DOCUMENT_3,0.03198688595828099
BUREAU_CREDIT_GROUP,WALLSMATERIAL_MODE_Panel,0.03191694909513343
BUREAU_DEBT_INCOME_RATIO,BUREAU_MAX_OVERDUE_RATIO,0.03187919687794191
FLAG_EMAIL,PREVIOUS_CANCELED_COUNT,0.031871543782364245
FLAG_PHONE,CREDIT_INCOME_RATIO,0.0318635724784153
NAME_EDUCATION_TYPE,EXT_SOURCE_3,0.03185523101366321
AMT_GOODS_PRICE,FLAG_DOCUMENT_20,0.03185236800122301
FLAG_DOCUMENT_3,PREVIOUS_REFUSAL_RATE,0.03184829304493353
DAYS_ID_PUBLISH,HOUR_APPR_PROCESS_START,0.03183227405382666
AMT_CREDIT,BUREAU_AVG_MONTHS_REPORTED,0.03177757336986017
BUREAU_OVERDUE_RATIO,HAS_BUREAU_HISTORY,0.03172150592190019
FLAG_DOCUMENT_11,AMT_REQ_CREDIT_BUREAU_YEAR,0.03171475193704403
FLAG_DOCUMENT_13,PREVIOUS_APP_COUNT,0.031681729062098984
FLAG_OWN_CAR,ORGANIZATION_TYPE,0.03166670393523094
REGION_RATING_CLIENT_W_CITY,OBS_30_CNT_SOCIAL_CIRCLE,0.031657695498381565
FLAG_DOCUMENT_14,PREVIOUS_APP_COUNT,0.03160624817209973
PREVIOUS_AVG_CREDIT,EMERGENCYSTATE_MODE_No,0.03158342047686129
FLAG_EMAIL,REG_REGION_NOT_WORK_REGION,0.03150958649022199
FLAG_PHONE,PREVIOUS_AVG_APPLICATION,0.03145855705705872
FLAG_EMAIL,DEBT_INCOME_GROUP,0.03141441178960338
AGE_YEARS,LATE_PAYMENT_RATE,0.03140611653189276
DAYS_BIRTH,LATE_PAYMENT_RATE,0.03140611653189246
FLAG_WORK_PHONE,LATE_PAYMENT_RATE,0.031403580750739006
BUREAU_MAX_OVERDUE_RATIO,PREVIOUS_APPROVED_COUNT,0.03131542280416703
REGION_RATING_CLIENT_W_CITY,OBS_60_CNT_SOCIAL_CIRCLE,0.03130996030347837
FLAG_WORK_PHONE,FLAG_DOCUMENT_18,0.031264694435998074
AMT_CREDIT,FLAG_DOCUMENT_20,0.031247643551862776
NAME_EDUCATION_TYPE,FLAG_DOCUMENT_9,0.031239480580266796
EXT_SOURCE_3,DEF_30_CNT_SOCIAL_CIRCLE,0.03122763700113793
AMT_REQ_CREDIT_BUREAU_MON,BUREAU_TOTAL_OVERDUE_MONTHS,0.031218789252654033
AMT_REQ_CREDIT_BUREAU_WEEK,AMT_REQ_CREDIT_BUREAU_YEAR,0.031217980067311964
AMT_CREDIT,FLAG_DOCUMENT_15,0.031210789651656315
REGION_POPULATION_RELATIVE,ORGANIZATION_TYPE,0.031203074710364577
EXT_SOURCE_2,DEF_30_CNT_SOCIAL_CIRCLE,0.031198653146287107
NAME_EDUCATION_TYPE,PREVIOUS_UNUSED_COUNT,0.031196583801396786
LIVE_REGION_NOT_WORK_REGION,PREVIOUS_APPROVED_COUNT,0.031180459148925754
NAME_EDUCATION_TYPE,DEF_60_CNT_SOCIAL_CIRCLE,0.031177205688126236
DEF_30_CNT_SOCIAL_CIRCLE,UNDERPAYMENT_RATE,0.031139152528354634
REG_CITY_NOT_WORK_CITY,BUREAU_ACTIVE_RATIO,0.031109804307968832
OCCUPATION_TYPE,PREVIOUS_CANCELED_COUNT,0.03110761689624588
REG_REGION_NOT_LIVE_REGION,CREDIT_INCOME_RATIO,0.031072841955229816
DAYS_LAST_PHONE_CHANGE,EMERGENCYSTATE_MODE_No,0.030935671776867568
DAYS_LAST_PHONE_CHANGE,WALLSMATERIAL_MODE_Missing,0.03092936883137465
CNT_FAM_MEMBERS,REGION_RATING_CLIENT_W_CITY,0.030786477716269623
CNT_FAM_MEMBERS,WALLSMATERIAL_MODE_Panel,0.03077292463175987
AMT_GOODS_PRICE,FLAG_DOCUMENT_18,0.030706868445316216
NAME_EDUCATION_TYPE,FLAG_PHONE,0.03069297498756863
FLAG_OWN_CAR,FLAG_EMAIL,0.030692926649059808
FLAG_PHONE,PREVIOUS_AVG_CREDIT,0.030649543213366878
FLAG_DOCUMENT_15,FLAG_DOCUMENT_20,0.030619702177605006
FLAG_EMAIL,FLAG_DOCUMENT_8,0.030525715361744466
LIVE_CITY_NOT_WORK_CITY,BUREAU_CREDIT_GROUP,0.03049831202667059
FLAG_EMAIL,PREVIOUS_UNUSED_COUNT,0.030497966746741555
FLAG_DOCUMENT_14,AGE_YEARS,0.030494684612781386
DAYS_BIRTH,FLAG_DOCUMENT_14,0.030494684612780425
REGION_RATING_CLIENT_W_CITY,BUREAU_ACTIVE_COUNT,0.030420956742555228
FLAG_CONT_MOBILE,PREVIOUS_APP_COUNT,0.030414522839759983
OCCUPATION_TYPE,BUREAU_ACTIVE_COUNT,0.030400744580287804
FLAG_DOCUMENT_3,WALLSMATERIAL_MODE_Missing,0.030380973800165748
REG_CITY_NOT_WORK_CITY,PREVIOUS_APPROVED_COUNT,0.030337424705477824
DAYS_ID_PUBLISH,PREVIOUS_REFUSAL_RATE,0.03028764141467363
FLAG_PHONE,DEF_30_CNT_SOCIAL_CIRCLE,0.030283010700684274
BUREAU_CREDIT_COUNT,BUREAU_MAX_OVERDUE_DAYS,0.03026554134843684
NAME_CONTRACT_TYPE,FLAG_DOCUMENT_5,0.03025153166710867
EXT_SOURCE_2,LATE_PAYMENT_RATE,0.030245703139133332
AMT_REQ_CREDIT_BUREAU_MON,BUREAU_MAX_OVERDUE_RATIO,0.030235619372043606
AMT_INCOME_TOTAL,WALLSMATERIAL_MODE_Panel,0.030232903944694973
BUREAU_TOTAL_SEVERE_OVERDUE_MONTHS,PREVIOUS_REFUSAL_RATE,0.030206317546075844
BUREAU_CREDIT_COUNT,LATE_PAYMENT_RATE,0.03017601612283878
ORGANIZATION_TYPE,AMT_REQ_CREDIT_BUREAU_YEAR,0.030172317695915718
NAME_EDUCATION_TYPE,LIVE_CITY_NOT_WORK_CITY,0.030150984695831162
PREVIOUS_AVG_APPLICATION,WALLSMATERIAL_MODE_Missing,0.030147543829679494
FLAG_WORK_PHONE,"WALLSMATERIAL_MODE_Stone, brick",0.03013539226502787
HOUR_APPR_PROCESS_START,WALLSMATERIAL_MODE_Panel,0.030135001998677288
REGION_POPULATION_RELATIVE,DAYS_BIRTH,0.030124073134434576
REGION_POPULATION_RELATIVE,AGE_YEARS,0.030124073134434076
ORGANIZATION_TYPE,HAS_BUREAU_HISTORY,0.030120585200480787
FLAG_DOCUMENT_13,AMT_REQ_CREDIT_BUREAU_YEAR,0.030034636173577708
DEF_30_CNT_SOCIAL_CIRCLE,LATE_PAYMENT_COUNT,0.03003423142077483
FLAG_WORK_PHONE,FLOORSMAX_MEDI,0.029994067572452023
REGION_RATING_CLIENT,BUREAU_ACTIVE_COUNT,0.029965587643782373
FLAG_OWN_REALTY,PREVIOUS_REFUSED_COUNT,0.029956820008196525
REGION_POPULATION_RELATIVE,CREDIT_INCOME_RATIO,0.02995555891063413
EXT_SOURCE_3,AMT_REQ_CREDIT_BUREAU_QRT,0.02992424156226328
FLAG_CONT_MOBILE,DAYS_LAST_PHONE_CHANGE,0.02991563939046657
CNT_CHILDREN,FLAG_PHONE,0.02990001068610324
BUREAU_AVG_SEVERE_OVERDUE_RATIO,PREVIOUS_REFUSAL_RATE,0.029890782990357537
FLAG_DOCUMENT_15,PREVIOUS_APPROVAL_RATE,0.029875171825319107
PREVIOUS_UNUSED_COUNT,UNDERPAYMENT_RATE,0.02986195456826233
NAME_EDUCATION_TYPE,PREVIOUS_CANCELED_COUNT,0.029861485676815857
DAYS_REGISTRATION,NAME_INCOME_TYPE_State servant,0.02985592941505357
BUREAU_ACTIVE_COUNT,WALLSMATERIAL_MODE_Missing,0.029813150080706063
CREDIT_INCOME_RATIO,BUREAU_CREDIT_GROUP,0.0297772326468983
FLAG_DOCUMENT_14,AMT_REQ_CREDIT_BUREAU_YEAR,0.02975522319563436
AMT_CREDIT,FLAG_DOCUMENT_11,0.029697690969678364
NAME_INCOME_TYPE_Working,WALLSMATERIAL_MODE_Panel,0.029682960872042242
FLAG_CONT_MOBILE,CREDIT_INCOME_RATIO,0.02966470264326343
BUREAU_DEBT_INCOME_RATIO,BUREAU_AVG_MONTHS_REPORTED,0.02966023939483102
NAME_CONTRACT_TYPE,CNT_CHILDREN,0.029648753476998246
FLAG_EMAIL,LATE_PAYMENT_COUNT,0.029580944789432545
HAS_BUREAU_OVERDUE,BUREAU_TOTAL_OVERDUE_MONTHS,0.029580357275751153
FLAG_CONT_MOBILE,FLAG_DOCUMENT_16,0.029572672071053387
EXT_SOURCE_2,FLAG_DOCUMENT_3,0.029543818828241305
FLOORSMAX_MEDI,OBS_30_CNT_SOCIAL_CIRCLE,0.02953860158460707
REG_CITY_NOT_LIVE_CITY,PREVIOUS_APPROVED_COUNT,0.029520461073653356
BUREAU_AVG_SEVERE_OVERDUE_RATIO,PREVIOUS_REFUSED_COUNT,0.029510323679056472
DAYS_REGISTRATION,LATE_PAYMENT_COUNT,0.029493746678112845
CNT_FAM_MEMBERS,BUREAU_CREDIT_COUNT,0.029492923579258475
EXT_SOURCE_2,WALLSMATERIAL_MODE_Monolithic,0.029465609456645735
BUREAU_MAX_OVERDUE_RATIO,PREVIOUS_APPROVAL_RATE,0.0294586527692707
FLAG_DOCUMENT_3,PREVIOUS_APPROVAL_RATE,0.02944381331482627
LIVE_REGION_NOT_WORK_REGION,EXT_SOURCE_2,0.029392640804431096
BUREAU_TOTAL_SEVERE_OVERDUE_MONTHS,AVG_PAYMENT_DELAY,0.02930200191086525
FLAG_DOCUMENT_8,FLAG_DOCUMENT_14,0.029299527825207016
FLAG_DOCUMENT_8,PREVIOUS_APPROVED_COUNT,0.029266733173356412
FLOORSMAX_MEDI,OBS_60_CNT_SOCIAL_CIRCLE,0.029262665374664678
REGION_POPULATION_RELATIVE,EMERGENCYSTATE_MODE_Yes,0.02924770072894872
REG_REGION_NOT_WORK_REGION,OBS_60_CNT_SOCIAL_CIRCLE,0.029203263338113676
BUREAU_CREDIT_GROUP,BUREAU_TOTAL_SEVERE_OVERDUE_MONTHS,0.02917776076481796
PREVIOUS_AVG_CREDIT,NAME_INCOME_TYPE_State servant,0.029168797603298498
REG_CITY_NOT_LIVE_CITY,BUREAU_ACTIVE_RATIO,0.029167721002190748
PREVIOUS_AVG_CREDIT,WALLSMATERIAL_MODE_Missing,0.029159807377516493
CNT_FAM_MEMBERS,REGION_RATING_CLIENT,0.02913661849128319
FLAG_EMP_PHONE,FLAG_DOCUMENT_11,0.02913553846588733
FLAG_DOCUMENT_11,NAME_INCOME_TYPE_Pensioner,0.0291274961378949
REG_REGION_NOT_WORK_REGION,OBS_30_CNT_SOCIAL_CIRCLE,0.029115824812156275
PREVIOUS_AVG_APPLICATION,NAME_INCOME_TYPE_State servant,0.029102829569624324
HAS_BUREAU_BALANCE_HISTORY,PREVIOUS_APPROVAL_RATE,0.029085197875434086
REG_REGION_NOT_WORK_REGION,EXT_SOURCE_2,0.029042258729822797
AMT_INCOME_TOTAL,DEBT_INCOME_GROUP,0.029030463707390312
FLAG_DOCUMENT_6,BUREAU_ACTIVE_RATIO,0.029009297073549302
OCCUPATION_TYPE,AMT_REQ_CREDIT_BUREAU_YEAR,0.029007337948806576
EXT_SOURCE_3,DEF_60_CNT_SOCIAL_CIRCLE,0.028969618823063908
AMT_REQ_CREDIT_BUREAU_YEAR,UNDERPAYMENT_RATE,0.028928807512272368
FLAG_EMAIL,BUREAU_CREDIT_GROUP,0.028885260078342447
HAS_BUREAU_HISTORY,NAME_INCOME_TYPE_State servant,0.028860490310867463
FLAG_OWN_CAR,HAS_BUREAU_BALANCE_HISTORY,0.0287785062935134
FLAG_OWN_REALTY,FLAG_EMAIL,0.028711281662824776
FLAG_DOCUMENT_16,UNDERPAYMENT_RATE,0.02869351695901336
DAYS_LAST_PHONE_CHANGE,NAME_INCOME_TYPE_State servant,0.028681617660641246
OBS_30_CNT_SOCIAL_CIRCLE,FLAG_DOCUMENT_3,0.02867145262456744
OBS_60_CNT_SOCIAL_CIRCLE,FLAG_DOCUMENT_3,0.028662294957279875
DAYS_ID_PUBLISH,PREVIOUS_APP_COUNT,0.028659363264146715
DAYS_EMPLOYED,FLAG_DOCUMENT_11,0.028656688517953922
PREVIOUS_CANCELED_COUNT,NAME_INCOME_TYPE_Working,0.028651494487024944
HAS_BUREAU_HISTORY,PREVIOUS_CANCELED_COUNT,0.02864675903626012
FLAG_EMAIL,WALLSMATERIAL_MODE_Panel,0.028552696515928396
AMT_REQ_CREDIT_BUREAU_WEEK,DEBT_INCOME_GROUP,0.028503868024678684
AMT_ANNUITY,EXT_SOURCE_3,0.02845938972334838
BUREAU_ACTIVE_COUNT,EMERGENCYSTATE_MODE_No,0.028436198668969827
EXT_SOURCE_3,FLAG_DOCUMENT_3,0.02840789860398952
REG_CITY_NOT_LIVE_CITY,LIVE_CITY_NOT_WORK_CITY,0.02839295598892784
EXT_SOURCE_2,NAME_INCOME_TYPE_State servant,0.02838960587439365
DAYS_BIRTH,PREVIOUS_REFUSAL_RATE,0.028373222412280238
AGE_YEARS,PREVIOUS_REFUSAL_RATE,0.028373222412279603
AMT_INCOME_TOTAL,EXT_SOURCE_3,0.028370492787371828
BUREAU_ACTIVE_RATIO,BUREAU_AVG_MONTHS_REPORTED,0.028337261729468422
CNT_FAM_MEMBERS,DAYS_LAST_PHONE_CHANGE,0.02826683083447998
REGION_RATING_CLIENT_W_CITY,REG_CITY_NOT_WORK_CITY,0.028258499797225098
FLAG_PHONE,DEF_60_CNT_SOCIAL_CIRCLE,0.02825701236224425
DAYS_LAST_PHONE_CHANGE,FLAG_DOCUMENT_14,0.02825375377030677
DAYS_REGISTRATION,REG_REGION_NOT_LIVE_REGION,0.028218915408013214
CODE_GENDER,EMERGENCYSTATE_MODE_No,0.02813999625731228
OCCUPATION_TYPE,FLAG_DOCUMENT_16,0.028051172590031412
FLAG_OWN_CAR,BUREAU_AVG_MONTHS_REPORTED,0.028042158969584202
FLAG_DOCUMENT_8,PREVIOUS_APP_COUNT,0.02800094585069072
OVERDUE_SEVERITY,BUREAU_TOTAL_OVERDUE_MONTHS,0.027991356469227124
NAME_CONTRACT_TYPE,EMERGENCYSTATE_MODE_No,0.027948369949012692
FLAG_DOCUMENT_6,BUREAU_ACTIVE_COUNT,0.02793093716484595
REG_REGION_NOT_LIVE_REGION,BUREAU_CREDIT_GROUP,0.027828385323576267
AMT_ANNUITY,BUREAU_AVG_OVERDUE_RATIO,0.027825390455346044
AMT_INCOME_TOTAL,REG_REGION_NOT_LIVE_REGION,0.02781301450203391
CODE_GENDER,HAS_BUREAU_HISTORY,0.02780604400027771
LIVE_REGION_NOT_WORK_REGION,FLOORSMAX_MEDI,0.027786351071826067
AMT_GOODS_PRICE,WALLSMATERIAL_MODE_Monolithic,0.02777080166261954
FLAG_DOCUMENT_3,DEBT_INCOME_GROUP,0.02774104707196558
OCCUPATION_TYPE,BUREAU_ACTIVE_RATIO,0.0277319082236103
REG_REGION_NOT_LIVE_REGION,PREVIOUS_APP_COUNT,0.027711963687377907
FLAG_DOCUMENT_3,WALLSMATERIAL_MODE_Panel,0.027692102865742568
FLAG_WORK_PHONE,AMT_REQ_CREDIT_BUREAU_QRT,0.02761347187198904
BUREAU_CREDIT_COUNT,BUREAU_TOTAL_SEVERE_OVERDUE_MONTHS,0.027586293014128006
FLAG_DOCUMENT_8,WALLSMATERIAL_MODE_Panel,0.027585466191364705
BUREAU_CREDIT_GROUP,LATE_PAYMENT_RATE,0.027527806872733734
AMT_REQ_CREDIT_BUREAU_YEAR,PREVIOUS_UNUSED_COUNT,0.027510628163555435
DAYS_REGISTRATION,BUREAU_ACTIVE_COUNT,0.027492113486031356
FLAG_EMAIL,LIVE_REGION_NOT_WORK_REGION,0.02744569095138346
BUREAU_OVERDUE_COUNT,UNDERPAYMENT_RATE,0.02737463453509556
OCCUPATION_TYPE,EXT_SOURCE_2,0.027350178796006354
FLAG_DOCUMENT_8,BUREAU_AVG_MONTHS_REPORTED,0.02723766131943274
AMT_ANNUITY,FLAG_DOCUMENT_13,0.027232056575739388
REG_REGION_NOT_LIVE_REGION,BUREAU_CREDIT_COUNT,0.027195096471002853
AMT_REQ_CREDIT_BUREAU_HOUR,HAS_BUREAU_HISTORY,0.02716954499274006
BUREAU_TOTAL_DEBT,PREVIOUS_APPROVAL_RATE,0.027149547386303232
CNT_CHILDREN,DAYS_ID_PUBLISH,0.027128636940543616
HOUR_APPR_PROCESS_START,PREVIOUS_APP_COUNT,0.02711436258391857
AMT_GOODS_PRICE,REG_CITY_NOT_LIVE_CITY,0.027092381850349945
BUREAU_CREDIT_GROUP,AVG_PAYMENT_DELAY,0.027077184348773414
AMT_REQ_CREDIT_BUREAU_QRT,PREVIOUS_AVG_CREDIT,0.02704227338893368
NAME_CONTRACT_TYPE,AMT_REQ_CREDIT_BUREAU_QRT,0.02703181411000761
CNT_FAM_MEMBERS,EXT_SOURCE_3,0.027025689051107787
AMT_ANNUITY,BUREAU_ACTIVE_RATIO,0.027009397341999974
NAME_EDUCATION_TYPE,FLAG_DOCUMENT_16,0.026951686659635574
HOUR_APPR_PROCESS_START,FLAG_DOCUMENT_5,0.026950108023103162
AMT_CREDIT,WALLSMATERIAL_MODE_Monolithic,0.026934164328109175
DAYS_REGISTRATION,LIVE_REGION_NOT_WORK_REGION,0.02690610200274183
FLOORSMAX_MEDI,FLAG_DOCUMENT_9,0.02687724933238874
FLAG_DOCUMENT_6,FLAG_DOCUMENT_16,0.02686753185304361
AMT_ANNUITY,FLAG_WORK_PHONE,0.026850282369537643
BUREAU_TOTAL_DEBT,BUREAU_TOTAL_OVERDUE_MONTHS,0.026828730610841088
AMT_CREDIT,REG_CITY_NOT_LIVE_CITY,0.026815556191948257
DAYS_ID_PUBLISH,FLAG_EMAIL,0.026777729888701158
CREDIT_INCOME_RATIO,BUREAU_AVG_OVERDUE_RATIO,0.026744692404753755
FLAG_OWN_REALTY,FLAG_DOCUMENT_20,0.026733695943460072
REG_CITY_NOT_LIVE_CITY,HAS_BUREAU_HISTORY,0.026695806283053302
NAME_CONTRACT_TYPE,FLAG_DOCUMENT_11,0.026625312169592602
DAYS_BIRTH,FLAG_DOCUMENT_13,0.026591255015397247
FLAG_DOCUMENT_13,AGE_YEARS,0.026591255015396022
ORGANIZATION_TYPE,EXT_SOURCE_3,0.026580593738615307
OBS_60_CNT_SOCIAL_CIRCLE,PREVIOUS_REFUSAL_RATE,0.026550594334077166
REGION_RATING_CLIENT,PREVIOUS_APPROVED_COUNT,0.02653586358784062
NAME_CONTRACT_TYPE,REGION_POPULATION_RELATIVE,0.026511619061552368
BUREAU_OVERDUE_COUNT,PREVIOUS_REFUSAL_RATE,0.026496281311929562
FLAG_DOCUMENT_3,UNDERPAYMENT_RATE,0.026495409984434153
FLAG_DOCUMENT_20,CREDIT_INCOME_RATIO,0.026451427926188795
DEBT_INCOME_GROUP,AVG_PAYMENT_DELAY,0.02642040653625423
REGION_POPULATION_RELATIVE,FLAG_DOCUMENT_11,0.026418141097778545
CNT_CHILDREN,REGION_POPULATION_RELATIVE,0.02641166655459411
NAME_CONTRACT_TYPE,WALLSMATERIAL_MODE_Missing,0.026411659258912604
OBS_30_CNT_SOCIAL_CIRCLE,PREVIOUS_REFUSAL_RATE,0.026394884612293286
FLOORSMAX_MEDI,FLAG_DOCUMENT_13,0.026380229806970745
FLAG_DOCUMENT_3,BUREAU_TOTAL_OVERDUE_MONTHS,0.026369447180521723
FLAG_OWN_REALTY,DAYS_LAST_PHONE_CHANGE,0.026327368697210512
AMT_REQ_CREDIT_BUREAU_WEEK,BUREAU_ACTIVE_RATIO,0.02631587026204325
BUREAU_TOTAL_DEBT,WALLSMATERIAL_MODE_Monolithic,0.026311323321919492
CNT_FAM_MEMBERS,PREVIOUS_CANCELED_COUNT,0.02629372401051642
AMT_REQ_CREDIT_BUREAU_MON,PREVIOUS_UNUSED_COUNT,0.026279038293679946
AMT_GOODS_PRICE,REG_REGION_NOT_LIVE_REGION,0.02626838648025922
CREDIT_INCOME_RATIO,NAME_INCOME_TYPE_Working,0.026217206022919503
LIVE_REGION_NOT_WORK_REGION,PREVIOUS_APP_COUNT,0.026203870058150676
FLAG_DOCUMENT_8,FLAG_DOCUMENT_15,0.026198387450317016
AMT_CREDIT,FLAG_PHONE,0.02618516205186963
BUREAU_CREDIT_GROUP,BUREAU_AVG_OVERDUE_RATIO,0.02611782289937359
FLAG_OWN_CAR,"WALLSMATERIAL_MODE_Stone, brick",0.026111907065015493
DAYS_BIRTH,FLAG_DOCUMENT_21,0.026108512737011893
FLAG_DOCUMENT_21,AGE_YEARS,0.0261085127370114
REGION_RATING_CLIENT_W_CITY,DAYS_LAST_PHONE_CHANGE,0.026107983414339436
REGION_RATING_CLIENT,DAYS_LAST_PHONE_CHANGE,0.026086494119735786
BUREAU_OVERDUE_RATIO,DEBT_INCOME_GROUP,0.026081444588199915
FLAG_DOCUMENT_3,LATE_PAYMENT_COUNT,0.026071531852325105
FLAG_OWN_REALTY,DAYS_REGISTRATION,0.026038925190236095
OVERDUE_SEVERITY,BUREAU_AVG_OVERDUE_RATIO,0.025993621371657453
FLAG_WORK_PHONE,PREVIOUS_APPROVAL_RATE,0.02598142977538134
OCCUPATION_TYPE,FLAG_DOCUMENT_18,0.025960589134278518
FLAG_WORK_PHONE,PREVIOUS_AVG_CREDIT,0.025907293686881633
FLAG_DOCUMENT_14,EMERGENCYSTATE_MODE_No,0.025875022377847126
TOTALAREA_MODE,FLAG_DOCUMENT_14,0.02587464277300592
AMT_REQ_CREDIT_BUREAU_QRT,PREVIOUS_AVG_APPLICATION,0.02585752979014839
AMT_REQ_CREDIT_BUREAU_WEEK,PREVIOUS_APP_COUNT,0.025760900270510156
DAYS_LAST_PHONE_CHANGE,WALLSMATERIAL_MODE_Panel,0.025727363693489266
OBS_60_CNT_SOCIAL_CIRCLE,LATE_PAYMENT_COUNT,0.025711668056521638
FLAG_DOCUMENT_20,PREVIOUS_APPROVAL_RATE,0.025671948780075574
CODE_GENDER,WALLSMATERIAL_MODE_Missing,0.025617619166390663
HOUR_APPR_PROCESS_START,AMT_REQ_CREDIT_BUREAU_YEAR,0.025592369663054417
DEF_30_CNT_SOCIAL_CIRCLE,PREVIOUS_APP_COUNT,0.025542545624978086
BUREAU_OVERDUE_COUNT,BUREAU_TOTAL_DEBT,0.025514818052917464
FLAG_DOCUMENT_11,PREVIOUS_CANCELED_COUNT,0.025511041872976644
OBS_30_CNT_SOCIAL_CIRCLE,LATE_PAYMENT_COUNT,0.02548045229442489
DEBT_INCOME_GROUP,LATE_PAYMENT_COUNT,0.025437161718079644
AMT_INCOME_TOTAL,DAYS_REGISTRATION,0.025405562986646375
FLOORSMAX_MEDI,PREVIOUS_APPROVED_COUNT,0.025394094260562942
FLAG_PHONE,BUREAU_DEBT_INCOME_RATIO,0.025387496850792904
FLAG_EMAIL,AMT_REQ_CREDIT_BUREAU_MON,0.025381118683291452
BUREAU_OVERDUE_COUNT,PREVIOUS_REFUSED_COUNT,0.025312395396423285
AMT_GOODS_PRICE,PREVIOUS_CANCELED_COUNT,0.025303263740255492
CODE_GENDER,DAYS_LAST_PHONE_CHANGE,0.025208936559517687
FLAG_DOCUMENT_3,BUREAU_AVG_OVERDUE_RATIO,0.02517173589349498
BUREAU_AVG_SEVERE_OVERDUE_RATIO,AVG_PAYMENT_DELAY,0.025156626500356195
AMT_GOODS_PRICE,DEF_60_CNT_SOCIAL_CIRCLE,0.025138423847189076
REGION_RATING_CLIENT,WALLSMATERIAL_MODE_Wooden,0.02510695691911587
FLAG_EMP_PHONE,FLAG_DOCUMENT_13,0.025055734147210768
FLAG_DOCUMENT_13,NAME_INCOME_TYPE_Pensioner,0.025047826085258035
DEF_30_CNT_SOCIAL_CIRCLE,PREVIOUS_REFUSAL_RATE,0.02501733752301199
AMT_GOODS_PRICE,AMT_REQ_CREDIT_BUREAU_QRT,0.025007734287613978
HAS_BUREAU_OVERDUE,UNDERPAYMENT_RATE,0.02500704060250847
LIVE_REGION_NOT_WORK_REGION,EXT_SOURCE_3,0.024964310117603295
CNT_CHILDREN,REGION_RATING_CLIENT,0.024958606182215053
DAYS_EMPLOYED,FLAG_DOCUMENT_13,0.02495322568494304
CNT_CHILDREN,REGION_RATING_CLIENT_W_CITY,0.024932231176983823
REGION_POPULATION_RELATIVE,CNT_FAM_MEMBERS,0.024927631646463017
AMT_CREDIT,FLAG_DOCUMENT_9,0.024917392446873333
AMT_REQ_CREDIT_BUREAU_WEEK,BUREAU_AVG_OVERDUE_RATIO,0.024911729772307493
DEF_30_CNT_SOCIAL_CIRCLE,PREVIOUS_REFUSED_COUNT,0.024865156464615186
NAME_CONTRACT_TYPE,FLOORSMAX_MEDI,0.02486266110259688
AMT_CREDIT,AMT_REQ_CREDIT_BUREAU_QRT,0.024843287531338208
FLAG_CONT_MOBILE,AMT_REQ_CREDIT_BUREAU_YEAR,0.024831598974590575
AMT_INCOME_TOTAL,AMT_REQ_CREDIT_BUREAU_MON,0.02482450851492661
PREVIOUS_APPROVAL_RATE,NAME_INCOME_TYPE_State servant,0.02479970815586636
AMT_GOODS_PRICE,FLAG_DOCUMENT_9,0.02478038766660711
DAYS_ID_PUBLISH,FLAG_DOCUMENT_8,0.024758245293340544
DAYS_REGISTRATION,FLAG_DOCUMENT_16,0.024753871736132978
AMT_ANNUITY,DEF_60_CNT_SOCIAL_CIRCLE,0.024749206502229323
FLAG_CONT_MOBILE,PREVIOUS_AVG_CREDIT,0.024736664738517128
OBS_60_CNT_SOCIAL_CIRCLE,PREVIOUS_CANCELED_COUNT,0.024713025951888748
FLAG_DOCUMENT_14,WALLSMATERIAL_MODE_Missing,0.024705049567980846
BUREAU_CREDIT_COUNT,AVG_PAYMENT_DELAY,0.02469804359928466
AMT_INCOME_TOTAL,DAYS_BIRTH,0.024686655689801607
AMT_INCOME_TOTAL,AGE_YEARS,0.024686655689801166
FLAG_PHONE,AMT_REQ_CREDIT_BUREAU_YEAR,0.024671103594175684
BUREAU_CREDIT_GROUP,"WALLSMATERIAL_MODE_Stone, brick",0.02466222670170112
AMT_REQ_CREDIT_BUREAU_HOUR,HAS_BUREAU_BALANCE_HISTORY,0.024653283787710218
OBS_30_CNT_SOCIAL_CIRCLE,PREVIOUS_CANCELED_COUNT,0.024651445239649808
FLAG_DOCUMENT_6,FLAG_DOCUMENT_18,0.024568450023376966
LIVE_REGION_NOT_WORK_REGION,BUREAU_CREDIT_COUNT,0.024554301227351843
REG_REGION_NOT_LIVE_REGION,EMERGENCYSTATE_MODE_No,0.024552473118218794
AMT_REQ_CREDIT_BUREAU_WEEK,BUREAU_MAX_OVERDUE_RATIO,0.02455124717279956
BUREAU_BALANCE_CREDIT_COUNT,NAME_INCOME_TYPE_State servant,0.02448927724326213
HAS_BUREAU_HISTORY,EMERGENCYSTATE_MODE_No,0.024478658996488243
HOUR_APPR_PROCESS_START,FLAG_DOCUMENT_13,0.024470782516356114
BUREAU_TOTAL_OVERDUE_MONTHS,PREVIOUS_APPROVAL_RATE,0.024420780540294857
AMT_INCOME_TOTAL,HAS_BUREAU_HISTORY,0.024414499423376243
DEF_60_CNT_SOCIAL_CIRCLE,PREVIOUS_APP_COUNT,0.02438897765540731
HAS_BUREAU_HISTORY,WALLSMATERIAL_MODE_Missing,0.024336949354628
FLAG_PHONE,LIVE_CITY_NOT_WORK_CITY,0.024307892890458784
DAYS_REGISTRATION,PREVIOUS_REFUSED_COUNT,0.024305142236673412
REG_CITY_NOT_WORK_CITY,WALLSMATERIAL_MODE_Mixed,0.02429610340948222
AMT_CREDIT,DEF_60_CNT_SOCIAL_CIRCLE,0.024288224765696698
FLAG_OWN_CAR,AMT_REQ_CREDIT_BUREAU_YEAR,0.024287089439449554
OBS_60_CNT_SOCIAL_CIRCLE,DEBT_INCOME_GROUP,0.02428217535388587
REG_CITY_NOT_WORK_CITY,HAS_BUREAU_HISTORY,0.024279943673565896
CNT_FAM_MEMBERS,BUREAU_ACTIVE_RATIO,0.024227070500691852
REG_REGION_NOT_LIVE_REGION,NAME_INCOME_TYPE_Working,0.024220064695530594
AMT_CREDIT,REG_REGION_NOT_LIVE_REGION,0.024150633516930673
FLAG_WORK_PHONE,PREVIOUS_AVG_APPLICATION,0.024143697379332255
FLAG_EMAIL,BUREAU_DEBT_INCOME_RATIO,0.02412240405162062
FLAG_DOCUMENT_18,CREDIT_INCOME_RATIO,0.02412206666748928
OCCUPATION_TYPE,PREVIOUS_APPROVED_COUNT,0.024102742247695208
AMT_INCOME_TOTAL,BUREAU_ACTIVE_RATIO,0.024077577409602223
FLAG_DOCUMENT_3,FLAG_DOCUMENT_21,0.02407281841583779
FLAG_EMP_PHONE,PREVIOUS_REFUSAL_RATE,0.024066631348616276
BUREAU_CREDIT_COUNT,"WALLSMATERIAL_MODE_Stone, brick",0.024016439953996854
PREVIOUS_REFUSAL_RATE,NAME_INCOME_TYPE_Pensioner,0.02400527983668261
BUREAU_BALANCE_CREDIT_COUNT,EMERGENCYSTATE_MODE_No,0.02399939707036512
AMT_ANNUITY,DEF_30_CNT_SOCIAL_CIRCLE,0.023994425864792935
NAME_EDUCATION_TYPE,PREVIOUS_REFUSED_COUNT,0.023993681264441104
DAYS_REGISTRATION,PREVIOUS_UNUSED_COUNT,0.023980133875954195
OBS_30_CNT_SOCIAL_CIRCLE,DEBT_INCOME_GROUP,0.023979351643611795
NAME_CONTRACT_TYPE,OBS_60_CNT_SOCIAL_CIRCLE,0.023976131462882518
BUREAU_OVERDUE_COUNT,LATE_PAYMENT_RATE,0.02396303191874387
FLAG_CONT_MOBILE,PREVIOUS_AVG_APPLICATION,0.023957293259274082
LIVE_CITY_NOT_WORK_CITY,CREDIT_INCOME_RATIO,0.02394846696648288
NAME_EDUCATION_TYPE,WALLSMATERIAL_MODE_Wooden,0.02394522176326216
FLAG_DOCUMENT_6,PREVIOUS_CANCELED_COUNT,0.02394121217848849
DEF_60_CNT_SOCIAL_CIRCLE,UNDERPAYMENT_RATE,0.023933969193092416
AMT_ANNUITY,BUREAU_CREDIT_GROUP,0.023930202343977258
REG_REGION_NOT_LIVE_REGION,WALLSMATERIAL_MODE_Missing,0.023924722284156767
PREVIOUS_AVG_CREDIT,UNDERPAYMENT_RATE,0.02387865191176636
AMT_CREDIT,FLAG_WORK_PHONE,0.02387409949286709
FLAG_EMAIL,EXT_SOURCE_2,0.023856073395683096
FLAG_DOCUMENT_18,UNDERPAYMENT_RATE,0.023855270860854986
BUREAU_AVG_MONTHS_REPORTED,PREVIOUS_REFUSED_COUNT,0.023849577245383915
REG_CITY_NOT_WORK_CITY,WALLSMATERIAL_MODE_Wooden,0.0238390792326084
AMT_ANNUITY,BUREAU_CREDIT_COUNT,0.023809751819711768
NAME_CONTRACT_TYPE,OBS_30_CNT_SOCIAL_CIRCLE,0.02380220393327243
AMT_GOODS_PRICE,BUREAU_DEBT_INCOME_RATIO,0.023779468013351828
FLAG_EMP_PHONE,FLAG_DOCUMENT_9,0.02377128670895205
CNT_CHILDREN,"WALLSMATERIAL_MODE_Stone, brick",0.02376575351755272
DAYS_BIRTH,UNDERPAYMENT_RATE,0.02376317565677443
AGE_YEARS,UNDERPAYMENT_RATE,0.023763175656774018
HAS_BUREAU_HISTORY,PREVIOUS_AVG_CREDIT,0.023759604963398524
DAYS_EMPLOYED,FLAG_DOCUMENT_9,0.023744711762952217
PREVIOUS_APPROVAL_RATE,"WALLSMATERIAL_MODE_Stone, brick",0.02374308391324193
CODE_GENDER,PREVIOUS_AVG_CREDIT,0.023710545494317475
AMT_CREDIT,PREVIOUS_CANCELED_COUNT,0.023707386237389008
EXT_SOURCE_2,FLAG_DOCUMENT_13,0.02370355297093641
AMT_CREDIT,FLAG_CONT_MOBILE,0.02366542459606693
CREDIT_INCOME_RATIO,"WALLSMATERIAL_MODE_Stone, brick",0.023629316564019818
DAYS_EMPLOYED,PREVIOUS_REFUSAL_RATE,0.023628145811492158
FLAG_DOCUMENT_9,NAME_INCOME_TYPE_Pensioner,0.023591238401262888
AMT_REQ_CREDIT_BUREAU_YEAR,BUREAU_AVG_OVERDUE_RATIO,0.023590488292240547
CODE_GENDER,REG_REGION_NOT_LIVE_REGION,0.023569709489038707
FLAG_WORK_PHONE,PREVIOUS_UNUSED_COUNT,0.023569395444897067
FLAG_DOCUMENT_11,HAS_BUREAU_BALANCE_HISTORY,0.023565768328225982
CODE_GENDER,PREVIOUS_APPROVAL_RATE,0.023544358802677794
DAYS_EMPLOYED,DAYS_LAST_PHONE_CHANGE,0.02353797948665719
LIVE_CITY_NOT_WORK_CITY,DAYS_LAST_PHONE_CHANGE,0.023519190999519556
LIVE_CITY_NOT_WORK_CITY,WALLSMATERIAL_MODE_Wooden,0.02350636840059548
FLAG_EMP_PHONE,FLAG_DOCUMENT_14,0.023492222865716516
FLAG_DOCUMENT_14,NAME_INCOME_TYPE_Pensioner,0.02348485360114273
LIVE_REGION_NOT_WORK_REGION,OBS_60_CNT_SOCIAL_CIRCLE,0.023470165128359137
OVERDUE_SEVERITY,PREVIOUS_REFUSAL_RATE,0.023441174401465228
OBS_30_CNT_SOCIAL_CIRCLE,FLAG_DOCUMENT_8,0.023435467741318588
CODE_GENDER,FLAG_DOCUMENT_21,0.023429143258561616
OBS_60_CNT_SOCIAL_CIRCLE,FLAG_DOCUMENT_8,0.023415780843905602
AMT_REQ_CREDIT_BUREAU_QRT,BUREAU_MAX_OVERDUE_RATIO,0.02341510763850824
FLAG_OWN_REALTY,ORGANIZATION_TYPE,0.02340912362095721
LIVE_REGION_NOT_WORK_REGION,OBS_30_CNT_SOCIAL_CIRCLE,0.023405968673060485
HAS_BUREAU_OVERDUE,PREVIOUS_REFUSAL_RATE,0.023404246471500474
HAS_BUREAU_OVERDUE,BUREAU_TOTAL_DEBT,0.023388381185101358
EXT_SOURCE_2,BUREAU_DEBT_INCOME_RATIO,0.02337039229390511
DEF_60_CNT_SOCIAL_CIRCLE,PREVIOUS_REFUSAL_RATE,0.02335417507361636
REG_REGION_NOT_WORK_REGION,ORGANIZATION_TYPE,0.023348254908313795
CNT_FAM_MEMBERS,OBS_30_CNT_SOCIAL_CIRCLE,0.023346884363970626
NAME_CONTRACT_TYPE,FLAG_DOCUMENT_16,0.0233428437576515
CREDIT_INCOME_RATIO,NAME_INCOME_TYPE_State servant,0.02334169537223254
DAYS_REGISTRATION,AMT_REQ_CREDIT_BUREAU_YEAR,0.023332755979169558
OCCUPATION_TYPE,DAYS_LAST_PHONE_CHANGE,0.023314691484888645
DAYS_EMPLOYED,FLAG_DOCUMENT_14,0.023312655065048045
HOUR_APPR_PROCESS_START,BUREAU_ACTIVE_RATIO,0.02330870811221009
TOTALAREA_MODE,PREVIOUS_APPROVAL_RATE,0.023307452408158635
BUREAU_MAX_OVERDUE_RATIO,PREVIOUS_CANCELED_COUNT,0.023292630804462363
FLAG_PHONE,PREVIOUS_REFUSAL_RATE,0.023290012639006007
FLAG_DOCUMENT_14,PREVIOUS_AVG_CREDIT,0.023236920538419817
BUREAU_BALANCE_CREDIT_COUNT,WALLSMATERIAL_MODE_Missing,0.023223315462877266
AMT_GOODS_PRICE,DEF_30_CNT_SOCIAL_CIRCLE,0.023200531911193402
PREVIOUS_CANCELED_COUNT,UNDERPAYMENT_RATE,0.023192211962615648
OVERDUE_SEVERITY,UNDERPAYMENT_RATE,0.02319122210868026
DEF_60_CNT_SOCIAL_CIRCLE,PREVIOUS_REFUSED_COUNT,0.02318009481706446
ORGANIZATION_TYPE,BUREAU_BALANCE_CREDIT_COUNT,0.023172862736926494
DAYS_ID_PUBLISH,LATE_PAYMENT_COUNT,0.023165837602796734
LIVE_REGION_NOT_WORK_REGION,WALLSMATERIAL_MODE_Monolithic,0.02315954220495095
FLAG_EMAIL,AMT_REQ_CREDIT_BUREAU_WEEK,0.023124861121942304
FLAG_DOCUMENT_20,DEBT_INCOME_GROUP,0.02312368631662612
BUREAU_ACTIVE_RATIO,BUREAU_BALANCE_CREDIT_COUNT,0.023105578505052668
HOUR_APPR_PROCESS_START,FLAG_DOCUMENT_14,0.023103362111975473
FLAG_OWN_REALTY,WALLSMATERIAL_MODE_Missing,0.02304945855240105
CNT_FAM_MEMBERS,OBS_60_CNT_SOCIAL_CIRCLE,0.023046272045793747
CREDIT_INCOME_RATIO,WALLSMATERIAL_MODE_Panel,0.02303367993161442
HAS_BUREAU_OVERDUE,PREVIOUS_REFUSED_COUNT,0.023028113158432582
DAYS_ID_PUBLISH,HAS_BUREAU_BALANCE_HISTORY,0.02302179310988028
DAYS_ID_PUBLISH,PREVIOUS_AVG_APPLICATION,0.023014139851257696
FLAG_EMAIL,HOUR_APPR_PROCESS_START,0.022994206425718876
NAME_EDUCATION_TYPE,CNT_FAM_MEMBERS,0.02298181453359451
PREVIOUS_UNUSED_COUNT,PREVIOUS_REFUSAL_RATE,0.022968123335070163
AMT_REQ_CREDIT_BUREAU_WEEK,PREVIOUS_APPROVED_COUNT,0.022958659126572085
FLAG_DOCUMENT_6,AMT_REQ_CREDIT_BUREAU_MON,0.02295121407489106
REG_REGION_NOT_LIVE_REGION,FLAG_DOCUMENT_6,0.022932597931306444
CODE_GENDER,AMT_GOODS_PRICE,0.02284205005406344
DAYS_BIRTH,FLAG_DOCUMENT_16,0.022836244650252017
FLAG_DOCUMENT_16,AGE_YEARS,0.022836244650251813
FLAG_DOCUMENT_11,BUREAU_CREDIT_GROUP,0.02280196492376951
FLAG_CONT_MOBILE,FLAG_DOCUMENT_8,0.022798497603913667
FLAG_DOCUMENT_15,PREVIOUS_APPROVED_COUNT,0.022769148534914452
DAYS_REGISTRATION,"WALLSMATERIAL_MODE_Stone, brick",0.0227605870078311
REG_REGION_NOT_WORK_REGION,AMT_REQ_CREDIT_BUREAU_YEAR,0.022753067038326608
AMT_REQ_CREDIT_BUREAU_MON,LATE_PAYMENT_COUNT,0.022735890401281107
FLAG_DOCUMENT_18,PREVIOUS_CANCELED_COUNT,0.02273373932387798
AMT_REQ_CREDIT_BUREAU_QRT,AGE_YEARS,0.022718592552828248
DAYS_BIRTH,AMT_REQ_CREDIT_BUREAU_QRT,0.022718592552828005
HOUR_APPR_PROCESS_START,PREVIOUS_UNUSED_COUNT,0.02271037415762023
REG_CITY_NOT_LIVE_CITY,BUREAU_AVG_MONTHS_REPORTED,0.022693694499102295
YEARS_BEGINEXPLUATATION_MEDI,WALLSMATERIAL_MODE_Monolithic,0.022679058045734706
AMT_INCOME_TOTAL,HAS_BUREAU_BALANCE_HISTORY,0.02265471546101518
FLAG_DOCUMENT_17,FLAG_DOCUMENT_20,0.02265108936875359
AMT_REQ_CREDIT_BUREAU_WEEK,PREVIOUS_CANCELED_COUNT,0.022645535735990558
REG_CITY_NOT_WORK_CITY,PREVIOUS_CANCELED_COUNT,0.02262736211017509
OCCUPATION_TYPE,FLAG_DOCUMENT_11,0.022588623926257538
FLAG_OWN_CAR,AMT_REQ_CREDIT_BUREAU_MON,0.02258524810561475
CNT_CHILDREN,FLAG_EMAIL,0.02254586639857861
DEF_30_CNT_SOCIAL_CIRCLE,PREVIOUS_APPROVED_COUNT,0.02253033532518224
OVERDUE_SEVERITY,PREVIOUS_REFUSED_COUNT,0.022517061864421605
PREVIOUS_UNUSED_COUNT,LATE_PAYMENT_COUNT,0.0225167937029291
FLAG_PHONE,PREVIOUS_APPROVAL_RATE,0.022476173836163595
PREVIOUS_UNUSED_COUNT,WALLSMATERIAL_MODE_Missing,0.022471030603485577
AMT_INCOME_TOTAL,NAME_INCOME_TYPE_Working,0.022422712525047052
FLAG_OWN_CAR,FLOORSMAX_MEDI,0.02239419883605952
FLAG_DOCUMENT_3,PREVIOUS_UNUSED_COUNT,0.022393837546707283
LIVE_REGION_NOT_WORK_REGION,BUREAU_CREDIT_GROUP,0.022386645707172352
NAME_CONTRACT_TYPE,REGION_RATING_CLIENT_W_CITY,0.022384646252901437
HOUR_APPR_PROCESS_START,WALLSMATERIAL_MODE_Monolithic,0.022344720074892504
DAYS_LAST_PHONE_CHANGE,FLAG_DOCUMENT_13,0.022344565373001044
DAYS_BIRTH,BUREAU_AVG_OVERDUE_RATIO,0.022328799444756367
AGE_YEARS,BUREAU_AVG_OVERDUE_RATIO,0.022328799444756013
LIVE_REGION_NOT_WORK_REGION,ORGANIZATION_TYPE,0.02231654252144427
CNT_FAM_MEMBERS,BUREAU_BALANCE_CREDIT_COUNT,0.022316311520994486
DAYS_ID_PUBLISH,FLAG_DOCUMENT_11,0.022309606432307904
NAME_INCOME_TYPE_Working,WALLSMATERIAL_MODE_Monolithic,0.022271372029838272
AMT_CREDIT,BUREAU_DEBT_INCOME_RATIO,0.022269383843162776
FLAG_MOBIL,FLAG_DOCUMENT_18,0.022258427728633595
FLAG_DOCUMENT_18,NAME_INCOME_TYPE_State servant,0.022244552640720453
DEF_30_CNT_SOCIAL_CIRCLE,LATE_PAYMENT_RATE,0.022243903906374683
TOTALAREA_MODE,CREDIT_INCOME_RATIO,0.02223464219816903
NAME_EDUCATION_TYPE,FLAG_CONT_MOBILE,0.022217723045698422
FLAG_DOCUMENT_8,EMERGENCYSTATE_MODE_No,0.02219144889478464
HAS_BUREAU_BALANCE_HISTORY,LATE_PAYMENT_COUNT,0.022190118133348247
FLAG_PHONE,HAS_BUREAU_HISTORY,0.022188413128814168
AMT_CREDIT,FLAG_DOCUMENT_19,0.022172655970053648
CNT_CHILDREN,HAS_BUREAU_HISTORY,0.022172194082256423
REG_REGION_NOT_LIVE_REGION,FLAG_DOCUMENT_8,0.02215368603848834
HOUR_APPR_PROCESS_START,REG_CITY_NOT_WORK_CITY,0.022145679093610874
CODE_GENDER,FLAG_DOCUMENT_15,0.02206921236281513
OCCUPATION_TYPE,PREVIOUS_APP_COUNT,0.022062057196708333
HAS_BUREAU_OVERDUE,LATE_PAYMENT_RATE,0.022055969886735784
AMT_ANNUITY,FLAG_CONT_MOBILE,0.022029231992771157
FLAG_DOCUMENT_6,PREVIOUS_REFUSAL_RATE,0.021982709773928157
HAS_BUREAU_HISTORY,BUREAU_AVG_SEVERE_OVERDUE_RATIO,0.02198015319191741
FLAG_DOCUMENT_8,AMT_REQ_CREDIT_BUREAU_YEAR,0.021964782551973008
AMT_INCOME_TOTAL,FLAG_DOCUMENT_13,0.021964642240423004
REG_REGION_NOT_WORK_REGION,EMERGENCYSTATE_MODE_No,0.02195562062986146
FLAG_DOCUMENT_16,EMERGENCYSTATE_MODE_No,0.021952272094726534
TOTALAREA_MODE,OBS_30_CNT_SOCIAL_CIRCLE,0.021933520487695493
AMT_CREDIT,DEF_30_CNT_SOCIAL_CIRCLE,0.021931867676440068
FLAG_EMP_PHONE,LATE_PAYMENT_COUNT,0.021923875886678545
FLAG_EMAIL,BUREAU_ACTIVE_RATIO,0.02191759196098603
CODE_GENDER,PREVIOUS_AVG_APPLICATION,0.02190883515456606
FLAG_WORK_PHONE,BUREAU_ACTIVE_COUNT,0.021906090509846415
FLAG_DOCUMENT_8,BUREAU_DEBT_INCOME_RATIO,0.02189111845516185
EXT_SOURCE_3,AMT_REQ_CREDIT_BUREAU_WEEK,0.02184859948975674
ORGANIZATION_TYPE,PREVIOUS_AVG_APPLICATION,0.021844303746515862
REGION_RATING_CLIENT_W_CITY,PREVIOUS_APPROVED_COUNT,0.021839715887177865
BUREAU_TOTAL_DEBT,PREVIOUS_APP_COUNT,0.021796614960078373
CODE_GENDER,AMT_CREDIT,0.021790397136605705
OCCUPATION_TYPE,AVG_PAYMENT_DELAY,0.021777104134847635
NAME_CONTRACT_TYPE,BUREAU_ACTIVE_RATIO,0.0217746795787156
ORGANIZATION_TYPE,PREVIOUS_UNUSED_COUNT,0.02176478827753524
CNT_CHILDREN,LATE_PAYMENT_RATE,0.021704610344584135
HAS_BUREAU_HISTORY,BUREAU_TOTAL_SEVERE_OVERDUE_MONTHS,0.021703895830792408
FLAG_WORK_PHONE,FLAG_CONT_MOBILE,0.021666595818616463
TOTALAREA_MODE,FLAG_DOCUMENT_13,0.02166254688465252
DEBT_INCOME_GROUP,PREVIOUS_CANCELED_COUNT,0.021654926982613447
EXT_SOURCE_2,OBS_30_CNT_SOCIAL_CIRCLE,0.02165199047529006
FLAG_DOCUMENT_3,FLAG_DOCUMENT_13,0.02162653170464228
FLAG_EMP_PHONE,DAYS_LAST_PHONE_CHANGE,0.021624165436288426
DAYS_ID_PUBLISH,PREVIOUS_AVG_CREDIT,0.021602263329889758
DAYS_ID_PUBLISH,AMT_REQ_CREDIT_BUREAU_QRT,0.021597052399324693
DAYS_LAST_PHONE_CHANGE,NAME_INCOME_TYPE_Pensioner,0.02159642852425944
TOTALAREA_MODE,OBS_60_CNT_SOCIAL_CIRCLE,0.021588171239451268
EXT_SOURCE_2,DEBT_INCOME_GROUP,0.02157594200963602
FLAG_OWN_CAR,REGION_RATING_CLIENT,0.021558475750402244
CNT_FAM_MEMBERS,PREVIOUS_APPROVED_COUNT,0.021557200313083905
LATE_PAYMENT_COUNT,NAME_INCOME_TYPE_Pensioner,0.021555507898047516
CREDIT_INCOME_RATIO,LATE_PAYMENT_RATE,0.021547075327484858
FLAG_OWN_REALTY,EMERGENCYSTATE_MODE_No,0.02153331721196084
FLOORSMAX_MEDI,DEF_30_CNT_SOCIAL_CIRCLE,0.021505476407192647
AMT_INCOME_TOTAL,BUREAU_AVG_MONTHS_REPORTED,0.02147874019096686
DAYS_REGISTRATION,PREVIOUS_APPROVAL_RATE,0.02147452606384581
REGION_RATING_CLIENT,WALLSMATERIAL_MODE_Others,0.021464601033049174
FLAG_WORK_PHONE,BUREAU_OVERDUE_COUNT,0.021450778124560182
EXT_SOURCE_2,FLAG_DOCUMENT_14,0.021448634678475666
PREVIOUS_UNUSED_COUNT,EMERGENCYSTATE_MODE_No,0.021445753687467914
BUREAU_DEBT_INCOME_RATIO,WALLSMATERIAL_MODE_Missing,0.02142678552948413
FLAG_DOCUMENT_3,FLAG_DOCUMENT_7,0.021421419029328686
CODE_GENDER,FLAG_DOCUMENT_18,0.02140766666276931
FLOORSMAX_MEDI,DEF_60_CNT_SOCIAL_CIRCLE,0.021399416431528796
CNT_FAM_MEMBERS,AMT_REQ_CREDIT_BUREAU_YEAR,0.02139719769047259
AGE_YEARS,DEBT_INCOME_GROUP,0.021390754607115436
DAYS_BIRTH,DEBT_INCOME_GROUP,0.021390754607114714
CREDIT_INCOME_RATIO,BUREAU_TOTAL_OVERDUE_MONTHS,0.02138319774586511
DAYS_EMPLOYED,LATE_PAYMENT_COUNT,0.021379341560886164
REG_CITY_NOT_WORK_CITY,PREVIOUS_REFUSAL_RATE,0.021379058571354692
LIVE_REGION_NOT_WORK_REGION,DAYS_LAST_PHONE_CHANGE,0.02137743665151559
PREVIOUS_AVG_APPLICATION,UNDERPAYMENT_RATE,0.02137446690410836
BUREAU_ACTIVE_RATIO,NAME_INCOME_TYPE_State servant,0.02135921848919746
LATE_PAYMENT_COUNT,NAME_INCOME_TYPE_Working,0.02132803990561188
AMT_GOODS_PRICE,FLAG_DOCUMENT_19,0.0212807653014138
FLAG_DOCUMENT_8,BUREAU_AVG_OVERDUE_RATIO,0.02126359855755961
FLAG_DOCUMENT_8,WALLSMATERIAL_MODE_Missing,0.021258892045689818
HAS_BUREAU_HISTORY,PREVIOUS_AVG_APPLICATION,0.021253126109389755
CNT_FAM_MEMBERS,PREVIOUS_UNUSED_COUNT,0.021249377454363602
FLAG_DOCUMENT_16,WALLSMATERIAL_MODE_Missing,0.021246100874491438
BUREAU_AVG_OVERDUE_RATIO,PREVIOUS_APP_COUNT,0.021242193101087856
AMT_GOODS_PRICE,REG_CITY_NOT_WORK_CITY,0.02123853548538669
CODE_GENDER,"WALLSMATERIAL_MODE_Stone, brick",0.021208269101155513
CNT_CHILDREN,AMT_ANNUITY,0.02120310958664534
FLAG_DOCUMENT_14,PREVIOUS_AVG_APPLICATION,0.021199004890357358
ORGANIZATION_TYPE,FLOORSMAX_MEDI,0.02116321699150666
NAME_CONTRACT_TYPE,FLAG_PHONE,0.021144270409786343
EXT_SOURCE_2,OBS_60_CNT_SOCIAL_CIRCLE,0.021131707094761493
NAME_EDUCATION_TYPE,PREVIOUS_REFUSAL_RATE,0.02108802418079041
AMT_REQ_CREDIT_BUREAU_DAY,HAS_BUREAU_HISTORY,0.021082572813170313
REGION_RATING_CLIENT,FLAG_DOCUMENT_6,0.02101905125803881
NAME_CONTRACT_TYPE,REGION_RATING_CLIENT,0.021011631340322114
REG_CITY_NOT_WORK_CITY,PREVIOUS_APP_COUNT,0.020971102317205694
DAYS_REGISTRATION,PREVIOUS_AVG_APPLICATION,0.020959070666699234
REG_REGION_NOT_WORK_REGION,PREVIOUS_CANCELED_COUNT,0.020959032232655085
DAYS_REGISTRATION,BUREAU_BALANCE_CREDIT_COUNT,0.0209481043716133
LIVE_REGION_NOT_WORK_REGION,REG_CITY_NOT_LIVE_CITY,0.020915317581248937
HOUR_APPR_PROCESS_START,CREDIT_INCOME_RATIO,0.020905908289951154
DAYS_EMPLOYED,EXT_SOURCE_2,0.020897966291699915
REG_REGION_NOT_WORK_REGION,WALLSMATERIAL_MODE_Missing,0.020895679507333703
AMT_REQ_CREDIT_BUREAU_YEAR,NAME_INCOME_TYPE_State servant,0.020850861330925227
DAYS_REGISTRATION,PREVIOUS_AVG_CREDIT,0.020832350991648544
BUREAU_ACTIVE_COUNT,BUREAU_AVG_OVERDUE_RATIO,0.020819959881629345
BUREAU_DEBT_INCOME_RATIO,EMERGENCYSTATE_MODE_No,0.020815212941015123
DEF_60_CNT_SOCIAL_CIRCLE,LATE_PAYMENT_COUNT,0.02080564098561692
REG_REGION_NOT_WORK_REGION,BUREAU_ACTIVE_RATIO,0.020791869429793972
CREDIT_INCOME_RATIO,BUREAU_AVG_MONTHS_REPORTED,0.020767724108288234
CNT_CHILDREN,BUREAU_ACTIVE_RATIO,0.02074123423206195
LATE_PAYMENT_RATE,WALLSMATERIAL_MODE_Missing,0.02072803695949111
FLAG_DOCUMENT_19,PREVIOUS_APPROVAL_RATE,0.0207167654372023
FLAG_DOCUMENT_11,HAS_BUREAU_HISTORY,0.020708706868318508
FLOORSMAX_MEDI,BUREAU_DEBT_INCOME_RATIO,0.020703444622661427
BUREAU_BALANCE_CREDIT_COUNT,LATE_PAYMENT_RATE,0.020688541391329692
REGION_RATING_CLIENT,PREVIOUS_UNUSED_COUNT,0.020677410099942124
FLAG_WORK_PHONE,FLAG_DOCUMENT_8,0.020668672930113454
REG_REGION_NOT_LIVE_REGION,OBS_30_CNT_SOCIAL_CIRCLE,0.02066393098793283
REG_REGION_NOT_LIVE_REGION,OBS_60_CNT_SOCIAL_CIRCLE,0.02066180317958949
DAYS_LAST_PHONE_CHANGE,BUREAU_ACTIVE_RATIO,0.0206439922664177
BUREAU_DEBT_INCOME_RATIO,BUREAU_TOTAL_OVERDUE_MONTHS,0.02062450190679066
CREDIT_INCOME_RATIO,PREVIOUS_UNUSED_COUNT,0.02060376320813982
AMT_INCOME_TOTAL,WALLSMATERIAL_MODE_Monolithic,0.020564836929545482
AMT_REQ_CREDIT_BUREAU_HOUR,BUREAU_AVG_MONTHS_REPORTED,0.020539471382225075
AMT_REQ_CREDIT_BUREAU_HOUR,BUREAU_BALANCE_CREDIT_COUNT,0.02053244431508691
OCCUPATION_TYPE,REG_REGION_NOT_LIVE_REGION,0.0205215976306621
YEARS_BEGINEXPLUATATION_MEDI,EMERGENCYSTATE_MODE_Yes,0.020520052817704127
HOUR_APPR_PROCESS_START,FLAG_DOCUMENT_18,0.020512390383073772
AMT_GOODS_PRICE,FLAG_CONT_MOBILE,0.020505684371309903
BUREAU_TOTAL_OVERDUE_MONTHS,PREVIOUS_AVG_CREDIT,0.02050383022118018
FLAG_DOCUMENT_8,WALLSMATERIAL_MODE_Monolithic,0.020502698845726898
OBS_60_CNT_SOCIAL_CIRCLE,CREDIT_INCOME_RATIO,0.02049835424838097
YEARS_BEGINEXPLUATATION_MEDI,"WALLSMATERIAL_MODE_Stone, brick",0.0204891876470001
FLAG_DOCUMENT_3,WALLSMATERIAL_MODE_Monolithic,0.020477678478903322
FLAG_WORK_PHONE,TOTALAREA_MODE,0.02047563596395308
DAYS_REGISTRATION,HAS_BUREAU_BALANCE_HISTORY,0.02046431190666907
OBS_30_CNT_SOCIAL_CIRCLE,CREDIT_INCOME_RATIO,0.02045150352968339
LATE_PAYMENT_RATE,EMERGENCYSTATE_MODE_No,0.020429168046496506
REG_REGION_NOT_WORK_REGION,FLAG_DOCUMENT_9,0.020427490328383154
DAYS_ID_PUBLISH,DEBT_INCOME_GROUP,0.020404554585451862
DEBT_INCOME_GROUP,BUREAU_AVG_OVERDUE_RATIO,0.020402703468941463
ORGANIZATION_TYPE,TOTALAREA_MODE,0.020374736829044338
REG_CITY_NOT_LIVE_CITY,BUREAU_ACTIVE_COUNT,0.02037453637711593
FLAG_PHONE,BUREAU_TOTAL_DEBT,0.020373122770106708
AMT_GOODS_PRICE,BUREAU_BALANCE_CREDIT_COUNT,0.020337804697422468
FLAG_EMAIL,DAYS_LAST_PHONE_CHANGE,0.020321275747106505
NAME_EDUCATION_TYPE,LATE_PAYMENT_COUNT,0.020299904468978055
LIVE_REGION_NOT_WORK_REGION,PREVIOUS_AVG_APPLICATION,0.02029485211205827
PREVIOUS_CANCELED_COUNT,NAME_INCOME_TYPE_State servant,0.02025869175613035
BUREAU_MAX_OVERDUE_DAYS,HAS_BUREAU_HISTORY,0.0202426843637465
FLAG_DOCUMENT_11,BUREAU_AVG_MONTHS_REPORTED,0.02023929499451122
OBS_60_CNT_SOCIAL_CIRCLE,BUREAU_DEBT_INCOME_RATIO,0.020235070768728033
CNT_CHILDREN,WALLSMATERIAL_MODE_Panel,0.020232999420908667
FLAG_CONT_MOBILE,FLAG_DOCUMENT_21,0.020183150810319066
FLAG_DOCUMENT_13,BUREAU_TOTAL_DEBT,0.020156183889696346
AMT_ANNUITY,DEBT_INCOME_GROUP,0.02014350115339484
NAME_CONTRACT_TYPE,DAYS_REGISTRATION,0.020110329337967345
DEF_60_CNT_SOCIAL_CIRCLE,PREVIOUS_APPROVED_COUNT,0.02010595860744781
OBS_30_CNT_SOCIAL_CIRCLE,BUREAU_DEBT_INCOME_RATIO,0.020066158967147658
REGION_RATING_CLIENT_W_CITY,FLAG_DOCUMENT_6,0.020044187264700152
NAME_CONTRACT_TYPE,NAME_INCOME_TYPE_Working,0.02002821423961639
FLAG_PHONE,"WALLSMATERIAL_MODE_Stone, brick",0.02001721016859899
OCCUPATION_TYPE,AMT_REQ_CREDIT_BUREAU_MON,0.019994860537764343
DAYS_EMPLOYED,FLAG_DOCUMENT_5,0.019946769928100298
FLAG_DOCUMENT_8,PREVIOUS_CANCELED_COUNT,0.019924352505377278
FLAG_OWN_REALTY,NAME_INCOME_TYPE_State servant,0.01991376938377676
AMT_CREDIT,REG_CITY_NOT_WORK_CITY,0.019828425494446696
TOTALAREA_MODE,PREVIOUS_APPROVED_COUNT,0.0198210011707567
FLAG_OWN_CAR,REGION_RATING_CLIENT_W_CITY,0.019724174606611095
CODE_GENDER,AMT_REQ_CREDIT_BUREAU_YEAR,0.019722164750184016
HOUR_APPR_PROCESS_START,EMERGENCYSTATE_MODE_Yes,0.019685926152049157
DAYS_ID_PUBLISH,CNT_FAM_MEMBERS,0.019681628450955155
FLAG_DOCUMENT_11,BUREAU_CREDIT_COUNT,0.01965954478722384
FLAG_EMP_PHONE,FLAG_DOCUMENT_5,0.019648727272719352
CNT_CHILDREN,BUREAU_CREDIT_GROUP,0.019631013754865857
EXT_SOURCE_2,NAME_INCOME_TYPE_Pensioner,0.019627228749988724
FLAG_OWN_REALTY,HAS_BUREAU_HISTORY,0.019618987298823075
REGION_RATING_CLIENT,DEF_60_CNT_SOCIAL_CIRCLE,0.019616430342117366
AGE_YEARS,EMERGENCYSTATE_MODE_No,0.019571759120102294
DAYS_BIRTH,EMERGENCYSTATE_MODE_No,0.019571759120101957
FLAG_EMP_PHONE,EXT_SOURCE_2,0.019552718367123634
DAYS_REGISTRATION,PREVIOUS_APPROVED_COUNT,0.019548903331659474
CNT_CHILDREN,REG_CITY_NOT_LIVE_CITY,0.0195486743446737
FLAG_DOCUMENT_5,NAME_INCOME_TYPE_Pensioner,0.019539121609597716
LIVE_CITY_NOT_WORK_CITY,PREVIOUS_APPROVED_COUNT,0.019482732285511707
FLAG_OWN_REALTY,LIVE_REGION_NOT_WORK_REGION,0.019481885713928098
REGION_RATING_CLIENT_W_CITY,WALLSMATERIAL_MODE_Others,0.019479444522509003
NAME_EDUCATION_TYPE,FLAG_DOCUMENT_15,0.019464098678830605
CODE_GENDER,FLAG_PHONE,0.019457879333106883
AGE_YEARS,WALLSMATERIAL_MODE_Missing,0.019444210488472606
DAYS_BIRTH,WALLSMATERIAL_MODE_Missing,0.01944421048847214
LIVE_REGION_NOT_WORK_REGION,PREVIOUS_AVG_CREDIT,0.01943738335934599
EXT_SOURCE_2,BUREAU_AVG_OVERDUE_RATIO,0.019408661946275187
CODE_GENDER,EXT_SOURCE_3,0.019384615186385068
FLOORSMAX_MEDI,FLAG_DOCUMENT_11,0.019372773858486698
FLAG_OWN_CAR,BUREAU_ACTIVE_RATIO,0.01936554758038008
EXT_SOURCE_2,FLAG_DOCUMENT_6,0.019357353395010886
REGION_RATING_CLIENT,LIVE_CITY_NOT_WORK_CITY,0.019335983829562562
LIVE_REGION_NOT_WORK_REGION,FLAG_DOCUMENT_13,0.01929099720622315
BUREAU_AVG_SEVERE_OVERDUE_RATIO,UNDERPAYMENT_RATE,0.019288846430269423
AMT_ANNUITY,FLAG_DOCUMENT_21,0.019288809059919036
AMT_INCOME_TOTAL,FLAG_DOCUMENT_14,0.019285010466759192
FLAG_DOCUMENT_6,FLAG_DOCUMENT_9,0.019275873127798614
FLAG_WORK_PHONE,HAS_BUREAU_OVERDUE,0.019238414584102817
NAME_CONTRACT_TYPE,BUREAU_ACTIVE_COUNT,0.019204159068412545
CNT_CHILDREN,UNDERPAYMENT_RATE,0.019185271837283982
FLAG_OWN_CAR,TOTALAREA_MODE,0.019182541297058694
AMT_CREDIT,BUREAU_BALANCE_CREDIT_COUNT,0.01917150444107193
FLAG_DOCUMENT_11,BUREAU_BALANCE_CREDIT_COUNT,0.01917025136801079
BUREAU_MAX_OVERDUE_RATIO,PREVIOUS_AVG_CREDIT,0.019167012162843267
FLAG_DOCUMENT_16,BUREAU_BALANCE_CREDIT_COUNT,0.019166900366326144
REG_CITY_NOT_WORK_CITY,WALLSMATERIAL_MODE_Monolithic,0.019165341857452448
BUREAU_ACTIVE_COUNT,WALLSMATERIAL_MODE_Panel,0.019164656495111
BUREAU_AVG_SEVERE_OVERDUE_RATIO,LATE_PAYMENT_RATE,0.019147240267605392
REG_REGION_NOT_WORK_REGION,FLAG_DOCUMENT_3,0.019131459341543477
LIVE_CITY_NOT_WORK_CITY,PREVIOUS_CANCELED_COUNT,0.019129294213702068
BUREAU_OVERDUE_RATIO,UNDERPAYMENT_RATE,0.019118130161831174
FLAG_WORK_PHONE,EXT_SOURCE_2,0.019115524080531413
AMT_REQ_CREDIT_BUREAU_DAY,HAS_BUREAU_BALANCE_HISTORY,0.019102763585050458
OVERDUE_SEVERITY,BUREAU_TOTAL_SEVERE_OVERDUE_MONTHS,0.01909475830959569
REGION_POPULATION_RELATIVE,BUREAU_ACTIVE_COUNT,0.01908931267522066
CNT_FAM_MEMBERS,FLOORSMAX_MEDI,0.019077235326155816
NAME_EDUCATION_TYPE,REG_CITY_NOT_WORK_CITY,0.019059362260314676
EXT_SOURCE_2,WALLSMATERIAL_MODE_Wooden,0.01903544763094666
LIVE_CITY_NOT_WORK_CITY,BUREAU_ACTIVE_RATIO,0.0190309907232118
FLAG_WORK_PHONE,UNDERPAYMENT_RATE,0.019020718115268984
REGION_RATING_CLIENT_W_CITY,PREVIOUS_UNUSED_COUNT,0.01901540268290133
AMT_GOODS_PRICE,FLAG_EMAIL,0.01900791792803114
FLAG_EMAIL,AVG_PAYMENT_DELAY,0.01899346012771318
FLAG_PHONE,PREVIOUS_REFUSED_COUNT,0.018983158229882054
FLAG_OWN_REALTY,FLAG_DOCUMENT_19,0.018962920906042197
OBS_30_CNT_SOCIAL_CIRCLE,EMERGENCYSTATE_MODE_No,0.01893257733403207
FLAG_WORK_PHONE,BUREAU_ACTIVE_RATIO,0.01893094006605247
FLAG_DOCUMENT_20,BUREAU_ACTIVE_COUNT,0.018930661747265973
FLOORSMAX_MEDI,PREVIOUS_APP_COUNT,0.018918269817861173
AMT_INCOME_TOTAL,PREVIOUS_APP_COUNT,0.018911262970585447
FLAG_DOCUMENT_16,LATE_PAYMENT_COUNT,0.018895709896604714
FLAG_PHONE,PREVIOUS_APPROVED_COUNT,0.018875261711777815
REGION_RATING_CLIENT_W_CITY,DEF_60_CNT_SOCIAL_CIRCLE,0.01887270574499906
EXT_SOURCE_2,PREVIOUS_APP_COUNT,0.018869404921441284
BUREAU_TOTAL_SEVERE_OVERDUE_MONTHS,LATE_PAYMENT_RATE,0.018829398181197762
DAYS_ID_PUBLISH,PREVIOUS_CANCELED_COUNT,0.018790629776220192
BUREAU_AVG_SEVERE_OVERDUE_RATIO,PREVIOUS_APPROVAL_RATE,0.018755373729374414
LIVE_CITY_NOT_WORK_CITY,WALLSMATERIAL_MODE_Mixed,0.018670887391600617
OCCUPATION_TYPE,FLAG_DOCUMENT_13,0.018640110594438253
ORGANIZATION_TYPE,PREVIOUS_AVG_CREDIT,0.01862836069765344
FLAG_DOCUMENT_6,FLAG_DOCUMENT_11,0.018622006455693754
BUREAU_DEBT_INCOME_RATIO,PREVIOUS_APP_COUNT,0.018599026021304962
NAME_EDUCATION_TYPE,REG_CITY_NOT_LIVE_CITY,0.018576076315690773
REG_REGION_NOT_LIVE_REGION,AMT_REQ_CREDIT_BUREAU_YEAR,0.01856470669590494
PREVIOUS_REFUSAL_RATE,EMERGENCYSTATE_MODE_No,0.01855514612700327
OBS_60_CNT_SOCIAL_CIRCLE,EMERGENCYSTATE_MODE_No,0.01854739436311146
FLAG_DOCUMENT_5,PREVIOUS_APPROVAL_RATE,0.018540389346324654
AMT_CREDIT,FLAG_EMAIL,0.018526786141452367
AMT_REQ_CREDIT_BUREAU_QRT,NAME_INCOME_TYPE_Pensioner,0.018514306724876285
FLAG_OWN_REALTY,NAME_EDUCATION_TYPE,0.0185131844392751
FLAG_DOCUMENT_8,FLAG_DOCUMENT_9,0.018503873716052235
BUREAU_TOTAL_SEVERE_OVERDUE_MONTHS,UNDERPAYMENT_RATE,0.018501891112834117
FLAG_EMP_PHONE,AMT_REQ_CREDIT_BUREAU_QRT,0.01850057202433131
FLAG_WORK_PHONE,BUREAU_TOTAL_DEBT,0.01849362200804731
BUREAU_AVG_OVERDUE_RATIO,PREVIOUS_APPROVAL_RATE,0.018480794847505245
REG_CITY_NOT_LIVE_CITY,PREVIOUS_REFUSAL_RATE,0.018470469821932504
DAYS_EMPLOYED,AMT_REQ_CREDIT_BUREAU_QRT,0.01844836164956231
HOUR_APPR_PROCESS_START,FLAG_DOCUMENT_16,0.018434897926759484
CODE_GENDER,FLAG_EMAIL,0.018432533927175733
FLAG_DOCUMENT_8,BUREAU_MAX_OVERDUE_RATIO,0.018431405800770833
FLAG_DOCUMENT_16,HAS_BUREAU_HISTORY,0.01842329063834401
CNT_CHILDREN,PREVIOUS_APP_COUNT,0.018422100354376757
TOTALAREA_MODE,PREVIOUS_APP_COUNT,0.018402931851401568
ORGANIZATION_TYPE,PREVIOUS_APP_COUNT,0.01839169470461223
LIVE_REGION_NOT_WORK_REGION,NAME_INCOME_TYPE_Working,0.018389777266451537
FLAG_DOCUMENT_8,AMT_REQ_CREDIT_BUREAU_MON,0.018384995692120685
FLAG_DOCUMENT_14,WALLSMATERIAL_MODE_Monolithic,0.018373292969979308
REG_REGION_NOT_WORK_REGION,WALLSMATERIAL_MODE_Monolithic,0.018370977146859615
FLAG_DOCUMENT_16,HAS_BUREAU_BALANCE_HISTORY,0.018368425505354377
REG_REGION_NOT_WORK_REGION,WALLSMATERIAL_MODE_Panel,0.018357229387648857
REG_REGION_NOT_WORK_REGION,DEF_30_CNT_SOCIAL_CIRCLE,0.01833885112713481
DEF_30_CNT_SOCIAL_CIRCLE,FLAG_DOCUMENT_8,0.018326179281732444
FLAG_OWN_REALTY,OBS_30_CNT_SOCIAL_CIRCLE,0.01832383312987164
REG_CITY_NOT_LIVE_CITY,FLAG_DOCUMENT_8,0.018320865945385862
FLAG_OWN_REALTY,OBS_60_CNT_SOCIAL_CIRCLE,0.018293345868352805
CNT_FAM_MEMBERS,HAS_BUREAU_BALANCE_HISTORY,0.018282690529593387
BUREAU_TOTAL_OVERDUE_MONTHS,PREVIOUS_AVG_APPLICATION,0.018243713576315948
OBS_60_CNT_SOCIAL_CIRCLE,HAS_BUREAU_BALANCE_HISTORY,0.018231216414907204
OCCUPATION_TYPE,BUREAU_CREDIT_GROUP,0.018229008607317406
REG_REGION_NOT_LIVE_REGION,FLAG_DOCUMENT_9,0.01822856732913644
AMT_REQ_CREDIT_BUREAU_HOUR,BUREAU_CREDIT_GROUP,0.018161397247346073
BUREAU_MAX_OVERDUE_RATIO,PREVIOUS_UNUSED_COUNT,0.0181463612060959
REGION_RATING_CLIENT_W_CITY,BUREAU_BALANCE_CREDIT_COUNT,0.01811821535567108
OVERDUE_SEVERITY,BUREAU_DEBT_INCOME_RATIO,0.018106573410397654
REGION_RATING_CLIENT_W_CITY,WALLSMATERIAL_MODE_Wooden,0.018097190388982234
TOTALAREA_MODE,BUREAU_DEBT_INCOME_RATIO,0.018085525801840606
REG_CITY_NOT_LIVE_CITY,LATE_PAYMENT_COUNT,0.01808407059550478
LIVE_REGION_NOT_WORK_REGION,DEF_30_CNT_SOCIAL_CIRCLE,0.018043586195710302
BUREAU_DEBT_INCOME_RATIO,PREVIOUS_UNUSED_COUNT,0.01803599294106842
FLAG_DOCUMENT_16,PREVIOUS_REFUSAL_RATE,0.018006458920483477
REGION_POPULATION_RELATIVE,DEBT_INCOME_GROUP,0.017989935083851778
DAYS_BIRTH,FLAG_DOCUMENT_9,0.017978470201154083
FLAG_DOCUMENT_9,AGE_YEARS,0.017978470201153778
OVERDUE_SEVERITY,LATE_PAYMENT_RATE,0.017977420654089117
REG_CITY_NOT_WORK_CITY,LATE_PAYMENT_COUNT,0.017947409921866216
BUREAU_AVG_MONTHS_REPORTED,AVG_PAYMENT_DELAY,0.017921191189032955
AMT_INCOME_TOTAL,PREVIOUS_CANCELED_COUNT,0.01789196355767994
FLAG_DOCUMENT_15,PREVIOUS_APP_COUNT,0.01788195100572535
REG_CITY_NOT_WORK_CITY,WALLSMATERIAL_MODE_Others,0.017797389098401225
FLAG_DOCUMENT_8,NAME_INCOME_TYPE_Working,0.017782223099988902
OBS_30_CNT_SOCIAL_CIRCLE,HAS_BUREAU_BALANCE_HISTORY,0.017730019006696438
FLAG_DOCUMENT_3,PREVIOUS_AVG_CREDIT,0.0177161320217859
FLAG_EMAIL,CNT_FAM_MEMBERS,0.017705942394474917
NAME_CONTRACT_TYPE,TOTALAREA_MODE,0.017699267502307707
CNT_CHILDREN,BUREAU_ACTIVE_COUNT,0.0176907820422223
DAYS_EMPLOYED,BUREAU_CREDIT_GROUP,0.017673709286085904
DEF_60_CNT_SOCIAL_CIRCLE,FLAG_DOCUMENT_8,0.017667945715334685
CNT_CHILDREN,FLAG_DOCUMENT_5,0.01760639626285339
HOUR_APPR_PROCESS_START,BUREAU_TOTAL_DEBT,0.017589059759831997
LIVE_REGION_NOT_WORK_REGION,AMT_REQ_CREDIT_BUREAU_YEAR,0.017580350406784004
CNT_FAM_MEMBERS,REG_REGION_NOT_LIVE_REGION,0.01757806904970267
REG_REGION_NOT_WORK_REGION,DEF_60_CNT_SOCIAL_CIRCLE,0.01757035663330632
FLAG_DOCUMENT_6,AVG_PAYMENT_DELAY,0.01757020322169202
BUREAU_AVG_MONTHS_REPORTED,EMERGENCYSTATE_MODE_No,0.017557527651082892
CODE_GENDER,BUREAU_AVG_OVERDUE_RATIO,0.017548109487810815
AMT_REQ_CREDIT_BUREAU_MON,"WALLSMATERIAL_MODE_Stone, brick",0.017536914558026834
REGION_RATING_CLIENT,BUREAU_BALANCE_CREDIT_COUNT,0.017531640789205515
OBS_60_CNT_SOCIAL_CIRCLE,BUREAU_CREDIT_GROUP,0.017511703266653116
FLAG_DOCUMENT_13,UNDERPAYMENT_RATE,0.017503207070126727
CODE_GENDER,PREVIOUS_UNUSED_COUNT,0.01748080662177413
PREVIOUS_AVG_APPLICATION,WALLSMATERIAL_MODE_Monolithic,0.01747715967603265
ORGANIZATION_TYPE,EMERGENCYSTATE_MODE_No,0.017469511685761233
AMT_REQ_CREDIT_BUREAU_QRT,PREVIOUS_REFUSAL_RATE,0.017469370690914567
HOUR_APPR_PROCESS_START,REG_CITY_NOT_LIVE_CITY,0.017467496124836605
DAYS_ID_PUBLISH,AMT_REQ_CREDIT_BUREAU_MON,0.017433740103704277
CODE_GENDER,DEF_30_CNT_SOCIAL_CIRCLE,0.01742598673128292
REG_CITY_NOT_LIVE_CITY,PREVIOUS_APP_COUNT,0.01742242376690536
BUREAU_TOTAL_OVERDUE_MONTHS,PREVIOUS_APPROVED_COUNT,0.017415703973407783
AMT_REQ_CREDIT_BUREAU_YEAR,BUREAU_TOTAL_OVERDUE_MONTHS,0.017392646603699772
NAME_CONTRACT_TYPE,REG_REGION_NOT_LIVE_REGION,0.01739173072753794
FLAG_EMAIL,REG_REGION_NOT_LIVE_REGION,0.017389113181713194
OBS_60_CNT_SOCIAL_CIRCLE,BUREAU_BALANCE_CREDIT_COUNT,0.017365937599270118
BUREAU_TOTAL_SEVERE_OVERDUE_MONTHS,PREVIOUS_APPROVAL_RATE,0.017353148894109882
LIVE_REGION_NOT_WORK_REGION,DEF_60_CNT_SOCIAL_CIRCLE,0.01734913095347847
REG_REGION_NOT_LIVE_REGION,PREVIOUS_APPROVAL_RATE,0.017339647176886804
HOUR_APPR_PROCESS_START,FLAG_DOCUMENT_9,0.01732999765946795
FLAG_DOCUMENT_6,FLAG_DOCUMENT_13,0.01732084205435021
REGION_RATING_CLIENT,BUREAU_DEBT_INCOME_RATIO,0.017316600744748674
AMT_ANNUITY,PREVIOUS_REFUSAL_RATE,0.017312412131154618
CNT_CHILDREN,EXT_SOURCE_2,0.01731148347265057
DAYS_REGISTRATION,FLAG_DOCUMENT_18,0.017252346252959537
LIVE_REGION_NOT_WORK_REGION,TOTALAREA_MODE,0.017236246069996592
AMT_INCOME_TOTAL,PREVIOUS_REFUSED_COUNT,0.01723002508596708
DEF_30_CNT_SOCIAL_CIRCLE,AMT_REQ_CREDIT_BUREAU_YEAR,0.017223577020256918
OBS_30_CNT_SOCIAL_CIRCLE,BUREAU_CREDIT_GROUP,0.017218976791035737
FLAG_CONT_MOBILE,FLAG_DOCUMENT_17,0.01720634355969947
EXT_SOURCE_2,BUREAU_MAX_OVERDUE_RATIO,0.017173296588557537
FLAG_DOCUMENT_13,PREVIOUS_AVG_CREDIT,0.017139064906429698
NAME_CONTRACT_TYPE,BUREAU_AVG_SEVERE_OVERDUE_RATIO,0.017132976494782754
FLAG_DOCUMENT_8,FLAG_DOCUMENT_11,0.017105680525977083
DEF_60_CNT_SOCIAL_CIRCLE,LATE_PAYMENT_RATE,0.01710089021758997
BUREAU_OVERDUE_RATIO,LATE_PAYMENT_RATE,0.017056667701194083
REGION_RATING_CLIENT,DEF_30_CNT_SOCIAL_CIRCLE,0.017034634096828104
PREVIOUS_REFUSAL_RATE,NAME_INCOME_TYPE_Working,0.017026577680652064
AMT_INCOME_TOTAL,DAYS_LAST_PHONE_CHANGE,0.01699848048585201
REG_CITY_NOT_WORK_CITY,BUREAU_ACTIVE_COUNT,0.016997849676582643
REGION_RATING_CLIENT,PREVIOUS_APP_COUNT,0.01698854101481697
DAYS_EMPLOYED,DEF_30_CNT_SOCIAL_CIRCLE,0.016955688115044602
LIVE_REGION_NOT_WORK_REGION,PREVIOUS_CANCELED_COUNT,0.016946233882750725
FLAG_OWN_REALTY,LATE_PAYMENT_RATE,0.01693508781700945
OBS_60_CNT_SOCIAL_CIRCLE,AVG_PAYMENT_DELAY,0.016922940201762673
DAYS_ID_PUBLISH,NAME_INCOME_TYPE_State servant,0.016917690218266793
DAYS_BIRTH,BUREAU_MAX_OVERDUE_RATIO,0.01689602984029024
AGE_YEARS,BUREAU_MAX_OVERDUE_RATIO,0.01689602984028961
FLAG_PHONE,NAME_INCOME_TYPE_Working,0.01688022929931587
DEF_30_CNT_SOCIAL_CIRCLE,NAME_INCOME_TYPE_Pensioner,0.016851134025996653
REG_REGION_NOT_WORK_REGION,LATE_PAYMENT_COUNT,0.016846585452223495
FLAG_CONT_MOBILE,AGE_YEARS,0.016845717619024002
DAYS_BIRTH,FLAG_CONT_MOBILE,0.016845717619023808
NAME_CONTRACT_TYPE,LATE_PAYMENT_RATE,0.0168374357761549
OBS_30_CNT_SOCIAL_CIRCLE,BUREAU_BALANCE_CREDIT_COUNT,0.016831545125100596
OBS_30_CNT_SOCIAL_CIRCLE,AVG_PAYMENT_DELAY,0.016823866951553988
AMT_REQ_CREDIT_BUREAU_QRT,UNDERPAYMENT_RATE,0.01680809753063101
OCCUPATION_TYPE,REGION_RATING_CLIENT_W_CITY,0.01679024148129148
AMT_REQ_CREDIT_BUREAU_DAY,BUREAU_CREDIT_GROUP,0.016783591875316816
REG_CITY_NOT_LIVE_CITY,BUREAU_BALANCE_CREDIT_COUNT,0.016780675205329543
FLAG_EMP_PHONE,DEF_30_CNT_SOCIAL_CIRCLE,0.01678042453855807
FLAG_DOCUMENT_14,PREVIOUS_REFUSAL_RATE,0.01677841093734635
ORGANIZATION_TYPE,DAYS_LAST_PHONE_CHANGE,0.01675202117297387
CODE_GENDER,REGION_RATING_CLIENT,0.016750341339584987
NAME_EDUCATION_TYPE,EMERGENCYSTATE_MODE_Yes,0.01673355299748547
EXT_SOURCE_2,FLAG_DOCUMENT_9,0.0167212296072757
AMT_INCOME_TOTAL,FLAG_WORK_PHONE,0.01671969382104849
CNT_FAM_MEMBERS,AVG_PAYMENT_DELAY,0.016716672657905423
NAME_CONTRACT_TYPE,BUREAU_TOTAL_SEVERE_OVERDUE_MONTHS,0.016713394004850782
DAYS_ID_PUBLISH,FLAG_DOCUMENT_21,0.01670624423127797
FLAG_OWN_REALTY,BUREAU_ACTIVE_RATIO,0.016694872741262908
REGION_RATING_CLIENT,EMERGENCYSTATE_MODE_Yes,0.0166928214886769
FLAG_EMAIL,AMT_REQ_CREDIT_BUREAU_QRT,0.016675536957376214
AMT_ANNUITY,LATE_PAYMENT_RATE,0.016675117714791313
AMT_ANNUITY,PREVIOUS_APPROVAL_RATE,0.016672958763835878
CODE_GENDER,ORGANIZATION_TYPE,0.016669823999011762
AMT_REQ_CREDIT_BUREAU_MON,BUREAU_AVG_OVERDUE_RATIO,0.016660884125019072
REG_REGION_NOT_LIVE_REGION,BUREAU_ACTIVE_RATIO,0.016640342276160337
ORGANIZATION_TYPE,WALLSMATERIAL_MODE_Missing,0.01663692583463239
REGION_POPULATION_RELATIVE,PREVIOUS_APPROVED_COUNT,0.016634388832536328
FLAG_DOCUMENT_13,EMERGENCYSTATE_MODE_No,0.016613410754070836
DEF_30_CNT_SOCIAL_CIRCLE,BUREAU_MAX_OVERDUE_RATIO,0.016606082004554153
TOTALAREA_MODE,FLAG_DOCUMENT_11,0.01659085871876481
FLAG_OWN_REALTY,"WALLSMATERIAL_MODE_Stone, brick",0.016543633391017616
REGION_POPULATION_RELATIVE,FLAG_WORK_PHONE,0.016509719010346684
BUREAU_OVERDUE_COUNT,LATE_PAYMENT_COUNT,0.016503291144918383
BUREAU_BALANCE_CREDIT_COUNT,AVG_PAYMENT_DELAY,0.016501461973026783
DAYS_REGISTRATION,WALLSMATERIAL_MODE_Mixed,0.0164976665312023
NAME_CONTRACT_TYPE,NAME_INCOME_TYPE_Other,0.016488763014540674
FLAG_DOCUMENT_5,AGE_YEARS,0.01648266932458533
DAYS_BIRTH,FLAG_DOCUMENT_5,0.016482669324585295
FLAG_OWN_CAR,EXT_SOURCE_3,0.016450431728859658
DAYS_REGISTRATION,FLOORSMAX_MEDI,0.016446644214935382
AMT_REQ_CREDIT_BUREAU_DAY,BUREAU_BALANCE_CREDIT_COUNT,0.01644136432122763
FLAG_DOCUMENT_8,BUREAU_BALANCE_CREDIT_COUNT,0.016410114745367667
PREVIOUS_AVG_CREDIT,WALLSMATERIAL_MODE_Monolithic,0.016379165879974664
REG_REGION_NOT_LIVE_REGION,HAS_BUREAU_HISTORY,0.01637319956259539
FLAG_PHONE,NAME_INCOME_TYPE_State servant,0.01636865462721925
AMT_REQ_CREDIT_BUREAU_MON,NAME_INCOME_TYPE_Working,0.01636671722562972
DAYS_EMPLOYED,BUREAU_CREDIT_COUNT,0.016358397021604958
FLAG_DOCUMENT_2,HAS_BUREAU_HISTORY,0.016352609164976797
FLAG_DOCUMENT_14,UNDERPAYMENT_RATE,0.01633928648763575
AMT_CREDIT,FLAG_DOCUMENT_21,0.016320503557474247
OBS_60_CNT_SOCIAL_CIRCLE,BUREAU_AVG_MONTHS_REPORTED,0.01630217282750145
HOUR_APPR_PROCESS_START,LIVE_CITY_NOT_WORK_CITY,0.01629699697613848
FLAG_EMAIL,PREVIOUS_APPROVAL_RATE,0.01628915614619121
BUREAU_TOTAL_DEBT,PREVIOUS_UNUSED_COUNT,0.01624035088641245
BUREAU_MAX_OVERDUE_RATIO,PREVIOUS_AVG_APPLICATION,0.016236032764511434
HAS_BUREAU_OVERDUE,HAS_BUREAU_BALANCE_HISTORY,0.01620214289089653
FLAG_DOCUMENT_21,CREDIT_INCOME_RATIO,0.016201712848719244
OBS_60_CNT_SOCIAL_CIRCLE,BUREAU_CREDIT_COUNT,0.016182157317977668
NAME_CONTRACT_TYPE,ORGANIZATION_TYPE,0.016179429079891845
AMT_GOODS_PRICE,PREVIOUS_APPROVAL_RATE,0.016163823954755213
DAYS_LAST_PHONE_CHANGE,BUREAU_MAX_OVERDUE_RATIO,0.01616336240949357
OCCUPATION_TYPE,BUREAU_CREDIT_COUNT,0.0161626029559697
CNT_CHILDREN,FLOORSMAX_MEDI,0.016154762283211953
PREVIOUS_CANCELED_COUNT,LATE_PAYMENT_COUNT,0.016122457359798174
PREVIOUS_APPROVAL_RATE,WALLSMATERIAL_MODE_Panel,0.016102972981853734
REGION_POPULATION_RELATIVE,WALLSMATERIAL_MODE_Mixed,0.01609465480226652
BUREAU_AVG_MONTHS_REPORTED,WALLSMATERIAL_MODE_Missing,0.01609410454569439
CNT_CHILDREN,CREDIT_INCOME_RATIO,0.0160879112087237
FLAG_EMAIL,"WALLSMATERIAL_MODE_Stone, brick",0.016054296922469985
REG_REGION_NOT_LIVE_REGION,EXT_SOURCE_2,0.01604822056067335
FLAG_DOCUMENT_11,UNDERPAYMENT_RATE,0.016047181424382124
LIVE_CITY_NOT_WORK_CITY,PREVIOUS_APP_COUNT,0.016046854363070243
LIVE_REGION_NOT_WORK_REGION,BUREAU_ACTIVE_RATIO,0.016032140063311925
PREVIOUS_REFUSAL_RATE,WALLSMATERIAL_MODE_Missing,0.01599029070795104
BUREAU_BALANCE_CREDIT_COUNT,WALLSMATERIAL_MODE_Panel,0.01598549587930976
DAYS_REGISTRATION,BUREAU_MAX_OVERDUE_RATIO,0.015979992541321413
REG_REGION_NOT_WORK_REGION,PREVIOUS_APPROVAL_RATE,0.015960355224600143
CNT_FAM_MEMBERS,TOTALAREA_MODE,0.015956288900679814
DAYS_REGISTRATION,PREVIOUS_CANCELED_COUNT,0.015956010358085713
FLAG_OWN_REALTY,REGION_POPULATION_RELATIVE,0.015944427297180663
FLAG_OWN_REALTY,DEBT_INCOME_GROUP,0.015943587447446325
CREDIT_INCOME_RATIO,NAME_INCOME_TYPE_Other,0.01592821058397144
OBS_30_CNT_SOCIAL_CIRCLE,BUREAU_CREDIT_COUNT,0.015914705172238024
FLAG_PHONE,NAME_INCOME_TYPE_Pensioner,0.01588472261328949
FLAG_EMAIL,WALLSMATERIAL_MODE_Monolithic,0.015870982767302318
BUREAU_ACTIVE_RATIO,NAME_INCOME_TYPE_Working,0.015867604131237556
CODE_GENDER,REGION_RATING_CLIENT_W_CITY,0.01586648059120024
FLAG_DOCUMENT_15,AMT_REQ_CREDIT_BUREAU_YEAR,0.015843669505568404
REGION_POPULATION_RELATIVE,FLAG_DOCUMENT_5,0.01583781540145487
OVERDUE_SEVERITY,BUREAU_BALANCE_CREDIT_COUNT,0.015814541573308905
TOTALAREA_MODE,FLAG_DOCUMENT_9,0.015814480884685553
FLAG_EMP_PHONE,FLAG_PHONE,0.015796625809795257
CNT_FAM_MEMBERS,UNDERPAYMENT_RATE,0.01578551811001809
OBS_30_CNT_SOCIAL_CIRCLE,BUREAU_AVG_MONTHS_REPORTED,0.01577159932916882
AMT_GOODS_PRICE,BUREAU_AVG_OVERDUE_RATIO,0.015769707432433368
FLAG_OWN_CAR,DEF_60_CNT_SOCIAL_CIRCLE,0.015746721797274633
NAME_CONTRACT_TYPE,REG_REGION_NOT_WORK_REGION,0.015744103219573653
FLAG_DOCUMENT_18,LATE_PAYMENT_COUNT,0.01573257197646082
OBS_30_CNT_SOCIAL_CIRCLE,WALLSMATERIAL_MODE_Missing,0.015730363634936288
DEF_60_CNT_SOCIAL_CIRCLE,AMT_REQ_CREDIT_BUREAU_YEAR,0.015721910804678794
EXT_SOURCE_2,BUREAU_ACTIVE_RATIO,0.015718126812911452
HAS_BUREAU_HISTORY,NAME_INCOME_TYPE_Other,0.015715121409326335
DAYS_LAST_PHONE_CHANGE,BUREAU_TOTAL_OVERDUE_MONTHS,0.015707851193367137
REG_REGION_NOT_WORK_REGION,FLAG_DOCUMENT_5,0.015700013373684506
FLAG_OWN_CAR,DEF_30_CNT_SOCIAL_CIRCLE,0.015650069172349627
FLAG_PHONE,CNT_FAM_MEMBERS,0.015642663000974364
REG_CITY_NOT_WORK_CITY,BUREAU_AVG_MONTHS_REPORTED,0.01562036786377342
REG_CITY_NOT_LIVE_CITY,DEBT_INCOME_GROUP,0.015605126556324152
HAS_BUREAU_HISTORY,AVG_PAYMENT_DELAY,0.015596975078339431
FLAG_PHONE,FLAG_EMAIL,0.015594681759389583
FLAG_EMP_PHONE,BUREAU_CREDIT_GROUP,0.015590386394287632
AMT_ANNUITY,FLAG_DOCUMENT_15,0.015583308553636568
REGION_RATING_CLIENT_W_CITY,FLAG_DOCUMENT_5,0.015576990489115174
OVERDUE_SEVERITY,BUREAU_AVG_SEVERE_OVERDUE_RATIO,0.015575440324668358
FLAG_CONT_MOBILE,UNDERPAYMENT_RATE,0.015569198982404543
CNT_FAM_MEMBERS,FLAG_DOCUMENT_5,0.015561779948547854
AMT_INCOME_TOTAL,"WALLSMATERIAL_MODE_Stone, brick",0.015545696915701759
PREVIOUS_APP_COUNT,NAME_INCOME_TYPE_State servant,0.015536961600454736
REG_CITY_NOT_WORK_CITY,BUREAU_BALANCE_CREDIT_COUNT,0.015520533302149671
REGION_RATING_CLIENT_W_CITY,DEF_30_CNT_SOCIAL_CIRCLE,0.01549713903157125
NAME_CONTRACT_TYPE,EXT_SOURCE_2,0.015495598537261743
FLAG_CONT_MOBILE,BUREAU_TOTAL_DEBT,0.015478291329545221
FLAG_DOCUMENT_13,PREVIOUS_AVG_APPLICATION,0.015472649662840775
REG_REGION_NOT_LIVE_REGION,LATE_PAYMENT_COUNT,0.015452600588293048
REG_REGION_NOT_WORK_REGION,PREVIOUS_AVG_APPLICATION,0.015438301051612143
CNT_CHILDREN,PREVIOUS_REFUSED_COUNT,0.015378804028071008
ORGANIZATION_TYPE,WALLSMATERIAL_MODE_Panel,0.015367571104243622
BUREAU_CREDIT_GROUP,NAME_INCOME_TYPE_Pensioner,0.015353524595367376
DAYS_REGISTRATION,FLAG_DOCUMENT_13,0.015346772577956344
DAYS_REGISTRATION,FLAG_DOCUMENT_11,0.01534459798592547
REGION_POPULATION_RELATIVE,BUREAU_BALANCE_CREDIT_COUNT,0.015340416521410761
OBS_60_CNT_SOCIAL_CIRCLE,WALLSMATERIAL_MODE_Missing,0.01532132538628856
HOUR_APPR_PROCESS_START,ORGANIZATION_TYPE,0.015317940179949191
AMT_INCOME_TOTAL,CNT_FAM_MEMBERS,0.01530116226692376
HAS_BUREAU_OVERDUE,LATE_PAYMENT_COUNT,0.015297386881599767
CNT_CHILDREN,LIVE_REGION_NOT_WORK_REGION,0.015274631795232875
NAME_CONTRACT_TYPE,AMT_REQ_CREDIT_BUREAU_WEEK,0.015236361012848615
HOUR_APPR_PROCESS_START,HAS_BUREAU_HISTORY,0.015231483429203694
DEF_60_CNT_SOCIAL_CIRCLE,BUREAU_MAX_OVERDUE_RATIO,0.015223848348537797
BUREAU_AVG_MONTHS_REPORTED,PREVIOUS_REFUSAL_RATE,0.015223557108067795
LIVE_REGION_NOT_WORK_REGION,FLAG_DOCUMENT_9,0.01520020736571848
REGION_POPULATION_RELATIVE,NAME_INCOME_TYPE_State servant,0.015198661286690469
REG_REGION_NOT_LIVE_REGION,PREVIOUS_CANCELED_COUNT,0.01518645630910649
BUREAU_DEBT_INCOME_RATIO,PREVIOUS_APPROVAL_RATE,0.01517543385846091
BUREAU_DEBT_INCOME_RATIO,WALLSMATERIAL_MODE_Panel,0.015155519306863563
FLAG_DOCUMENT_11,DEBT_INCOME_GROUP,0.015151030615988988
FLAG_DOCUMENT_14,BUREAU_TOTAL_DEBT,0.0151308572218167
PREVIOUS_APPROVAL_RATE,LATE_PAYMENT_COUNT,0.015124549403487779
OCCUPATION_TYPE,REGION_RATING_CLIENT,0.015108974109219601
TOTALAREA_MODE,DEF_60_CNT_SOCIAL_CIRCLE,0.01510849842278415
CODE_GENDER,EXT_SOURCE_2,0.01510629662089301
AMT_CREDIT,ORGANIZATION_TYPE,0.015088693674471331
FLAG_DOCUMENT_2,CREDIT_INCOME_RATIO,0.0150816265243498
REG_REGION_NOT_WORK_REGION,FLAG_DOCUMENT_13,0.015077143502085286
HOUR_APPR_PROCESS_START,FLAG_DOCUMENT_11,0.015041082976998733
PREVIOUS_CANCELED_COUNT,PREVIOUS_UNUSED_COUNT,0.015038814855540072
FLAG_DOCUMENT_14,AMT_REQ_CREDIT_BUREAU_DAY,0.015037909665476645
BUREAU_ACTIVE_RATIO,AVG_PAYMENT_DELAY,0.0150178679585822
LIVE_CITY_NOT_WORK_CITY,PREVIOUS_AVG_APPLICATION,0.01501476571038676
AMT_REQ_CREDIT_BUREAU_MON,AMT_REQ_CREDIT_BUREAU_YEAR,0.014989782793671988
CREDIT_INCOME_RATIO,DEBT_INCOME_GROUP,0.014978519638883463
DAYS_EMPLOYED,FLAG_PHONE,0.014949346046238047
BUREAU_MAX_OVERDUE_DAYS,BUREAU_TOTAL_OVERDUE_MONTHS,0.014943051301671508
FLAG_DOCUMENT_13,PREVIOUS_CANCELED_COUNT,0.014940319978898364
AMT_REQ_CREDIT_BUREAU_YEAR,NAME_INCOME_TYPE_Working,0.014927140292475742
HOUR_APPR_PROCESS_START,DAYS_LAST_PHONE_CHANGE,0.014924281948047732
PREVIOUS_UNUSED_COUNT,"WALLSMATERIAL_MODE_Stone, brick",0.014911139667900026
FLAG_CONT_MOBILE,PREVIOUS_REFUSAL_RATE,0.014869277687769064
REG_REGION_NOT_WORK_REGION,FLOORSMAX_MEDI,0.014852651512710728
BUREAU_OVERDUE_RATIO,BUREAU_TOTAL_OVERDUE_MONTHS,0.014849631156774148
REGION_POPULATION_RELATIVE,LIVE_CITY_NOT_WORK_CITY,0.014836924069825374
FLAG_DOCUMENT_9,EMERGENCYSTATE_MODE_No,0.014835459336412461
DAYS_ID_PUBLISH,WALLSMATERIAL_MODE_Missing,0.01482555156324295
FLAG_DOCUMENT_3,FLAG_DOCUMENT_4,0.014813561125345934
AMT_INCOME_TOTAL,FLAG_DOCUMENT_3,0.014808285263389082
AMT_CREDIT,PREVIOUS_APPROVAL_RATE,0.014804583933405911
BUREAU_OVERDUE_COUNT,HAS_BUREAU_BALANCE_HISTORY,0.01480140124933664
FLAG_WORK_PHONE,REGION_RATING_CLIENT_W_CITY,0.014798913499417345
DAYS_ID_PUBLISH,EMERGENCYSTATE_MODE_No,0.014787994671539734
REGION_POPULATION_RELATIVE,OBS_30_CNT_SOCIAL_CIRCLE,0.014749452871339733
FLAG_DOCUMENT_5,CREDIT_INCOME_RATIO,0.014749310998723616
FLAG_OWN_REALTY,FLAG_DOCUMENT_17,0.014745692756938955
AMT_REQ_CREDIT_BUREAU_WEEK,BUREAU_TOTAL_OVERDUE_MONTHS,0.014740653324565456
HOUR_APPR_PROCESS_START,PREVIOUS_CANCELED_COUNT,0.014732550796598671
DAYS_EMPLOYED,BUREAU_MAX_OVERDUE_RATIO,0.01472542390788076
REGION_RATING_CLIENT_W_CITY,PREVIOUS_APP_COUNT,0.014724979239951962
FLAG_OWN_REALTY,AMT_REQ_CREDIT_BUREAU_QRT,0.014724268836451653
EXT_SOURCE_3,FLAG_DOCUMENT_18,0.014723722922739688
REGION_RATING_CLIENT_W_CITY,ORGANIZATION_TYPE,0.014696894767527197
AMT_REQ_CREDIT_BUREAU_DAY,BUREAU_CREDIT_COUNT,0.014684762520397587
FLAG_DOCUMENT_14,NAME_INCOME_TYPE_Working,0.014683604663313945
LIVE_CITY_NOT_WORK_CITY,FLAG_DOCUMENT_5,0.014681302022527298
FLAG_EMP_PHONE,BUREAU_MAX_OVERDUE_RATIO,0.014656512054577995
FLAG_DOCUMENT_14,PREVIOUS_REFUSED_COUNT,0.01464789619217891
BUREAU_MAX_OVERDUE_RATIO,NAME_INCOME_TYPE_Pensioner,0.014645732651516247
AMT_GOODS_PRICE,FLAG_DOCUMENT_21,0.014632380214009677
BUREAU_DEBT_INCOME_RATIO,NAME_INCOME_TYPE_Working,0.014619325930046011
FLAG_EMP_PHONE,PREVIOUS_AVG_APPLICATION,0.014617618439368896
AMT_ANNUITY,AMT_REQ_CREDIT_BUREAU_WEEK,0.014615405475249772
AMT_CREDIT,BUREAU_AVG_OVERDUE_RATIO,0.014606265320800622
FLAG_WORK_PHONE,PREVIOUS_REFUSED_COUNT,0.014606062386279888
PREVIOUS_AVG_APPLICATION,NAME_INCOME_TYPE_Pensioner,0.014601650370302218
FLAG_DOCUMENT_14,WALLSMATERIAL_MODE_Panel,0.014600340647260375
FLAG_WORK_PHONE,BUREAU_OVERDUE_RATIO,0.01458553942450816
FLAG_DOCUMENT_19,CREDIT_INCOME_RATIO,0.01458351847692275
REG_REGION_NOT_WORK_REGION,PREVIOUS_AVG_CREDIT,0.01456526573287947
AMT_INCOME_TOTAL,FLAG_DOCUMENT_9,0.014557251938141095
BUREAU_ACTIVE_COUNT,"WALLSMATERIAL_MODE_Stone, brick",0.014550800485349078
REG_CITY_NOT_WORK_CITY,FLAG_DOCUMENT_18,0.014539146763403194
FLAG_DOCUMENT_3,HAS_BUREAU_HISTORY,0.014531571165762867
REGION_RATING_CLIENT_W_CITY,WALLSMATERIAL_MODE_Mixed,0.014485745040749185
FLAG_DOCUMENT_6,FLAG_DOCUMENT_14,0.014485706062795553
FLAG_EMAIL,REG_CITY_NOT_LIVE_CITY,0.014477028392207927
AMT_INCOME_TOTAL,BUREAU_MAX_OVERDUE_RATIO,0.014433870017075108
HAS_BUREAU_HISTORY,LATE_PAYMENT_RATE,0.01442723271492778
FLAG_PHONE,LATE_PAYMENT_COUNT,0.014424097832246364
BUREAU_MAX_OVERDUE_DAYS,BUREAU_TOTAL_SEVERE_OVERDUE_MONTHS,0.014419376422912319
DAYS_ID_PUBLISH,FLAG_DOCUMENT_9,0.014418843535762326
REG_CITY_NOT_LIVE_CITY,WALLSMATERIAL_MODE_Monolithic,0.014401833837132613
CNT_CHILDREN,TOTALAREA_MODE,0.014394961574092686
DAYS_ID_PUBLISH,WALLSMATERIAL_MODE_Panel,0.014381336676650107
LIVE_CITY_NOT_WORK_CITY,WALLSMATERIAL_MODE_Others,0.014379423253146324
BUREAU_MAX_OVERDUE_DAYS,PREVIOUS_REFUSED_COUNT,0.014374328256591098
CODE_GENDER,BUREAU_BALANCE_CREDIT_COUNT,0.014363537378113585
DAYS_ID_PUBLISH,PREVIOUS_REFUSED_COUNT,0.014354943621647976
FLAG_DOCUMENT_3,NAME_INCOME_TYPE_Other,0.014352030066203517
NAME_CONTRACT_TYPE,"WALLSMATERIAL_MODE_Stone, brick",0.014349815783458592
FLAG_OWN_REALTY,WALLSMATERIAL_MODE_Panel,0.01434053949757019
REGION_RATING_CLIENT,FLAG_DOCUMENT_5,0.014303657114117867
OCCUPATION_TYPE,PREVIOUS_REFUSAL_RATE,0.014285176262346242
REG_CITY_NOT_LIVE_CITY,WALLSMATERIAL_MODE_Mixed,0.01426515941281333
FLAG_DOCUMENT_20,PREVIOUS_APPROVED_COUNT,0.014250161194187715
OCCUPATION_TYPE,FLAG_DOCUMENT_14,0.014248861710624712
FLAG_EMAIL,UNDERPAYMENT_RATE,0.01424584386415377
FLAG_DOCUMENT_11,BUREAU_ACTIVE_COUNT,0.014237654403131938
BUREAU_ACTIVE_RATIO,LATE_PAYMENT_RATE,0.014235347473635335
CNT_CHILDREN,OBS_30_CNT_SOCIAL_CIRCLE,0.014232145431707005
TOTALAREA_MODE,DEF_30_CNT_SOCIAL_CIRCLE,0.01422477851341423
FLAG_OWN_CAR,BUREAU_TOTAL_OVERDUE_MONTHS,0.014221243224310105
AMT_INCOME_TOTAL,AMT_REQ_CREDIT_BUREAU_YEAR,0.01421471650792925
UNDERPAYMENT_RATE,EMERGENCYSTATE_MODE_No,0.014201148746903964
REGION_POPULATION_RELATIVE,OBS_60_CNT_SOCIAL_CIRCLE,0.014198217962677694
FLAG_EMP_PHONE,BUREAU_CREDIT_COUNT,0.014190967094434868
EXT_SOURCE_3,AMT_REQ_CREDIT_BUREAU_MON,0.014175506312753333
CNT_FAM_MEMBERS,LATE_PAYMENT_RATE,0.01416911466922245
FLAG_OWN_CAR,PREVIOUS_REFUSAL_RATE,0.01416738255451255
DAYS_LAST_PHONE_CHANGE,AMT_REQ_CREDIT_BUREAU_QRT,0.014164424359762043
BUREAU_ACTIVE_RATIO,LATE_PAYMENT_COUNT,0.014154574014613404
FLAG_DOCUMENT_16,PREVIOUS_REFUSED_COUNT,0.014144522069207579
FLAG_DOCUMENT_11,WALLSMATERIAL_MODE_Panel,0.014143741463737095
DAYS_LAST_PHONE_CHANGE,FLAG_DOCUMENT_5,0.014123605199083868
BUREAU_ACTIVE_RATIO,BUREAU_MAX_OVERDUE_DAYS,0.014121032301567426
FLAG_DOCUMENT_18,BUREAU_BALANCE_CREDIT_COUNT,0.014110223538137047
HOUR_APPR_PROCESS_START,FLAG_DOCUMENT_3,0.01410524717389528
FLAG_DOCUMENT_13,WALLSMATERIAL_MODE_Missing,0.014098328507398143
BUREAU_ACTIVE_COUNT,UNDERPAYMENT_RATE,0.014095458357007542
FLAG_CONT_MOBILE,PREVIOUS_CANCELED_COUNT,0.014075252378988285
FLAG_OWN_CAR,BUREAU_MAX_OVERDUE_RATIO,0.014070404848795846
REGION_POPULATION_RELATIVE,LATE_PAYMENT_COUNT,0.014056048743133273
BUREAU_CREDIT_COUNT,NAME_INCOME_TYPE_Pensioner,0.014046699173748046
OCCUPATION_TYPE,LATE_PAYMENT_COUNT,0.01404238749514059
DAYS_ID_PUBLISH,FLAG_DOCUMENT_18,0.014033626661645997
PREVIOUS_APPROVAL_RATE,NAME_INCOME_TYPE_Other,0.014030910505498892
LIVE_REGION_NOT_WORK_REGION,FLAG_DOCUMENT_14,0.013995503241839747
AMT_INCOME_TOTAL,BUREAU_DEBT_INCOME_RATIO,0.013993855329549209
DAYS_BIRTH,BUREAU_BALANCE_CREDIT_COUNT,0.013990990509872077
AGE_YEARS,BUREAU_BALANCE_CREDIT_COUNT,0.013990990509871938
HOUR_APPR_PROCESS_START,AMT_REQ_CREDIT_BUREAU_HOUR,0.013981389763602392
BUREAU_MAX_OVERDUE_DAYS,UNDERPAYMENT_RATE,0.013980395136794053
CNT_CHILDREN,REG_REGION_NOT_LIVE_REGION,0.013963995396073611
FLAG_DOCUMENT_17,PREVIOUS_APPROVAL_RATE,0.013963026701347463
HAS_BUREAU_BALANCE_HISTORY,PREVIOUS_UNUSED_COUNT,0.013961980566209366
HAS_BUREAU_HISTORY,"WALLSMATERIAL_MODE_Stone, brick",0.013936739905335395
FLAG_DOCUMENT_8,FLAG_DOCUMENT_16,0.013936503947973784
FLOORSMAX_MEDI,AMT_REQ_CREDIT_BUREAU_YEAR,0.013927052206447424
FLAG_DOCUMENT_11,CREDIT_INCOME_RATIO,0.013916730530926182
OBS_60_CNT_SOCIAL_CIRCLE,PREVIOUS_APPROVAL_RATE,0.01391287138795133
FLAG_DOCUMENT_11,PREVIOUS_AVG_CREDIT,0.013911780356863876
UNDERPAYMENT_RATE,WALLSMATERIAL_MODE_Missing,0.013905894582844424
CNT_CHILDREN,OBS_60_CNT_SOCIAL_CIRCLE,0.013899127913337809
DAYS_EMPLOYED,FLOORSMAX_MEDI,0.013892005155700429
AMT_GOODS_PRICE,ORGANIZATION_TYPE,0.013880578324567225
FLAG_DOCUMENT_5,PREVIOUS_CANCELED_COUNT,0.013866297978924656
AMT_REQ_CREDIT_BUREAU_YEAR,BUREAU_TOTAL_DEBT,0.01385672354383187
FLAG_DOCUMENT_20,BUREAU_CREDIT_COUNT,0.013855423213519203
REGION_RATING_CLIENT_W_CITY,BUREAU_DEBT_INCOME_RATIO,0.013851916841073751
CODE_GENDER,DEF_60_CNT_SOCIAL_CIRCLE,0.013848820473886879
DAYS_EMPLOYED,DEF_60_CNT_SOCIAL_CIRCLE,0.013843514347978996
BUREAU_AVG_MONTHS_REPORTED,PREVIOUS_APPROVAL_RATE,0.013837035652766968
EXT_SOURCE_2,FLAG_DOCUMENT_16,0.013829041259781594
FLAG_EMP_PHONE,FLOORSMAX_MEDI,0.013823533588573605
FLAG_DOCUMENT_7,PREVIOUS_APPROVAL_RATE,0.013806723440296207
FLOORSMAX_MEDI,NAME_INCOME_TYPE_Pensioner,0.013804212567845977
PREVIOUS_CANCELED_COUNT,EMERGENCYSTATE_MODE_No,0.013803589803056434
REGION_POPULATION_RELATIVE,WALLSMATERIAL_MODE_Others,0.013790089363233305
AMT_REQ_CREDIT_BUREAU_QRT,BUREAU_TOTAL_OVERDUE_MONTHS,0.01378414985631833
OBS_30_CNT_SOCIAL_CIRCLE,PREVIOUS_APPROVAL_RATE,0.013782176694693695
DEF_60_CNT_SOCIAL_CIRCLE,BUREAU_TOTAL_OVERDUE_MONTHS,0.013775402735226743
FLAG_DOCUMENT_11,WALLSMATERIAL_MODE_Missing,0.01377350939603661
HAS_BUREAU_HISTORY,WALLSMATERIAL_MODE_Panel,0.013759308799827008
FLAG_EMP_PHONE,FLAG_DOCUMENT_15,0.013756973579214253
NAME_EDUCATION_TYPE,BUREAU_TOTAL_OVERDUE_MONTHS,0.01375651082481173
FLAG_DOCUMENT_15,NAME_INCOME_TYPE_Pensioner,0.013752066924919187
AMT_REQ_CREDIT_BUREAU_DAY,BUREAU_ACTIVE_COUNT,0.013739097422698993
DEF_30_CNT_SOCIAL_CIRCLE,BUREAU_AVG_OVERDUE_RATIO,0.013732965873147847
AMT_REQ_CREDIT_BUREAU_HOUR,BUREAU_CREDIT_COUNT,0.013729192610909643
DEF_60_CNT_SOCIAL_CIRCLE,NAME_INCOME_TYPE_Pensioner,0.013720223207309288
DEF_30_CNT_SOCIAL_CIRCLE,FLAG_DOCUMENT_3,0.013718554762961624
OBS_60_CNT_SOCIAL_CIRCLE,DAYS_LAST_PHONE_CHANGE,0.013712945583164394
FLAG_DOCUMENT_14,HAS_BUREAU_HISTORY,0.013691499388128674
BUREAU_MAX_OVERDUE_DAYS,PREVIOUS_REFUSAL_RATE,0.013688658943735419
TOTALAREA_MODE,AMT_REQ_CREDIT_BUREAU_YEAR,0.013679943593271935
DAYS_EMPLOYED,FLAG_DOCUMENT_15,0.013679916963387832
REGION_RATING_CLIENT_W_CITY,FLAG_DOCUMENT_11,0.013674700626125877
EXT_SOURCE_2,BUREAU_ACTIVE_COUNT,0.013674420293721425
FLOORSMAX_MEDI,PREVIOUS_REFUSAL_RATE,0.013663941468522777
FLAG_EMP_PHONE,DEF_60_CNT_SOCIAL_CIRCLE,0.013659581662403351
FLAG_DOCUMENT_8,UNDERPAYMENT_RATE,0.013657871574594976
REG_CITY_NOT_WORK_CITY,AMT_REQ_CREDIT_BUREAU_MON,0.013654650441705614
FLAG_DOCUMENT_20,BUREAU_CREDIT_GROUP,0.013651882496783384
BUREAU_TOTAL_SEVERE_OVERDUE_MONTHS,PREVIOUS_APP_COUNT,0.013627460921307536
AMT_REQ_CREDIT_BUREAU_YEAR,BUREAU_DEBT_INCOME_RATIO,0.013618677572420884
AMT_REQ_CREDIT_BUREAU_QRT,PREVIOUS_UNUSED_COUNT,0.013593661745677027
DAYS_ID_PUBLISH,WALLSMATERIAL_MODE_Wooden,0.013565536096425735
DAYS_BIRTH,HAS_BUREAU_BALANCE_HISTORY,0.013562489918117862
AGE_YEARS,HAS_BUREAU_BALANCE_HISTORY,0.013562489918117794
REGION_RATING_CLIENT,ORGANIZATION_TYPE,0.013553908068666172
AGE_YEARS,WALLSMATERIAL_MODE_Panel,0.01354889471627533
DAYS_BIRTH,WALLSMATERIAL_MODE_Panel,0.013548894716274901
REG_CITY_NOT_LIVE_CITY,PREVIOUS_CANCELED_COUNT,0.013510779008895255
REG_CITY_NOT_WORK_CITY,PREVIOUS_UNUSED_COUNT,0.013507333797743574
DAYS_EMPLOYED,PREVIOUS_AVG_APPLICATION,0.013492822254817332
OVERDUE_SEVERITY,LATE_PAYMENT_COUNT,0.013478222620333791
LIVE_CITY_NOT_WORK_CITY,PREVIOUS_AVG_CREDIT,0.013476023384144442
UNDERPAYMENT_RATE,NAME_INCOME_TYPE_Pensioner,0.013452949686771642
FLAG_DOCUMENT_16,"WALLSMATERIAL_MODE_Stone, brick",0.013442451065073628
REGION_POPULATION_RELATIVE,FLAG_DOCUMENT_18,0.013431039761105872
FLAG_DOCUMENT_6,AMT_REQ_CREDIT_BUREAU_QRT,0.013427875991242929
REG_REGION_NOT_LIVE_REGION,WALLSMATERIAL_MODE_Panel,0.01341448750344417
REG_CITY_NOT_LIVE_CITY,OBS_60_CNT_SOCIAL_CIRCLE,0.013402200494468717
FLAG_EMP_PHONE,UNDERPAYMENT_RATE,0.01339870795440176
REGION_RATING_CLIENT,BUREAU_AVG_MONTHS_REPORTED,0.013388392203649482
DEF_60_CNT_SOCIAL_CIRCLE,BUREAU_AVG_OVERDUE_RATIO,0.013364999447004339
PREVIOUS_CANCELED_COUNT,WALLSMATERIAL_MODE_Missing,0.013344762198598665
BUREAU_AVG_MONTHS_REPORTED,UNDERPAYMENT_RATE,0.013343430738520122
AMT_REQ_CREDIT_BUREAU_QRT,BUREAU_AVG_OVERDUE_RATIO,0.013325775702332465
REG_REGION_NOT_LIVE_REGION,BUREAU_TOTAL_DEBT,0.013309937263423928
FLAG_DOCUMENT_9,PREVIOUS_APPROVED_COUNT,0.0133034095737436
NAME_CONTRACT_TYPE,REG_CITY_NOT_LIVE_CITY,0.013299974999477866
FLAG_PHONE,PREVIOUS_UNUSED_COUNT,0.01326105820055146
REG_CITY_NOT_LIVE_CITY,OBS_30_CNT_SOCIAL_CIRCLE,0.013254300458197154
AMT_INCOME_TOTAL,BUREAU_TOTAL_OVERDUE_MONTHS,0.01325192849199098
OBS_30_CNT_SOCIAL_CIRCLE,DAYS_LAST_PHONE_CHANGE,0.013241050983089996
BUREAU_AVG_MONTHS_REPORTED,NAME_INCOME_TYPE_Working,0.013241017997165106
DEF_30_CNT_SOCIAL_CIRCLE,BUREAU_TOTAL_OVERDUE_MONTHS,0.013235221857700446
FLAG_DOCUMENT_6,BUREAU_CREDIT_GROUP,0.013223907940284005
FLAG_DOCUMENT_11,EMERGENCYSTATE_MODE_No,0.013221403899543934
BUREAU_MAX_OVERDUE_DAYS,BUREAU_MAX_OVERDUE_RATIO,0.013215909551389472
CNT_CHILDREN,BUREAU_CREDIT_COUNT,0.013212297851785073
DEF_30_CNT_SOCIAL_CIRCLE,EMERGENCYSTATE_MODE_No,0.013212266767962602
DAYS_EMPLOYED,UNDERPAYMENT_RATE,0.013211486068129621
FLOORSMAX_MEDI,FLAG_DOCUMENT_16,0.013204633046667538
FLAG_EMP_PHONE,FLAG_CONT_MOBILE,0.013192083084927234
FLAG_DOCUMENT_13,PREVIOUS_REFUSAL_RATE,0.013189131615048637
FLAG_CONT_MOBILE,NAME_INCOME_TYPE_Pensioner,0.013185227305587178
NAME_INCOME_TYPE_Other,NAME_INCOME_TYPE_Working,0.01317821099180588
REG_CITY_NOT_LIVE_CITY,FLAG_DOCUMENT_18,0.013176727124838243
EXT_SOURCE_3,FLAG_DOCUMENT_8,0.013165213283546974
FLOORSMAX_MEDI,DAYS_LAST_PHONE_CHANGE,0.01315912049240301
EXT_SOURCE_3,FLAG_DOCUMENT_20,0.013156982771911548
REGION_POPULATION_RELATIVE,PREVIOUS_UNUSED_COUNT,0.013140538494231012
DAYS_EMPLOYED,FLAG_CONT_MOBILE,0.013125497580655095
NAME_CONTRACT_TYPE,AMT_REQ_CREDIT_BUREAU_MON,0.013122822381661322
LIVE_CITY_NOT_WORK_CITY,PREVIOUS_REFUSAL_RATE,0.013118424966534826
FLAG_OWN_CAR,HOUR_APPR_PROCESS_START,0.013098141961964507
FLAG_DOCUMENT_9,PREVIOUS_APP_COUNT,0.01307686864365867
FLAG_OWN_REALTY,FLAG_DOCUMENT_5,0.013062240231466122
EXT_SOURCE_2,AMT_REQ_CREDIT_BUREAU_YEAR,0.013059040870638907
AMT_REQ_CREDIT_BUREAU_MON,AVG_PAYMENT_DELAY,0.013034608618543083
LIVE_CITY_NOT_WORK_CITY,HAS_BUREAU_HISTORY,0.013018177129603445
FLAG_EMAIL,HAS_BUREAU_HISTORY,0.013016946486495916
FLAG_DOCUMENT_9,WALLSMATERIAL_MODE_Missing,0.013010430642771034
FLAG_PHONE,FLAG_DOCUMENT_9,0.012990713832540773
AMT_REQ_CREDIT_BUREAU_HOUR,DEBT_INCOME_GROUP,0.01298165260353004
HOUR_APPR_PROCESS_START,BUREAU_ACTIVE_COUNT,0.012971628615068008
AGE_YEARS,BUREAU_MAX_OVERDUE_DAYS,0.012971329757317759
DAYS_BIRTH,BUREAU_MAX_OVERDUE_DAYS,0.012971329757317594
REGION_RATING_CLIENT_W_CITY,FLAG_DOCUMENT_18,0.012962042740897158
FLAG_DOCUMENT_8,DEBT_INCOME_GROUP,0.01295535956675616
AMT_GOODS_PRICE,"WALLSMATERIAL_MODE_Stone, brick",0.012952907737350021
FLAG_OWN_CAR,DAYS_ID_PUBLISH,0.012929927394208797
DAYS_ID_PUBLISH,BUREAU_MAX_OVERDUE_DAYS,0.012899045751748153
LIVE_REGION_NOT_WORK_REGION,FLAG_DOCUMENT_5,0.012897979412735964
FLAG_EMP_PHONE,BUREAU_AVG_OVERDUE_RATIO,0.012879304040038515
REG_REGION_NOT_WORK_REGION,FLAG_DOCUMENT_14,0.012878986785643556
PREVIOUS_REFUSAL_RATE,WALLSMATERIAL_MODE_Panel,0.01286675461348552
OCCUPATION_TYPE,HAS_BUREAU_HISTORY,0.0128641798157626
FLAG_OWN_REALTY,WALLSMATERIAL_MODE_Wooden,0.012863258432783539
DAYS_EMPLOYED,TOTALAREA_MODE,0.012863069401771838
BUREAU_AVG_OVERDUE_RATIO,NAME_INCOME_TYPE_Pensioner,0.012861520067467392
FLAG_DOCUMENT_8,PREVIOUS_REFUSED_COUNT,0.012853079413457745
HAS_BUREAU_OVERDUE,BUREAU_TOTAL_SEVERE_OVERDUE_MONTHS,0.012839438653566326
REGION_RATING_CLIENT,AMT_REQ_CREDIT_BUREAU_YEAR,0.012830767403041307
LIVE_CITY_NOT_WORK_CITY,WALLSMATERIAL_MODE_Monolithic,0.012814293307288605
FLAG_DOCUMENT_5,PREVIOUS_APP_COUNT,0.012814015316763336
FLAG_EMP_PHONE,TOTALAREA_MODE,0.012797464480224998
TOTALAREA_MODE,NAME_INCOME_TYPE_Pensioner,0.012780399576776959
FLAG_DOCUMENT_6,PREVIOUS_APPROVAL_RATE,0.01277715323561972
FLAG_DOCUMENT_18,AMT_REQ_CREDIT_BUREAU_DAY,0.01276500861188722
FLAG_DOCUMENT_6,BUREAU_CREDIT_COUNT,0.01273845218411013
DAYS_EMPLOYED,BUREAU_AVG_OVERDUE_RATIO,0.012733881811618395
NAME_CONTRACT_TYPE,DEBT_INCOME_GROUP,0.012711853877127314
PREVIOUS_CANCELED_COUNT,"WALLSMATERIAL_MODE_Stone, brick",0.012711047835683394
FLAG_WORK_PHONE,OVERDUE_SEVERITY,0.012695037460612662
CNT_FAM_MEMBERS,PREVIOUS_REFUSED_COUNT,0.012687483875116663
EXT_SOURCE_3,EMERGENCYSTATE_MODE_No,0.012678048033432854
AMT_INCOME_TOTAL,OBS_30_CNT_SOCIAL_CIRCLE,0.012675452190988104
FLAG_DOCUMENT_20,BUREAU_DEBT_INCOME_RATIO,0.012645452060768921
FLAG_DOCUMENT_13,HAS_BUREAU_HISTORY,0.012629694748501803
AMT_INCOME_TOTAL,OBS_60_CNT_SOCIAL_CIRCLE,0.012602870645720172
REG_CITY_NOT_WORK_CITY,EMERGENCYSTATE_MODE_Yes,0.012596240122452211
REG_REGION_NOT_WORK_REGION,HAS_BUREAU_HISTORY,0.01259603330373353
AMT_INCOME_TOTAL,DEF_30_CNT_SOCIAL_CIRCLE,0.012577751417828485
BUREAU_ACTIVE_RATIO,BUREAU_TOTAL_SEVERE_OVERDUE_MONTHS,0.012570475562449007
DAYS_ID_PUBLISH,OVERDUE_SEVERITY,0.012565536160553602
CODE_GENDER,NAME_EDUCATION_TYPE,0.012561789316838688
AMT_CREDIT,FLAG_DOCUMENT_5,0.012558565036363191
CODE_GENDER,AMT_REQ_CREDIT_BUREAU_QRT,0.012549251138782273
AMT_GOODS_PRICE,BUREAU_OVERDUE_COUNT,0.012536749779345114
FLAG_PHONE,BUREAU_OVERDUE_COUNT,0.012535790490075369
AMT_REQ_CREDIT_BUREAU_WEEK,BUREAU_TOTAL_DEBT,0.01253216529856109
FLAG_EMAIL,FLAG_DOCUMENT_16,0.012499703420121754
DEF_60_CNT_SOCIAL_CIRCLE,FLAG_DOCUMENT_3,0.01249846912569787
AMT_ANNUITY,AMT_REQ_CREDIT_BUREAU_QRT,0.012493047043505116
FLOORSMAX_MEDI,BUREAU_CREDIT_COUNT,0.012477290342573775
FLAG_DOCUMENT_5,FLAG_DOCUMENT_16,0.012462569229722617
EXT_SOURCE_2,BUREAU_OVERDUE_COUNT,0.012443841635465537
TOTALAREA_MODE,PREVIOUS_REFUSAL_RATE,0.012439415415177488
AMT_REQ_CREDIT_BUREAU_WEEK,BUREAU_DEBT_INCOME_RATIO,0.01243681626863264
DAYS_ID_PUBLISH,PREVIOUS_UNUSED_COUNT,0.012432999584323014
NAME_CONTRACT_TYPE,FLAG_DOCUMENT_10,0.012423088094555074
CODE_GENDER,HAS_BUREAU_BALANCE_HISTORY,0.012422050318094829
TOTALAREA_MODE,FLAG_DOCUMENT_12,0.012408755404190298
FLAG_DOCUMENT_9,WALLSMATERIAL_MODE_Panel,0.012392909678040383
DEF_60_CNT_SOCIAL_CIRCLE,EMERGENCYSTATE_MODE_No,0.012392197814778745
REG_CITY_NOT_LIVE_CITY,ORGANIZATION_TYPE,0.012381045872426435
FLAG_CONT_MOBILE,PREVIOUS_REFUSED_COUNT,0.012379489212356504
REGION_RATING_CLIENT_W_CITY,BUREAU_AVG_MONTHS_REPORTED,0.01237745710603361
FLAG_WORK_PHONE,FLAG_DOCUMENT_19,0.012377335501396228
CODE_GENDER,FLOORSMAX_MEDI,0.012371377084532767
FLOORSMAX_MEDI,WALLSMATERIAL_MODE_Others,0.012367487392278508
CNT_FAM_MEMBERS,REG_CITY_NOT_LIVE_CITY,0.012353483995150006
AMT_INCOME_TOTAL,DEF_60_CNT_SOCIAL_CIRCLE,0.012351095424274965
OBS_60_CNT_SOCIAL_CIRCLE,HAS_BUREAU_HISTORY,0.012341419661686004
FLAG_OWN_REALTY,TOTALAREA_MODE,0.012328701066572334
FLAG_DOCUMENT_18,PREVIOUS_REFUSED_COUNT,0.012314955986106027
DAYS_LAST_PHONE_CHANGE,FLAG_DOCUMENT_15,0.012312595592344659
FLAG_DOCUMENT_18,HAS_BUREAU_BALANCE_HISTORY,0.012297653259045232
OBS_30_CNT_SOCIAL_CIRCLE,NAME_INCOME_TYPE_Working,0.012296403208922226
NAME_EDUCATION_TYPE,WALLSMATERIAL_MODE_Mixed,0.012291577887495955
BUREAU_TOTAL_DEBT,AVG_PAYMENT_DELAY,0.012278410905186676
FLAG_DOCUMENT_8,BUREAU_TOTAL_OVERDUE_MONTHS,0.012250404782657027
NAME_INCOME_TYPE_Working,WALLSMATERIAL_MODE_Others,0.01224498322890049
CODE_GENDER,REGION_POPULATION_RELATIVE,0.012239941490178527
REG_CITY_NOT_WORK_CITY,BUREAU_AVG_OVERDUE_RATIO,0.012237411220907438
OBS_60_CNT_SOCIAL_CIRCLE,BUREAU_ACTIVE_COUNT,0.012236519350039273
ORGANIZATION_TYPE,AMT_REQ_CREDIT_BUREAU_MON,0.012232559109524319
LIVE_CITY_NOT_WORK_CITY,DEBT_INCOME_GROUP,0.012211358339742554
OBS_30_CNT_SOCIAL_CIRCLE,HAS_BUREAU_HISTORY,0.012196778966477912
FLAG_DOCUMENT_15,PREVIOUS_AVG_CREDIT,0.012152853124807801
FLAG_DOCUMENT_9,AMT_REQ_CREDIT_BUREAU_YEAR,0.012131721488258227
AMT_CREDIT,BUREAU_OVERDUE_COUNT,0.01212552962265588
FLAG_WORK_PHONE,OBS_60_CNT_SOCIAL_CIRCLE,0.012124244622027516
CNT_FAM_MEMBERS,LIVE_REGION_NOT_WORK_REGION,0.012121757752763694
NAME_EDUCATION_TYPE,BUREAU_MAX_OVERDUE_RATIO,0.012099750967497177
REGION_RATING_CLIENT_W_CITY,AMT_REQ_CREDIT_BUREAU_YEAR,0.012076519878021217
BUREAU_CREDIT_GROUP,NAME_INCOME_TYPE_Other,0.01207642475654435
AMT_ANNUITY,FLAG_DOCUMENT_20,0.012070075974052926
FLAG_DOCUMENT_6,UNDERPAYMENT_RATE,0.012067163840836382
FLAG_DOCUMENT_16,WALLSMATERIAL_MODE_Panel,0.01206400240067279
FLAG_DOCUMENT_13,PREVIOUS_REFUSED_COUNT,0.012062494599117457
FLAG_CONT_MOBILE,FLAG_DOCUMENT_15,0.012061618034213878
FLAG_CONT_MOBILE,REGION_RATING_CLIENT_W_CITY,0.012055699673138347
PREVIOUS_REFUSED_COUNT,NAME_INCOME_TYPE_State servant,0.01204581957082585
AMT_GOODS_PRICE,HAS_BUREAU_OVERDUE,0.012045529468137866
TOTALAREA_MODE,PREVIOUS_REFUSED_COUNT,0.012043431987238552
OCCUPATION_TYPE,DEF_30_CNT_SOCIAL_CIRCLE,0.012041286887002917
REG_CITY_NOT_LIVE_CITY,FLAG_DOCUMENT_16,0.012032517431493734
REG_CITY_NOT_WORK_CITY,FLAG_DOCUMENT_5,0.012012857752488622
CNT_CHILDREN,AMT_INCOME_TOTAL,0.012004168242572746
DEBT_INCOME_GROUP,NAME_INCOME_TYPE_Working,0.011988038896726977
FLAG_WORK_PHONE,OBS_30_CNT_SOCIAL_CIRCLE,0.011978076553733041
LIVE_REGION_NOT_WORK_REGION,LATE_PAYMENT_COUNT,0.011976861289527076
BUREAU_ACTIVE_RATIO,UNDERPAYMENT_RATE,0.01197002592396661
FLAG_DOCUMENT_18,BUREAU_ACTIVE_RATIO,0.011965990291961177
FLAG_DOCUMENT_15,AGE_YEARS,0.011960997992545066
DAYS_BIRTH,FLAG_DOCUMENT_15,0.011960997992545032
REG_REGION_NOT_LIVE_REGION,"WALLSMATERIAL_MODE_Stone, brick",0.011959003790648378
CNT_FAM_MEMBERS,BUREAU_AVG_MONTHS_REPORTED,0.011946038281803803
CNT_FAM_MEMBERS,HOUR_APPR_PROCESS_START,0.011915643822949025
FLAG_DOCUMENT_16,BUREAU_AVG_MONTHS_REPORTED,0.011909794389822915
BUREAU_DEBT_INCOME_RATIO,WALLSMATERIAL_MODE_Monolithic,0.011905788995934242
OBS_60_CNT_SOCIAL_CIRCLE,NAME_INCOME_TYPE_Working,0.011903733874618395
AMT_REQ_CREDIT_BUREAU_HOUR,BUREAU_ACTIVE_COUNT,0.01189383600937365
NAME_INCOME_TYPE_State servant,WALLSMATERIAL_MODE_Missing,0.011876534721535197
OBS_30_CNT_SOCIAL_CIRCLE,BUREAU_ACTIVE_COUNT,0.011871731717259432
FLOORSMAX_MEDI,FLAG_DOCUMENT_18,0.011871158064906693
ORGANIZATION_TYPE,PREVIOUS_APPROVAL_RATE,0.011855626196452597
AMT_REQ_CREDIT_BUREAU_HOUR,BUREAU_DEBT_INCOME_RATIO,0.01185400452139525
REG_CITY_NOT_LIVE_CITY,AMT_REQ_CREDIT_BUREAU_MON,0.011853677956041399
DEBT_INCOME_GROUP,BUREAU_AVG_SEVERE_OVERDUE_RATIO,0.011850158607250964
AMT_GOODS_PRICE,DAYS_REGISTRATION,0.01184669510043862
FLAG_DOCUMENT_8,LATE_PAYMENT_RATE,0.01183730260165688
REGION_POPULATION_RELATIVE,"WALLSMATERIAL_MODE_Stone, brick",0.011830901921413343
REGION_RATING_CLIENT,WALLSMATERIAL_MODE_Mixed,0.011821897988251926
BUREAU_OVERDUE_RATIO,BUREAU_DEBT_INCOME_RATIO,0.011819461085162011
FLAG_DOCUMENT_13,AMT_REQ_CREDIT_BUREAU_MON,0.01181172030006751
DAYS_EMPLOYED,EMERGENCYSTATE_MODE_No,0.011804239565560556
ORGANIZATION_TYPE,PREVIOUS_APPROVED_COUNT,0.011801932956832413
FLAG_PHONE,HAS_BUREAU_OVERDUE,0.011732571116573942
REGION_RATING_CLIENT,FLAG_DOCUMENT_18,0.011710645663771054
BUREAU_AVG_MONTHS_REPORTED,WALLSMATERIAL_MODE_Panel,0.011691682147525978
REG_REGION_NOT_WORK_REGION,NAME_INCOME_TYPE_Working,0.011681809592388936
FLAG_DOCUMENT_20,BUREAU_ACTIVE_RATIO,0.011669458669000043
AMT_GOODS_PRICE,BUREAU_MAX_OVERDUE_RATIO,0.011663770128178529
OVERDUE_SEVERITY,BUREAU_TOTAL_DEBT,0.011660316824214324
DAYS_ID_PUBLISH,PREVIOUS_APPROVAL_RATE,0.011651509878433072
AMT_CREDIT,HAS_BUREAU_OVERDUE,0.0116307768965812
FLAG_DOCUMENT_3,AMT_REQ_CREDIT_BUREAU_QRT,0.01162871794425929
LIVE_CITY_NOT_WORK_CITY,EMERGENCYSTATE_MODE_Yes,0.011595239683248956
FLOORSMAX_MEDI,BUREAU_CREDIT_GROUP,0.01159354165650235
AMT_ANNUITY,OBS_30_CNT_SOCIAL_CIRCLE,0.011579359685193268
DAYS_LAST_PHONE_CHANGE,FLAG_DOCUMENT_21,0.01157426878767245
FLAG_DOCUMENT_15,UNDERPAYMENT_RATE,0.01156926142372055
UNDERPAYMENT_RATE,"WALLSMATERIAL_MODE_Stone, brick",0.01156628034205714
FLAG_DOCUMENT_14,BUREAU_BALANCE_CREDIT_COUNT,0.011565608007831508
FLAG_OWN_CAR,FLAG_DOCUMENT_5,0.011564446973301504
REGION_POPULATION_RELATIVE,HAS_BUREAU_HISTORY,0.011560008521027556
REGION_RATING_CLIENT,FLAG_DOCUMENT_11,0.011551942504486688
AMT_INCOME_TOTAL,NAME_INCOME_TYPE_State servant,0.011551608486675347
LATE_PAYMENT_RATE,"WALLSMATERIAL_MODE_Stone, brick",0.011544974329206186
AMT_REQ_CREDIT_BUREAU_MON,WALLSMATERIAL_MODE_Monolithic,0.011539197953988617
TOTALAREA_MODE,AMT_REQ_CREDIT_BUREAU_DAY,0.011533129930234108
FLAG_DOCUMENT_9,FLAG_DOCUMENT_17,0.01152856485349055
AMT_ANNUITY,HAS_BUREAU_OVERDUE,0.011496001007395625
FLAG_CONT_MOBILE,OCCUPATION_TYPE,0.011494944265065258
AMT_GOODS_PRICE,FLAG_DOCUMENT_2,0.011473554623376132
FLAG_DOCUMENT_18,HAS_BUREAU_HISTORY,0.011469818739508251
CODE_GENDER,PREVIOUS_REFUSAL_RATE,0.011465720850097914
OCCUPATION_TYPE,PREVIOUS_AVG_CREDIT,0.011462015048698218
LATE_PAYMENT_COUNT,NAME_INCOME_TYPE_Other,0.011461615568352339
TOTALAREA_MODE,DAYS_LAST_PHONE_CHANGE,0.01145996891832245
REGION_RATING_CLIENT,LATE_PAYMENT_COUNT,0.011453637235804554
DAYS_REGISTRATION,FLAG_DOCUMENT_14,0.011450344315523315
REGION_RATING_CLIENT,PREVIOUS_REFUSAL_RATE,0.011448956111017247
WALLSMATERIAL_MODE_Mixed,WALLSMATERIAL_MODE_Wooden,0.011436994343171447
REGION_POPULATION_RELATIVE,FLAG_CONT_MOBILE,0.01143239703791591
DAYS_EMPLOYED,HAS_BUREAU_HISTORY,0.011425099240545978
FLAG_DOCUMENT_20,AMT_REQ_CREDIT_BUREAU_YEAR,0.011419894818948003
EXT_SOURCE_2,HAS_BUREAU_OVERDUE,0.011410815079645916
NAME_INCOME_TYPE_Pensioner,EMERGENCYSTATE_MODE_No,0.011410394139722878
DAYS_REGISTRATION,YEARS_BEGINEXPLUATATION_MEDI,0.011405095511093758
NAME_CONTRACT_TYPE,WALLSMATERIAL_MODE_Panel,0.011401243015507144
FLAG_EMP_PHONE,EMERGENCYSTATE_MODE_No,0.011395044667151716
EXT_SOURCE_3,FLAG_DOCUMENT_21,0.011383483855057669
CREDIT_INCOME_RATIO,WALLSMATERIAL_MODE_Monolithic,0.011381285771778694
DAYS_REGISTRATION,FLAG_DOCUMENT_9,0.01135972402891173
FLAG_DOCUMENT_11,PREVIOUS_AVG_APPLICATION,0.011354689951538698
REG_CITY_NOT_WORK_CITY,LATE_PAYMENT_RATE,0.011353987462164256
DAYS_EMPLOYED,BUREAU_TOTAL_OVERDUE_MONTHS,0.011352528388063507
BUREAU_OVERDUE_COUNT,BUREAU_TOTAL_SEVERE_OVERDUE_MONTHS,0.0113491045210166
FLAG_OWN_CAR,WALLSMATERIAL_MODE_Monolithic,0.011341122206857283
REG_CITY_NOT_WORK_CITY,AMT_REQ_CREDIT_BUREAU_YEAR,0.011336575402122786
OBS_60_CNT_SOCIAL_CIRCLE,PREVIOUS_UNUSED_COUNT,0.01132751200221553
NAME_CONTRACT_TYPE,FLAG_EMAIL,0.011327368679705642
BUREAU_MAX_OVERDUE_DAYS,DEBT_INCOME_GROUP,0.011327195902145561
FLAG_DOCUMENT_16,BUREAU_MAX_OVERDUE_RATIO,0.011323748332816474
ORGANIZATION_TYPE,FLAG_DOCUMENT_8,0.011316256567688535
FLAG_PHONE,FLAG_DOCUMENT_19,0.011305748331174644
BUREAU_OVERDUE_COUNT,PREVIOUS_APP_COUNT,0.011285850419302619
FLAG_CONT_MOBILE,REGION_RATING_CLIENT,0.01128496338249262
FLAG_EMAIL,FLAG_DOCUMENT_3,0.01128445054122162
HAS_BUREAU_BALANCE_HISTORY,AVG_PAYMENT_DELAY,0.011283350798420855
OBS_60_CNT_SOCIAL_CIRCLE,PREVIOUS_AVG_CREDIT,0.011282057472711571
NAME_CONTRACT_TYPE,WALLSMATERIAL_MODE_Monolithic,0.011280580809148177
AMT_ANNUITY,OBS_60_CNT_SOCIAL_CIRCLE,0.011266962961584557
FLAG_DOCUMENT_20,BUREAU_OVERDUE_COUNT,0.01126148627482448
BUREAU_ACTIVE_RATIO,BUREAU_AVG_SEVERE_OVERDUE_RATIO,0.011254739736255024
NAME_CONTRACT_TYPE,CNT_FAM_MEMBERS,0.01123791879347914
BUREAU_OVERDUE_RATIO,HAS_BUREAU_BALANCE_HISTORY,0.011225603727194715
FLAG_DOCUMENT_21,HAS_BUREAU_BALANCE_HISTORY,0.011222477383715302
NAME_INCOME_TYPE_Working,EMERGENCYSTATE_MODE_Yes,0.011184533093314441
AMT_REQ_CREDIT_BUREAU_DAY,BUREAU_AVG_MONTHS_REPORTED,0.011179140331648447
NAME_CONTRACT_TYPE,DEF_30_CNT_SOCIAL_CIRCLE,0.011178884165060785
FLAG_OWN_CAR,FLAG_WORK_PHONE,0.011178790251460813
FLAG_CONT_MOBILE,EXT_SOURCE_3,0.011170487381425443
FLAG_DOCUMENT_11,AMT_REQ_CREDIT_BUREAU_QRT,0.011162917359835744
FLAG_DOCUMENT_18,PREVIOUS_REFUSAL_RATE,0.011153481567600758
FLAG_DOCUMENT_20,BUREAU_TOTAL_DEBT,0.011148646970053256
REGION_RATING_CLIENT_W_CITY,HAS_BUREAU_HISTORY,0.011147082372838079
OBS_30_CNT_SOCIAL_CIRCLE,PREVIOUS_UNUSED_COUNT,0.011146400883952598
AMT_REQ_CREDIT_BUREAU_DAY,BUREAU_ACTIVE_RATIO,0.01114409194172386
DAYS_EMPLOYED,WALLSMATERIAL_MODE_Missing,0.011139459945071898
AMT_REQ_CREDIT_BUREAU_MON,PREVIOUS_CANCELED_COUNT,0.011137784080422007
TOTALAREA_MODE,WALLSMATERIAL_MODE_Others,0.011137319585430683
REG_CITY_NOT_WORK_CITY,UNDERPAYMENT_RATE,0.011135750813406084
FLAG_EMP_PHONE,BUREAU_TOTAL_OVERDUE_MONTHS,0.011135586549760467
REG_CITY_NOT_LIVE_CITY,UNDERPAYMENT_RATE,0.011133804134521872
CNT_CHILDREN,WALLSMATERIAL_MODE_Wooden,0.011123014372806654
BUREAU_TOTAL_OVERDUE_MONTHS,NAME_INCOME_TYPE_Pensioner,0.011121092559838026
FLAG_DOCUMENT_5,HAS_BUREAU_BALANCE_HISTORY,0.011081727795918667
BUREAU_TOTAL_DEBT,"WALLSMATERIAL_MODE_Stone, brick",0.011076047234296926
FLAG_DOCUMENT_19,PREVIOUS_APPROVED_COUNT,0.011062367496916156
FLAG_DOCUMENT_3,AMT_REQ_CREDIT_BUREAU_MON,0.011059838125856144
NAME_EDUCATION_TYPE,UNDERPAYMENT_RATE,0.011053242256147676
AMT_GOODS_PRICE,LATE_PAYMENT_COUNT,0.01104628020410733
OBS_30_CNT_SOCIAL_CIRCLE,FLAG_DOCUMENT_5,0.011041932191154466
BUREAU_OVERDUE_RATIO,BUREAU_AVG_SEVERE_OVERDUE_RATIO,0.011030251739697619
FLAG_DOCUMENT_5,PREVIOUS_APPROVED_COUNT,0.011028538694897786
AMT_GOODS_PRICE,BUREAU_OVERDUE_RATIO,0.011022845937775383
YEARS_BEGINEXPLUATATION_MEDI,WALLSMATERIAL_MODE_Missing,0.011014039809859339
AMT_REQ_CREDIT_BUREAU_HOUR,BUREAU_TOTAL_DEBT,0.010998616143935974
FLAG_CONT_MOBILE,FLOORSMAX_MEDI,0.010981878893655279
AMT_INCOME_TOTAL,PREVIOUS_REFUSAL_RATE,0.010964322583826106
OBS_60_CNT_SOCIAL_CIRCLE,FLAG_DOCUMENT_5,0.010963266193205517
OCCUPATION_TYPE,FLAG_DOCUMENT_5,0.01096160823739478
AMT_REQ_CREDIT_BUREAU_HOUR,OVERDUE_SEVERITY,0.01095723482269155
AMT_REQ_CREDIT_BUREAU_MON,UNDERPAYMENT_RATE,0.010952647617958167
AMT_REQ_CREDIT_BUREAU_HOUR,BUREAU_OVERDUE_COUNT,0.010943175925279925
FLAG_OWN_REALTY,PREVIOUS_REFUSAL_RATE,0.0109419278956666
AMT_ANNUITY,BUREAU_OVERDUE_COUNT,0.010926718992510251
DEF_60_CNT_SOCIAL_CIRCLE,NAME_INCOME_TYPE_State servant,0.010924724770847
AMT_REQ_CREDIT_BUREAU_QRT,BUREAU_TOTAL_DEBT,0.01091734712680695
AMT_REQ_CREDIT_BUREAU_HOUR,BUREAU_ACTIVE_RATIO,0.010915494987419701
DAYS_ID_PUBLISH,OBS_60_CNT_SOCIAL_CIRCLE,0.010906192281385953
AMT_ANNUITY,FLAG_DOCUMENT_18,0.010902513969044545
REG_CITY_NOT_LIVE_CITY,LATE_PAYMENT_RATE,0.010885849665680063
BUREAU_OVERDUE_COUNT,PREVIOUS_APPROVAL_RATE,0.010879424585478806
FLAG_PHONE,OVERDUE_SEVERITY,0.010874874951568407
CODE_GENDER,TOTALAREA_MODE,0.010869660914426286
DAYS_LAST_PHONE_CHANGE,LATE_PAYMENT_RATE,0.010869468979726366
FLAG_DOCUMENT_11,LATE_PAYMENT_COUNT,0.010857164676735379
AMT_ANNUITY,OVERDUE_SEVERITY,0.01084836638789902
BUREAU_ACTIVE_RATIO,PREVIOUS_APP_COUNT,0.010829262963574367
FLAG_DOCUMENT_16,LATE_PAYMENT_RATE,0.010810328700595848
OBS_30_CNT_SOCIAL_CIRCLE,PREVIOUS_AVG_CREDIT,0.010809263995378498
DEF_30_CNT_SOCIAL_CIRCLE,WALLSMATERIAL_MODE_Missing,0.010808437017896383
FLAG_CONT_MOBILE,FLAG_DOCUMENT_6,0.010795065031484967
FLAG_DOCUMENT_3,BUREAU_DEBT_INCOME_RATIO,0.010789044335637247
HAS_BUREAU_OVERDUE,BUREAU_AVG_MONTHS_REPORTED,0.010782758976954852
OBS_60_CNT_SOCIAL_CIRCLE,UNDERPAYMENT_RATE,0.0107752040532327
AMT_CREDIT,BUREAU_MAX_OVERDUE_RATIO,0.010774563723819016
BUREAU_ACTIVE_COUNT,BUREAU_AVG_SEVERE_OVERDUE_RATIO,0.010761721046938616
DEF_60_CNT_SOCIAL_CIRCLE,WALLSMATERIAL_MODE_Panel,0.010760619457439105
CNT_FAM_MEMBERS,FLAG_DOCUMENT_14,0.010756240070407534
NAME_INCOME_TYPE_Pensioner,WALLSMATERIAL_MODE_Missing,0.01075252539992055
REGION_RATING_CLIENT_W_CITY,PREVIOUS_REFUSAL_RATE,0.010739344039388064
FLAG_DOCUMENT_13,LATE_PAYMENT_COUNT,0.01072950431629283
AMT_REQ_CREDIT_BUREAU_WEEK,PREVIOUS_REFUSED_COUNT,0.010728392742239865
AMT_REQ_CREDIT_BUREAU_QRT,BUREAU_DEBT_INCOME_RATIO,0.010726217239474261
FLAG_EMP_PHONE,WALLSMATERIAL_MODE_Missing,0.010726039756516387
REGION_POPULATION_RELATIVE,PREVIOUS_APP_COUNT,0.010720858760850252
OCCUPATION_TYPE,FLAG_DOCUMENT_9,0.010715894457425122
ORGANIZATION_TYPE,AMT_REQ_CREDIT_BUREAU_QRT,0.010715133917290919
FLAG_DOCUMENT_14,HAS_BUREAU_BALANCE_HISTORY,0.01069990440595363
CNT_CHILDREN,FLAG_DOCUMENT_16,0.01069555006428331
DAYS_ID_PUBLISH,LATE_PAYMENT_RATE,0.010692272453125326
HAS_BUREAU_OVERDUE,PREVIOUS_APP_COUNT,0.010688567916114089
FLAG_DOCUMENT_10,PREVIOUS_REFUSED_COUNT,0.010658638425647293
TOTALAREA_MODE,BUREAU_CREDIT_COUNT,0.010647004498171754
FLAG_OWN_CAR,FLAG_DOCUMENT_9,0.010643314868008766
OBS_30_CNT_SOCIAL_CIRCLE,UNDERPAYMENT_RATE,0.010634515305438503
FLAG_PHONE,FLAG_DOCUMENT_7,0.010633902665868842
DEF_30_CNT_SOCIAL_CIRCLE,WALLSMATERIAL_MODE_Panel,0.01063161800532691
FLAG_OWN_CAR,PREVIOUS_APPROVAL_RATE,0.010612202172185814
AGE_YEARS,"WALLSMATERIAL_MODE_Stone, brick",0.010581326735370494
DAYS_BIRTH,"WALLSMATERIAL_MODE_Stone, brick",0.010581326735370428
FLAG_DOCUMENT_2,UNDERPAYMENT_RATE,0.010578587654638401
HAS_BUREAU_BALANCE_HISTORY,LATE_PAYMENT_RATE,0.010576453941791984
DAYS_REGISTRATION,BUREAU_CREDIT_COUNT,0.010574771005121011
AMT_CREDIT,BUREAU_OVERDUE_RATIO,0.01057192062602079
FLAG_DOCUMENT_2,BUREAU_CREDIT_GROUP,0.010568340205405062
FLAG_EMP_PHONE,HAS_BUREAU_HISTORY,0.01053185724097503
NAME_CONTRACT_TYPE,CODE_GENDER,0.010526466788367413
EXT_SOURCE_2,BUREAU_OVERDUE_RATIO,0.010524480627791492
BUREAU_CREDIT_COUNT,NAME_INCOME_TYPE_Working,0.01052275063834922
REGION_RATING_CLIENT,HAS_BUREAU_HISTORY,0.01051968511589571
REGION_RATING_CLIENT,EXT_SOURCE_3,0.010513675962122156
AMT_ANNUITY,BUREAU_TOTAL_SEVERE_OVERDUE_MONTHS,0.010508650309812184
OBS_30_CNT_SOCIAL_CIRCLE,WALLSMATERIAL_MODE_Monolithic,0.010502608496342894
PREVIOUS_APP_COUNT,WALLSMATERIAL_MODE_Monolithic,0.010497803822875086
FLAG_DOCUMENT_10,PREVIOUS_AVG_APPLICATION,0.010494954477836218
NAME_INCOME_TYPE_State servant,WALLSMATERIAL_MODE_Panel,0.010494028361367506
DAYS_ID_PUBLISH,OBS_30_CNT_SOCIAL_CIRCLE,0.010493113470372826
EXT_SOURCE_3,WALLSMATERIAL_MODE_Missing,0.0104915194337956
BUREAU_TOTAL_OVERDUE_MONTHS,PREVIOUS_CANCELED_COUNT,0.010487067466619551
FLAG_PHONE,HAS_BUREAU_BALANCE_HISTORY,0.010482780961377731
FLAG_DOCUMENT_5,FLAG_DOCUMENT_18,0.010478974946415583
FLAG_DOCUMENT_2,FLAG_DOCUMENT_3,0.010474535327777593
REGION_RATING_CLIENT_W_CITY,EXT_SOURCE_3,0.010467592141867025
DEF_30_CNT_SOCIAL_CIRCLE,BUREAU_ACTIVE_RATIO,0.010462437707218802
DAYS_ID_PUBLISH,BUREAU_TOTAL_OVERDUE_MONTHS,0.010461307146089819
FLAG_DOCUMENT_10,PREVIOUS_AVG_CREDIT,0.010454630698058309
DEF_60_CNT_SOCIAL_CIRCLE,WALLSMATERIAL_MODE_Missing,0.010453983493411183
FLAG_DOCUMENT_6,BUREAU_MAX_OVERDUE_RATIO,0.010437452046921645
OBS_60_CNT_SOCIAL_CIRCLE,WALLSMATERIAL_MODE_Monolithic,0.01043226596484379
DAYS_ID_PUBLISH,FLOORSMAX_MEDI,0.010421263718207209
HOUR_APPR_PROCESS_START,WALLSMATERIAL_MODE_Others,0.010420753632461085
FLOORSMAX_MEDI,FLAG_DOCUMENT_15,0.01040619478847638
REGION_RATING_CLIENT_W_CITY,HAS_BUREAU_OVERDUE,0.010403329396216259
TOTALAREA_MODE,FLAG_DOCUMENT_15,0.010400349922446941
CREDIT_INCOME_RATIO,HAS_BUREAU_HISTORY,0.010395756664894987
FLAG_PHONE,FLAG_DOCUMENT_16,0.010395239960286812
FLAG_WORK_PHONE,LATE_PAYMENT_COUNT,0.01039035379412812
FLAG_OWN_CAR,WALLSMATERIAL_MODE_Wooden,0.010386073221273428
LIVE_CITY_NOT_WORK_CITY,BUREAU_BALANCE_CREDIT_COUNT,0.01037908687800553
FLAG_DOCUMENT_6,AMT_REQ_CREDIT_BUREAU_YEAR,0.010373433232014985
REGION_RATING_CLIENT_W_CITY,BUREAU_ACTIVE_RATIO,0.010356813577154003
LIVE_CITY_NOT_WORK_CITY,AMT_REQ_CREDIT_BUREAU_YEAR,0.010352603303703007
DAYS_LAST_PHONE_CHANGE,FLAG_DOCUMENT_8,0.01034585975034566
REGION_RATING_CLIENT_W_CITY,EMERGENCYSTATE_MODE_Yes,0.010332358519260362
OBS_30_CNT_SOCIAL_CIRCLE,"WALLSMATERIAL_MODE_Stone, brick",0.010326393162133133
AMT_ANNUITY,LIVE_CITY_NOT_WORK_CITY,0.010320542711148113
FLAG_DOCUMENT_18,EMERGENCYSTATE_MODE_No,0.010308611278145828
FLAG_OWN_REALTY,FLAG_CONT_MOBILE,0.01029820460687075
FLAG_PHONE,AMT_REQ_CREDIT_BUREAU_QRT,0.010293475513614932
HAS_BUREAU_BALANCE_HISTORY,UNDERPAYMENT_RATE,0.010288286366252015
BUREAU_MAX_OVERDUE_RATIO,NAME_INCOME_TYPE_State servant,0.01028634020569242
REGION_POPULATION_RELATIVE,YEARS_BEGINEXPLUATATION_MEDI,0.010284117578636516
HOUR_APPR_PROCESS_START,DEF_60_CNT_SOCIAL_CIRCLE,0.010281371635332921
OBS_60_CNT_SOCIAL_CIRCLE,"WALLSMATERIAL_MODE_Stone, brick",0.010277335860202704
DAYS_LAST_PHONE_CHANGE,FLAG_DOCUMENT_20,0.010276834643200387
FLAG_DOCUMENT_13,DEBT_INCOME_GROUP,0.01027609299270033
PREVIOUS_APPROVED_COUNT,WALLSMATERIAL_MODE_Monolithic,0.01027594851343602
DAYS_EMPLOYED,FLAG_DOCUMENT_19,0.010267302066909165
FLAG_EMP_PHONE,FLAG_DOCUMENT_19,0.010265038140074796
FLAG_DOCUMENT_19,NAME_INCOME_TYPE_Pensioner,0.010261621467955614
NAME_INCOME_TYPE_Working,"WALLSMATERIAL_MODE_Stone, brick",0.010259895996406754
CNT_FAM_MEMBERS,BUREAU_MAX_OVERDUE_RATIO,0.010256225206730274
LIVE_CITY_NOT_WORK_CITY,NAME_INCOME_TYPE_State servant,0.010254924307264879
WALLSMATERIAL_MODE_Monolithic,WALLSMATERIAL_MODE_Wooden,0.010242729514971733
DAYS_ID_PUBLISH,TOTALAREA_MODE,0.010228076008044472
BUREAU_BALANCE_CREDIT_COUNT,"WALLSMATERIAL_MODE_Stone, brick",0.010225732071618327
FLAG_DOCUMENT_9,FLAG_DOCUMENT_16,0.010223093846990829
DAYS_REGISTRATION,OBS_30_CNT_SOCIAL_CIRCLE,0.010198890043399375
HAS_BUREAU_HISTORY,NAME_INCOME_TYPE_Pensioner,0.010197007478826592
PREVIOUS_REFUSAL_RATE,NAME_INCOME_TYPE_State servant,0.010185316787245434
FLAG_DOCUMENT_13,NAME_INCOME_TYPE_Working,0.010180251123079374
AMT_ANNUITY,"WALLSMATERIAL_MODE_Stone, brick",0.010156815918676051
HAS_BUREAU_OVERDUE,BUREAU_AVG_SEVERE_OVERDUE_RATIO,0.010134744405369784
AMT_INCOME_TOTAL,AVG_PAYMENT_DELAY,0.010132425546643302
AMT_GOODS_PRICE,WALLSMATERIAL_MODE_Mixed,0.010129356546571607
CREDIT_INCOME_RATIO,LATE_PAYMENT_COUNT,0.010128266782986148
DAYS_REGISTRATION,OBS_60_CNT_SOCIAL_CIRCLE,0.01012443691418239
DAYS_LAST_PHONE_CHANGE,"WALLSMATERIAL_MODE_Stone, brick",0.010120840360621863
OBS_30_CNT_SOCIAL_CIRCLE,WALLSMATERIAL_MODE_Panel,0.010120460473913266
REGION_RATING_CLIENT_W_CITY,LATE_PAYMENT_COUNT,0.010110038259884595
FLAG_DOCUMENT_14,"WALLSMATERIAL_MODE_Stone, brick",0.010095264068401411
HOUR_APPR_PROCESS_START,YEARS_BEGINEXPLUATATION_MEDI,0.010084373160407663
BUREAU_MAX_OVERDUE_DAYS,BUREAU_AVG_SEVERE_OVERDUE_RATIO,0.010084245712698078
AMT_ANNUITY,WALLSMATERIAL_MODE_Mixed,0.01006995446835004
FLAG_DOCUMENT_5,NAME_INCOME_TYPE_Working,0.010064583949052866
TOTALAREA_MODE,FLAG_DOCUMENT_16,0.01005311271000486
DEF_30_CNT_SOCIAL_CIRCLE,NAME_INCOME_TYPE_State servant,0.01004235637647433
REGION_RATING_CLIENT_W_CITY,BUREAU_OVERDUE_COUNT,0.010040949882689847
HOUR_APPR_PROCESS_START,OBS_30_CNT_SOCIAL_CIRCLE,0.010040914184497938
FLAG_EMP_PHONE,FLAG_DOCUMENT_20,0.010031047031132152
AMT_REQ_CREDIT_BUREAU_MON,BUREAU_TOTAL_SEVERE_OVERDUE_MONTHS,0.010030523739792664
FLAG_DOCUMENT_20,NAME_INCOME_TYPE_Pensioner,0.010028064346282577
FLAG_DOCUMENT_16,BUREAU_TOTAL_DEBT,0.01002480337568921
AMT_ANNUITY,BUREAU_OVERDUE_RATIO,0.010024055099556419
AMT_ANNUITY,HAS_BUREAU_HISTORY,0.010015800320951656
FLAG_CONT_MOBILE,BUREAU_DEBT_INCOME_RATIO,0.010007070388294462
AMT_REQ_CREDIT_BUREAU_DAY,DEBT_INCOME_GROUP,0.01000284152103416
HOUR_APPR_PROCESS_START,OBS_60_CNT_SOCIAL_CIRCLE,0.010002228107765038
AMT_CREDIT,"WALLSMATERIAL_MODE_Stone, brick",0.01000161737243641
AMT_ANNUITY,FLAG_PHONE,0.009982639483034884
AMT_ANNUITY,DAYS_ID_PUBLISH,0.009980383974684055
AMT_CREDIT,DAYS_REGISTRATION,0.009979815991983035
OCCUPATION_TYPE,DEF_60_CNT_SOCIAL_CIRCLE,0.009973308572013348
DAYS_EMPLOYED,FLAG_DOCUMENT_20,0.009964938028740183
FLAG_DOCUMENT_18,WALLSMATERIAL_MODE_Missing,0.009958722447037683
REG_REGION_NOT_LIVE_REGION,LIVE_CITY_NOT_WORK_CITY,0.00995848023345836
OBS_60_CNT_SOCIAL_CIRCLE,BUREAU_TOTAL_DEBT,0.009955276269468814
TOTALAREA_MODE,BUREAU_CREDIT_GROUP,0.009954695957092042
FLAG_WORK_PHONE,BUREAU_AVG_OVERDUE_RATIO,0.009954106350050743
FLAG_OWN_CAR,WALLSMATERIAL_MODE_Panel,0.009948622224011371
FLAG_WORK_PHONE,FLAG_EMAIL,0.009931325324551802
FLOORSMAX_MEDI,PREVIOUS_REFUSED_COUNT,0.009930903313727956
FLAG_DOCUMENT_16,PREVIOUS_CANCELED_COUNT,0.009923500490403749
NAME_EDUCATION_TYPE,FLAG_DOCUMENT_20,0.00992085039648757
FLAG_DOCUMENT_6,FLAG_DOCUMENT_15,0.009913753625849684
BUREAU_OVERDUE_RATIO,PREVIOUS_REFUSAL_RATE,0.009912802065684616
OVERDUE_SEVERITY,PREVIOUS_APP_COUNT,0.00990610774139241
LATE_PAYMENT_RATE,WALLSMATERIAL_MODE_Panel,0.009870105984415845
FLAG_PHONE,UNDERPAYMENT_RATE,0.009866866555228377
HOUR_APPR_PROCESS_START,NAME_INCOME_TYPE_State servant,0.009861946676710769
FLAG_WORK_PHONE,BUREAU_MAX_OVERDUE_RATIO,0.009857823308408776
FLOORSMAX_MEDI,BUREAU_BALANCE_CREDIT_COUNT,0.00982523668549801
AMT_CREDIT,PREVIOUS_UNUSED_COUNT,0.009807473830095243
REGION_RATING_CLIENT_W_CITY,OVERDUE_SEVERITY,0.00980338602354574
FLAG_OWN_REALTY,FLOORSMAX_MEDI,0.009799044878287148
BUREAU_MAX_OVERDUE_DAYS,LATE_PAYMENT_COUNT,0.009788553324197037
CREDIT_INCOME_RATIO,AVG_PAYMENT_DELAY,0.00976563867381429
FLAG_PHONE,BUREAU_BALANCE_CREDIT_COUNT,0.009759403083486873
FLAG_DOCUMENT_13,WALLSMATERIAL_MODE_Panel,0.009759214346683566
AMT_CREDIT,HAS_BUREAU_BALANCE_HISTORY,0.009743172222063423
WALLSMATERIAL_MODE_Others,WALLSMATERIAL_MODE_Wooden,0.009742357105722098
FLAG_DOCUMENT_21,PREVIOUS_AVG_CREDIT,0.009734580343276797
REG_REGION_NOT_WORK_REGION,BUREAU_AVG_OVERDUE_RATIO,0.009734503466524876
OBS_60_CNT_SOCIAL_CIRCLE,WALLSMATERIAL_MODE_Panel,0.009732857009108038
ORGANIZATION_TYPE,LATE_PAYMENT_COUNT,0.009715299812933783
FLAG_DOCUMENT_20,FLAG_DOCUMENT_21,0.009705268657572794
OBS_30_CNT_SOCIAL_CIRCLE,BUREAU_TOTAL_DEBT,0.009702644755843457
DAYS_REGISTRATION,HOUR_APPR_PROCESS_START,0.009691122161443192
AMT_ANNUITY,NAME_INCOME_TYPE_Other,0.009678791536410956
FLAG_PHONE,FLAG_DOCUMENT_6,0.009672813335877628
FLAG_WORK_PHONE,FLAG_DOCUMENT_9,0.009672140911462021
CODE_GENDER,BUREAU_AVG_SEVERE_OVERDUE_RATIO,0.009670805081336546
FLAG_DOCUMENT_18,OVERDUE_SEVERITY,0.009655611221784806
FLAG_DOCUMENT_2,PREVIOUS_AVG_CREDIT,0.009652439711024611
OCCUPATION_TYPE,AMT_REQ_CREDIT_BUREAU_QRT,0.00965011473826496
AMT_REQ_CREDIT_BUREAU_QRT,NAME_INCOME_TYPE_Working,0.009637888130532237
BUREAU_TOTAL_OVERDUE_MONTHS,NAME_INCOME_TYPE_State servant,0.009627815473832204
FLOORSMAX_MEDI,HAS_BUREAU_OVERDUE,0.009624203718981345
LIVE_REGION_NOT_WORK_REGION,FLAG_DOCUMENT_3,0.009613732203675082
AMT_REQ_CREDIT_BUREAU_WEEK,AMT_REQ_CREDIT_BUREAU_QRT,0.00960763374685725
REGION_RATING_CLIENT,YEARS_BEGINEXPLUATATION_MEDI,0.009605867054042753
REG_CITY_NOT_LIVE_CITY,WALLSMATERIAL_MODE_Others,0.0095703732103104
FLAG_DOCUMENT_21,BUREAU_ACTIVE_RATIO,0.009565764750560929
REGION_RATING_CLIENT,FLAG_DOCUMENT_15,0.00956258198464156
FLAG_OWN_REALTY,AVG_PAYMENT_DELAY,0.009557399675508572
DAYS_BIRTH,OVERDUE_SEVERITY,0.009554250264159557
AGE_YEARS,OVERDUE_SEVERITY,0.0095542502641595
REG_REGION_NOT_WORK_REGION,BUREAU_ACTIVE_COUNT,0.0095398113382076
CNT_FAM_MEMBERS,FLAG_DOCUMENT_16,0.009538127564730676
BUREAU_MAX_OVERDUE_DAYS,LATE_PAYMENT_RATE,0.009535431028455058
AMT_CREDIT,AVG_PAYMENT_DELAY,0.009525060420946696
CNT_CHILDREN,LATE_PAYMENT_COUNT,0.009524194796811505
FLOORSMAX_MEDI,BUREAU_AVG_MONTHS_REPORTED,0.009518703363086682
AMT_CREDIT,FLAG_DOCUMENT_2,0.009516245845324374
NAME_CONTRACT_TYPE,HAS_BUREAU_HISTORY,0.009512749091899033
AMT_ANNUITY,BUREAU_AVG_SEVERE_OVERDUE_RATIO,0.009510747579836642
FLAG_PHONE,FLAG_DOCUMENT_14,0.009509505585176926
REG_CITY_NOT_WORK_CITY,NAME_INCOME_TYPE_State servant,0.00950791191818522
AMT_GOODS_PRICE,DAYS_ID_PUBLISH,0.009502860087175706
LIVE_REGION_NOT_WORK_REGION,WALLSMATERIAL_MODE_Wooden,0.009487359138028848
AMT_REQ_CREDIT_BUREAU_WEEK,PREVIOUS_AVG_CREDIT,0.009481824356919064
LIVE_REGION_NOT_WORK_REGION,YEARS_BEGINEXPLUATATION_MEDI,0.009463518837596701
FLAG_DOCUMENT_14,LATE_PAYMENT_COUNT,0.009454709370772942
FLAG_DOCUMENT_3,FLAG_DOCUMENT_18,0.00944510769074052
FLAG_EMAIL,FLAG_DOCUMENT_9,0.009441499131728228
REG_CITY_NOT_LIVE_CITY,PREVIOUS_APPROVAL_RATE,0.009437657744769599
REG_CITY_NOT_WORK_CITY,AMT_REQ_CREDIT_BUREAU_QRT,0.009430231753561513
LIVE_REGION_NOT_WORK_REGION,WALLSMATERIAL_MODE_Panel,0.009423455642375324
REG_REGION_NOT_LIVE_REGION,DEBT_INCOME_GROUP,0.009396058525374524
DEF_30_CNT_SOCIAL_CIRCLE,DEBT_INCOME_GROUP,0.009385141677518995
DAYS_REGISTRATION,BUREAU_AVG_OVERDUE_RATIO,0.009377697742137448
FLAG_OWN_CAR,LATE_PAYMENT_COUNT,0.009376882164552309
REG_REGION_NOT_WORK_REGION,AMT_REQ_CREDIT_BUREAU_QRT,0.009375973054875652
AMT_REQ_CREDIT_BUREAU_HOUR,NAME_INCOME_TYPE_State servant,0.009365884707227375
DEF_30_CNT_SOCIAL_CIRCLE,AVG_PAYMENT_DELAY,0.009363691390192486
DAYS_REGISTRATION,AMT_REQ_CREDIT_BUREAU_MON,0.009313136354816037
REGION_RATING_CLIENT,HAS_BUREAU_OVERDUE,0.009307302185370053
LIVE_CITY_NOT_WORK_CITY,LATE_PAYMENT_COUNT,0.009290149582415697
EXT_SOURCE_2,WALLSMATERIAL_MODE_Mixed,0.00928891766504516
NAME_EDUCATION_TYPE,BUREAU_AVG_MONTHS_REPORTED,0.009277740143966075
AMT_REQ_CREDIT_BUREAU_YEAR,WALLSMATERIAL_MODE_Monolithic,0.009274643869425529
EXT_SOURCE_2,OVERDUE_SEVERITY,0.00927263903635129
NAME_EDUCATION_TYPE,FLAG_DOCUMENT_5,0.009272303162626663
DAYS_BIRTH,REGION_RATING_CLIENT,0.009271761001166234
REGION_RATING_CLIENT,AGE_YEARS,0.009271761001165604
LIVE_CITY_NOT_WORK_CITY,PREVIOUS_UNUSED_COUNT,0.00926817258718769
REGION_POPULATION_RELATIVE,FLAG_DOCUMENT_15,0.009266925091490389
AGE_YEARS,BUREAU_ACTIVE_COUNT,0.009258885521396549
DAYS_BIRTH,BUREAU_ACTIVE_COUNT,0.009258885521396445
AMT_REQ_CREDIT_BUREAU_MON,PREVIOUS_APPROVAL_RATE,0.009258375683053861
FLAG_DOCUMENT_21,BUREAU_AVG_MONTHS_REPORTED,0.009252909686771432
LIVE_REGION_NOT_WORK_REGION,AMT_REQ_CREDIT_BUREAU_MON,0.009250658657239966
FLAG_DOCUMENT_14,PREVIOUS_CANCELED_COUNT,0.00924683936725946
FLAG_DOCUMENT_3,FLAG_DOCUMENT_19,0.009233705281600698
ORGANIZATION_TYPE,FLAG_DOCUMENT_17,0.009229674379460437
DAYS_BIRTH,FLAG_DOCUMENT_20,0.009194339095661459
FLAG_DOCUMENT_20,AGE_YEARS,0.009194339095661409
FLAG_WORK_PHONE,CREDIT_INCOME_RATIO,0.00918798281288644
FLAG_PHONE,FLAG_DOCUMENT_15,0.009178355708001256
AMT_INCOME_TOTAL,FLAG_DOCUMENT_15,0.009162162318539037
OCCUPATION_TYPE,BUREAU_MAX_OVERDUE_RATIO,0.009158125228047915
REG_REGION_NOT_WORK_REGION,BUREAU_BALANCE_CREDIT_COUNT,0.009155864672252509
BUREAU_MAX_OVERDUE_DAYS,PREVIOUS_APP_COUNT,0.009141410863947545
FLAG_DOCUMENT_15,HAS_BUREAU_HISTORY,0.009140150636515243
REGION_RATING_CLIENT,OVERDUE_SEVERITY,0.009139503153107534
CODE_GENDER,BUREAU_AVG_MONTHS_REPORTED,0.009128700306695374
FLOORSMAX_MEDI,BUREAU_ACTIVE_COUNT,0.009115191071121406
BUREAU_TOTAL_SEVERE_OVERDUE_MONTHS,LATE_PAYMENT_COUNT,0.00911467933216093
FLAG_DOCUMENT_16,FLAG_DOCUMENT_18,0.00911281219148589
FLAG_OWN_REALTY,DEF_30_CNT_SOCIAL_CIRCLE,0.009109745470002767
FLAG_DOCUMENT_17,PREVIOUS_APPROVED_COUNT,0.00910455771516622
FLAG_CONT_MOBILE,EMERGENCYSTATE_MODE_No,0.009099396707205002
REG_REGION_NOT_WORK_REGION,WALLSMATERIAL_MODE_Wooden,0.009096333219930832
FLAG_DOCUMENT_3,BUREAU_TOTAL_SEVERE_OVERDUE_MONTHS,0.009094025108138011
AMT_CREDIT,PREVIOUS_APPROVED_COUNT,0.009092859814049625
DEF_30_CNT_SOCIAL_CIRCLE,FLAG_DOCUMENT_13,0.009075543060880169
EXT_SOURCE_3,WALLSMATERIAL_MODE_Panel,0.009068755035602914
YEARS_BEGINEXPLUATATION_MEDI,NAME_INCOME_TYPE_Working,0.009061001659576318
FLAG_DOCUMENT_21,PREVIOUS_AVG_APPLICATION,0.009039997868363042
HAS_BUREAU_HISTORY,LATE_PAYMENT_COUNT,0.009036596927834541
FLAG_OWN_CAR,EMERGENCYSTATE_MODE_Yes,0.009025042994322613
FLOORSMAX_MEDI,BUREAU_OVERDUE_RATIO,0.009020615163066589
FLAG_DOCUMENT_9,DEBT_INCOME_GROUP,0.009008920580633347
CNT_CHILDREN,REG_REGION_NOT_WORK_REGION,0.008998685433143468
DEF_30_CNT_SOCIAL_CIRCLE,FLAG_DOCUMENT_6,0.008995871171602148
OCCUPATION_TYPE,BUREAU_BALANCE_CREDIT_COUNT,0.00899433918291873
FLAG_CONT_MOBILE,AMT_REQ_CREDIT_BUREAU_WEEK,0.008994138386761524
HOUR_APPR_PROCESS_START,FLAG_DOCUMENT_15,0.008990654802928943
FLAG_EMP_PHONE,NAME_INCOME_TYPE_Other,0.008989435767537166
FLAG_PHONE,LATE_PAYMENT_RATE,0.008987798840788814
NAME_EDUCATION_TYPE,NAME_INCOME_TYPE_Other,0.008987590342866388
FLAG_WORK_PHONE,DEF_30_CNT_SOCIAL_CIRCLE,0.008978047987286823
AMT_GOODS_PRICE,HAS_BUREAU_BALANCE_HISTORY,0.008970147701179996
REGION_RATING_CLIENT,BUREAU_OVERDUE_COUNT,0.008948477512063945
CODE_GENDER,BUREAU_DEBT_INCOME_RATIO,0.00894763375705788
REGION_RATING_CLIENT_W_CITY,FLAG_DOCUMENT_15,0.008946293044900184
DAYS_REGISTRATION,BUREAU_CREDIT_GROUP,0.008945480190517715
LIVE_REGION_NOT_WORK_REGION,PREVIOUS_REFUSED_COUNT,0.00894148993058692
ORGANIZATION_TYPE,FLAG_DOCUMENT_11,0.008941259601670333
AMT_ANNUITY,AVG_PAYMENT_DELAY,0.008932943869595268
FLAG_DOCUMENT_21,PREVIOUS_APPROVED_COUNT,0.008925524040566865
BUREAU_OVERDUE_RATIO,PREVIOUS_APPROVED_COUNT,0.008924641523733881
AMT_REQ_CREDIT_BUREAU_HOUR,BUREAU_MAX_OVERDUE_RATIO,0.008920787445208227
REG_REGION_NOT_LIVE_REGION,NAME_INCOME_TYPE_Other,0.008909675840256292
BUREAU_CREDIT_COUNT,NAME_INCOME_TYPE_Other,0.008904914532092622
DAYS_BIRTH,WALLSMATERIAL_MODE_Wooden,0.0088932604650826
AGE_YEARS,WALLSMATERIAL_MODE_Wooden,0.008893260465082582
REGION_POPULATION_RELATIVE,HAS_BUREAU_OVERDUE,0.00887329889618313
CODE_GENDER,BUREAU_MAX_OVERDUE_RATIO,0.008862225031482172
DEF_60_CNT_SOCIAL_CIRCLE,PREVIOUS_CANCELED_COUNT,0.00885594321360348
ORGANIZATION_TYPE,BUREAU_MAX_OVERDUE_RATIO,0.008853725774001312
LIVE_REGION_NOT_WORK_REGION,FLAG_DOCUMENT_11,0.008850043290602244
FLAG_OWN_REALTY,BUREAU_ACTIVE_COUNT,0.008844037815651755
NAME_EDUCATION_TYPE,HAS_BUREAU_BALANCE_HISTORY,0.008839838363341804
ORGANIZATION_TYPE,BUREAU_OVERDUE_COUNT,0.008839641223186845
LIVE_CITY_NOT_WORK_CITY,AMT_REQ_CREDIT_BUREAU_QRT,0.008838983738613693
AMT_CREDIT,LATE_PAYMENT_COUNT,0.008836152521798975
BUREAU_OVERDUE_COUNT,BUREAU_AVG_SEVERE_OVERDUE_RATIO,0.008832144124036757
DAYS_LAST_PHONE_CHANGE,BUREAU_OVERDUE_RATIO,0.008825371721999478
DAYS_REGISTRATION,BUREAU_AVG_MONTHS_REPORTED,0.008820993452851606
"WALLSMATERIAL_MODE_Stone, brick",EMERGENCYSTATE_MODE_Yes,0.008806130207710558
LIVE_REGION_NOT_WORK_REGION,AMT_REQ_CREDIT_BUREAU_QRT,0.008803592850309773
NAME_INCOME_TYPE_State servant,EMERGENCYSTATE_MODE_No,0.008798688501206296
FLAG_DOCUMENT_5,AMT_REQ_CREDIT_BUREAU_YEAR,0.00879821612783351
BUREAU_OVERDUE_COUNT,BUREAU_AVG_MONTHS_REPORTED,0.008785000573889448
NAME_CONTRACT_TYPE,DEF_60_CNT_SOCIAL_CIRCLE,0.008783807143971848
ORGANIZATION_TYPE,HAS_BUREAU_OVERDUE,0.008779091777202649
FLAG_DOCUMENT_5,BUREAU_AVG_MONTHS_REPORTED,0.008776576308418303
FLAG_CONT_MOBILE,WALLSMATERIAL_MODE_Missing,0.008770599840909114
OBS_60_CNT_SOCIAL_CIRCLE,PREVIOUS_AVG_APPLICATION,0.008763179182380896
LIVE_CITY_NOT_WORK_CITY,LATE_PAYMENT_RATE,0.008757911189879149
FLAG_DOCUMENT_3,AMT_REQ_CREDIT_BUREAU_WEEK,0.008749743632307998
FLAG_OWN_CAR,FLAG_DOCUMENT_20,0.008742304509181707
FLAG_OWN_REALTY,UNDERPAYMENT_RATE,0.008735896645272547
LIVE_CITY_NOT_WORK_CITY,BUREAU_AVG_OVERDUE_RATIO,0.00873422857083231
FLAG_DOCUMENT_15,PREVIOUS_AVG_APPLICATION,0.008731759550638823
BUREAU_ACTIVE_RATIO,PREVIOUS_UNUSED_COUNT,0.008707792391823784
PREVIOUS_REFUSAL_RATE,"WALLSMATERIAL_MODE_Stone, brick",0.008705847425542059
FLAG_DOCUMENT_18,BUREAU_OVERDUE_COUNT,0.008703936890487741
TOTALAREA_MODE,BUREAU_OVERDUE_RATIO,0.008703385858046593
FLAG_DOCUMENT_2,PREVIOUS_AVG_APPLICATION,0.008694536451614828
CODE_GENDER,FLAG_DOCUMENT_9,0.008692283697302825
FLAG_DOCUMENT_8,WALLSMATERIAL_MODE_Wooden,0.008667117856096782
FLAG_DOCUMENT_20,HAS_BUREAU_HISTORY,0.008666185536178143
FLAG_DOCUMENT_5,BUREAU_BALANCE_CREDIT_COUNT,0.008664692370115907
DAYS_BIRTH,FLAG_DOCUMENT_17,0.008650560694551666
FLAG_DOCUMENT_17,AGE_YEARS,0.008650560694551597
FLAG_DOCUMENT_13,LATE_PAYMENT_RATE,0.008647151699662688
DEF_60_CNT_SOCIAL_CIRCLE,FLAG_DOCUMENT_13,0.008640959603185039
FLAG_DOCUMENT_6,PREVIOUS_AVG_CREDIT,0.008633391037903768
BUREAU_CREDIT_GROUP,NAME_INCOME_TYPE_Working,0.00862930656613053
FLAG_DOCUMENT_8,LATE_PAYMENT_COUNT,0.008629187185148499
FLAG_CONT_MOBILE,HAS_BUREAU_HISTORY,0.00862605605010068
LATE_PAYMENT_RATE,NAME_INCOME_TYPE_Pensioner,0.008625345598276253
LIVE_CITY_NOT_WORK_CITY,AMT_REQ_CREDIT_BUREAU_MON,0.008620295987835199
HAS_BUREAU_OVERDUE,PREVIOUS_APPROVAL_RATE,0.008610574242308029
FLAG_DOCUMENT_3,WALLSMATERIAL_MODE_Wooden,0.008608242224779704
FLAG_OWN_REALTY,DEF_60_CNT_SOCIAL_CIRCLE,0.008600696604274838
EXT_SOURCE_2,EMERGENCYSTATE_MODE_Yes,0.008598171583165976
AMT_REQ_CREDIT_BUREAU_MON,BUREAU_ACTIVE_RATIO,0.008583426756588896
FLOORSMAX_MEDI,FLAG_DOCUMENT_5,0.008576581978324102
LIVE_CITY_NOT_WORK_CITY,PREVIOUS_APPROVAL_RATE,0.00857349854538836
NAME_INCOME_TYPE_State servant,"WALLSMATERIAL_MODE_Stone, brick",0.008565730900630501
REGION_RATING_CLIENT,REG_CITY_NOT_WORK_CITY,0.008549762977998138
FLAG_DOCUMENT_16,AMT_REQ_CREDIT_BUREAU_WEEK,0.008539232314378514
FLAG_DOCUMENT_8,FLAG_DOCUMENT_17,0.00853085470813468
TOTALAREA_MODE,BUREAU_BALANCE_CREDIT_COUNT,0.008525707587707501
AMT_GOODS_PRICE,PREVIOUS_APPROVED_COUNT,0.008520825987639626
FLAG_DOCUMENT_13,BUREAU_DEBT_INCOME_RATIO,0.008519631591013679
BUREAU_ACTIVE_COUNT,BUREAU_TOTAL_SEVERE_OVERDUE_MONTHS,0.008511583842378453
AMT_REQ_CREDIT_BUREAU_MON,NAME_INCOME_TYPE_State servant,0.008511117497735992
AMT_ANNUITY,FLAG_DOCUMENT_16,0.00850898992545285
FLAG_DOCUMENT_8,NAME_INCOME_TYPE_State servant,0.008507860067231482
BUREAU_AVG_MONTHS_REPORTED,NAME_INCOME_TYPE_State servant,0.008504127489379851
AMT_GOODS_PRICE,WALLSMATERIAL_MODE_Wooden,0.008500287275114093
FLAG_DOCUMENT_15,BUREAU_TOTAL_DEBT,0.0084981080988847
FLAG_DOCUMENT_9,PREVIOUS_AVG_APPLICATION,0.008493034939228246
OVERDUE_SEVERITY,PREVIOUS_APPROVAL_RATE,0.008488283982505524
FLAG_DOCUMENT_18,FLAG_DOCUMENT_21,0.008477408032630739
FLAG_EMP_PHONE,LATE_PAYMENT_RATE,0.00847047168391079
EXT_SOURCE_3,PREVIOUS_APPROVED_COUNT,0.008433278488865497
FLAG_DOCUMENT_19,PREVIOUS_APP_COUNT,0.00841978447814904
TOTALAREA_MODE,BUREAU_AVG_MONTHS_REPORTED,0.008407383023368223
ORGANIZATION_TYPE,FLAG_DOCUMENT_16,0.00839762102958896
FLAG_CONT_MOBILE,BUREAU_ACTIVE_RATIO,0.008390968930069817
DAYS_ID_PUBLISH,FLAG_DOCUMENT_14,0.008389555557218603
FLAG_EMP_PHONE,FLAG_DOCUMENT_21,0.008382528147304159
FLAG_DOCUMENT_21,NAME_INCOME_TYPE_Pensioner,0.008380214305023937
OBS_30_CNT_SOCIAL_CIRCLE,PREVIOUS_AVG_APPLICATION,0.008360576626343286
FLAG_WORK_PHONE,REGION_RATING_CLIENT,0.008346769101937145
AMT_REQ_CREDIT_BUREAU_WEEK,PREVIOUS_AVG_APPLICATION,0.008342138266496824
FLAG_DOCUMENT_16,PREVIOUS_UNUSED_COUNT,0.008340985300783005
REG_REGION_NOT_WORK_REGION,YEARS_BEGINEXPLUATATION_MEDI,0.008325576204543739
PREVIOUS_UNUSED_COUNT,WALLSMATERIAL_MODE_Panel,0.008325142281495428
REG_REGION_NOT_LIVE_REGION,BUREAU_AVG_OVERDUE_RATIO,0.008318973482264796
NAME_CONTRACT_TYPE,BUREAU_OVERDUE_COUNT,0.008291553230151742
BUREAU_TOTAL_DEBT,WALLSMATERIAL_MODE_Mixed,0.00828760563458961
LIVE_CITY_NOT_WORK_CITY,UNDERPAYMENT_RATE,0.00828365313204567
FLAG_DOCUMENT_18,BUREAU_DEBT_INCOME_RATIO,0.008280685877910298
FLAG_DOCUMENT_13,HAS_BUREAU_BALANCE_HISTORY,0.008276129187761737
BUREAU_AVG_SEVERE_OVERDUE_RATIO,PREVIOUS_APP_COUNT,0.008275569967105755
FLAG_DOCUMENT_6,BUREAU_TOTAL_OVERDUE_MONTHS,0.008274242860135452
NAME_CONTRACT_TYPE,NAME_INCOME_TYPE_State servant,0.008273696121085609
REG_REGION_NOT_LIVE_REGION,FLAG_DOCUMENT_5,0.00826054126612408
REG_REGION_NOT_WORK_REGION,NAME_INCOME_TYPE_State servant,0.008257475788005396
FLAG_DOCUMENT_2,LATE_PAYMENT_COUNT,0.00825229315090775
AMT_ANNUITY,UNDERPAYMENT_RATE,0.00824658719168479
FLAG_DOCUMENT_17,AMT_REQ_CREDIT_BUREAU_YEAR,0.008245884506876461
REGION_POPULATION_RELATIVE,BUREAU_AVG_MONTHS_REPORTED,0.00824409048213471
EXT_SOURCE_2,FLAG_DOCUMENT_15,0.008240168616880787
FLAG_DOCUMENT_6,BUREAU_AVG_MONTHS_REPORTED,0.008236467118619072
AMT_REQ_CREDIT_BUREAU_DAY,EMERGENCYSTATE_MODE_No,0.008235330249687346
BUREAU_TOTAL_OVERDUE_MONTHS,WALLSMATERIAL_MODE_Monolithic,0.008234057389016532
FLAG_DOCUMENT_18,PREVIOUS_UNUSED_COUNT,0.008224887907878285
FLAG_PHONE,EMERGENCYSTATE_MODE_Yes,0.008224345156745716
REGION_RATING_CLIENT,AMT_REQ_CREDIT_BUREAU_QRT,0.008218310255932938
REGION_POPULATION_RELATIVE,BUREAU_OVERDUE_COUNT,0.008216398523794192
REG_REGION_NOT_LIVE_REGION,BUREAU_BALANCE_CREDIT_COUNT,0.00821256299264085
OCCUPATION_TYPE,FLAG_DOCUMENT_15,0.008208978415746453
AMT_CREDIT,WALLSMATERIAL_MODE_Mixed,0.00820842626206261
AMT_ANNUITY,PREVIOUS_APP_COUNT,0.008206318917280762
DAYS_EMPLOYED,FLAG_DOCUMENT_21,0.008203656392840913
LIVE_CITY_NOT_WORK_CITY,BUREAU_TOTAL_DEBT,0.008200318148922912
LIVE_REGION_NOT_WORK_REGION,WALLSMATERIAL_MODE_Others,0.008199101365189856
FLAG_DOCUMENT_5,NAME_INCOME_TYPE_State servant,0.008193604733264638
DAYS_EMPLOYED,LATE_PAYMENT_RATE,0.008182100437705748
FLAG_DOCUMENT_6,LATE_PAYMENT_COUNT,0.008178432009526343
AMT_ANNUITY,PREVIOUS_REFUSED_COUNT,0.00817686982663197
FLAG_DOCUMENT_2,LATE_PAYMENT_RATE,0.00816892707298496
LIVE_REGION_NOT_WORK_REGION,EMERGENCYSTATE_MODE_No,0.0081684576065727
FLAG_DOCUMENT_6,BUREAU_AVG_OVERDUE_RATIO,0.00816604623449069
ORGANIZATION_TYPE,UNDERPAYMENT_RATE,0.008159498844581512
FLAG_PHONE,FLAG_DOCUMENT_3,0.008154248075785716
OCCUPATION_TYPE,BUREAU_TOTAL_OVERDUE_MONTHS,0.008150778505295749
AMT_REQ_CREDIT_BUREAU_MON,BUREAU_AVG_SEVERE_OVERDUE_RATIO,0.008149089892728301
REG_REGION_NOT_WORK_REGION,WALLSMATERIAL_MODE_Others,0.008142256296097996
DAYS_EMPLOYED,NAME_INCOME_TYPE_Other,0.00814172943971031
FLAG_DOCUMENT_8,BUREAU_AVG_SEVERE_OVERDUE_RATIO,0.008141346291410346
AMT_ANNUITY,AMT_REQ_CREDIT_BUREAU_YEAR,0.008130537885132788
REG_REGION_NOT_LIVE_REGION,BUREAU_AVG_MONTHS_REPORTED,0.008127523903044548
EXT_SOURCE_3,AMT_REQ_CREDIT_BUREAU_DAY,0.008112155052331161
REG_REGION_NOT_LIVE_REGION,BUREAU_ACTIVE_COUNT,0.00810977721641303
REGION_RATING_CLIENT,PREVIOUS_REFUSED_COUNT,0.008105008096164299
CREDIT_INCOME_RATIO,BUREAU_OVERDUE_COUNT,0.008099504415838558
FLAG_DOCUMENT_11,BUREAU_MAX_OVERDUE_RATIO,0.008095031736187072
UNDERPAYMENT_RATE,NAME_INCOME_TYPE_Working,0.008070417141003651
REG_CITY_NOT_LIVE_CITY,DEF_60_CNT_SOCIAL_CIRCLE,0.008066613632641903
BUREAU_DEBT_INCOME_RATIO,AVG_PAYMENT_DELAY,0.008063687523449643
NAME_CONTRACT_TYPE,LIVE_REGION_NOT_WORK_REGION,0.008051379108442058
NAME_CONTRACT_TYPE,FLAG_DOCUMENT_15,0.008046821060021817
AMT_REQ_CREDIT_BUREAU_DAY,PREVIOUS_APPROVAL_RATE,0.008042222966192558
AMT_GOODS_PRICE,NAME_INCOME_TYPE_Other,0.008017794836902669
BUREAU_TOTAL_OVERDUE_MONTHS,PREVIOUS_UNUSED_COUNT,0.008016555232655705
DEF_60_CNT_SOCIAL_CIRCLE,BUREAU_TOTAL_SEVERE_OVERDUE_MONTHS,0.00800497008045113
FLAG_WORK_PHONE,WALLSMATERIAL_MODE_Wooden,0.007997129364679827
FLAG_DOCUMENT_7,CREDIT_INCOME_RATIO,0.00799173211608012
DAYS_ID_PUBLISH,AMT_REQ_CREDIT_BUREAU_WEEK,0.007986705048623652
FLOORSMAX_MEDI,OVERDUE_SEVERITY,0.007985744765441602
BUREAU_AVG_SEVERE_OVERDUE_RATIO,PREVIOUS_APPROVED_COUNT,0.00798505097852588
CNT_CHILDREN,AMT_REQ_CREDIT_BUREAU_MON,0.007967857270225573
DAYS_BIRTH,REGION_RATING_CLIENT_W_CITY,0.007966426378742519
REGION_RATING_CLIENT_W_CITY,AGE_YEARS,0.007966426378742477
PREVIOUS_APPROVED_COUNT,NAME_INCOME_TYPE_Other,0.007945801157242477
OCCUPATION_TYPE,FLAG_DOCUMENT_20,0.007939593591123865
AMT_INCOME_TOTAL,AMT_REQ_CREDIT_BUREAU_QRT,0.00792109249425895
FLAG_CONT_MOBILE,FLAG_DOCUMENT_9,0.00791678405452464
REG_CITY_NOT_LIVE_CITY,AMT_REQ_CREDIT_BUREAU_YEAR,0.007910459159992318
EXT_SOURCE_2,BUREAU_BALANCE_CREDIT_COUNT,0.007899384477284551
AMT_REQ_CREDIT_BUREAU_WEEK,LATE_PAYMENT_RATE,0.007897921816227865
FLAG_PHONE,OCCUPATION_TYPE,0.007894584395760065
TOTALAREA_MODE,FLAG_DOCUMENT_6,0.007891683764260771
REG_REGION_NOT_WORK_REGION,PREVIOUS_REFUSED_COUNT,0.007890477965323333
BUREAU_MAX_OVERDUE_DAYS,BUREAU_AVG_OVERDUE_RATIO,0.007889811792461367
TOTALAREA_MODE,BUREAU_ACTIVE_COUNT,0.007868427552515805
PREVIOUS_REFUSED_COUNT,EMERGENCYSTATE_MODE_No,0.007859682159979849
FLAG_DOCUMENT_14,BUREAU_AVG_MONTHS_REPORTED,0.007851412867747065
FLAG_CONT_MOBILE,DEBT_INCOME_GROUP,0.00784977632303234
AMT_INCOME_TOTAL,FLAG_CONT_MOBILE,0.007844356119681189
FLAG_DOCUMENT_21,BUREAU_BALANCE_CREDIT_COUNT,0.00783857145971147
FLAG_DOCUMENT_6,PREVIOUS_REFUSED_COUNT,0.007836591864055591
BUREAU_TOTAL_DEBT,LATE_PAYMENT_RATE,0.007834028235749918
FLAG_DOCUMENT_9,PREVIOUS_CANCELED_COUNT,0.007832122205807236
NAME_CONTRACT_TYPE,FLAG_DOCUMENT_18,0.007830021684271438
FLOORSMAX_MEDI,BUREAU_OVERDUE_COUNT,0.007823300455318859
BUREAU_OVERDUE_COUNT,PREVIOUS_UNUSED_COUNT,0.007816490086344621
REG_REGION_NOT_LIVE_REGION,FLAG_DOCUMENT_10,0.007790113120647743
BUREAU_ACTIVE_COUNT,LATE_PAYMENT_RATE,0.007786258333470968
REGION_POPULATION_RELATIVE,FLAG_DOCUMENT_4,0.007785917358266239
BUREAU_ACTIVE_RATIO,EMERGENCYSTATE_MODE_No,0.007785149086375318
DEF_60_CNT_SOCIAL_CIRCLE,PREVIOUS_UNUSED_COUNT,0.00777648059539675
TOTALAREA_MODE,PREVIOUS_CANCELED_COUNT,0.007772836907777964
REG_CITY_NOT_WORK_CITY,BUREAU_OVERDUE_RATIO,0.007768367553580872
FLAG_DOCUMENT_18,BUREAU_TOTAL_DEBT,0.007766545651993903
FLAG_DOCUMENT_13,BUREAU_BALANCE_CREDIT_COUNT,0.007764429641141217
FLAG_DOCUMENT_15,EMERGENCYSTATE_MODE_No,0.007763241522610352
AMT_INCOME_TOTAL,LIVE_CITY_NOT_WORK_CITY,0.007745616143507934
REGION_POPULATION_RELATIVE,FLAG_DOCUMENT_17,0.007744259286479133
DAYS_EMPLOYED,BUREAU_BALANCE_CREDIT_COUNT,0.0077409676097380045
TOTALAREA_MODE,FLAG_DOCUMENT_17,0.007736379017943029
BUREAU_AVG_MONTHS_REPORTED,NAME_INCOME_TYPE_Pensioner,0.007728362258399564
FLAG_DOCUMENT_8,AVG_PAYMENT_DELAY,0.007724508502184677
FLAG_OWN_REALTY,CNT_FAM_MEMBERS,0.007720743576091664
FLAG_DOCUMENT_5,FLAG_DOCUMENT_11,0.007716913815134986
DEF_60_CNT_SOCIAL_CIRCLE,BUREAU_TOTAL_DEBT,0.007704154807141241
DEF_60_CNT_SOCIAL_CIRCLE,BUREAU_ACTIVE_RATIO,0.00770337636854822
FLAG_DOCUMENT_5,FLAG_DOCUMENT_9,0.007700604815564847
FLAG_DOCUMENT_18,DEBT_INCOME_GROUP,0.007684335343686494
BUREAU_CREDIT_COUNT,BUREAU_AVG_OVERDUE_RATIO,0.007681725902095981
AMT_REQ_CREDIT_BUREAU_DAY,WALLSMATERIAL_MODE_Missing,0.007676711226602905
OBS_30_CNT_SOCIAL_CIRCLE,AGE_YEARS,0.007675918517062928
DAYS_BIRTH,OBS_30_CNT_SOCIAL_CIRCLE,0.007675918517062688
AMT_INCOME_TOTAL,PREVIOUS_UNUSED_COUNT,0.007673712283618352
AMT_INCOME_TOTAL,PREVIOUS_APPROVED_COUNT,0.0076688094571277015
FLAG_EMP_PHONE,BUREAU_AVG_MONTHS_REPORTED,0.007668532185780937
FLAG_WORK_PHONE,FLAG_DOCUMENT_15,0.007666908293421895
REGION_RATING_CLIENT,BUREAU_ACTIVE_RATIO,0.007655576872228873
FLAG_DOCUMENT_16,BUREAU_AVG_OVERDUE_RATIO,0.007652490556489907
NAME_INCOME_TYPE_State servant,WALLSMATERIAL_MODE_Wooden,0.0076503134697386375
FLAG_DOCUMENT_16,AMT_REQ_CREDIT_BUREAU_DAY,0.007647320545491193
REG_CITY_NOT_WORK_CITY,BUREAU_MAX_OVERDUE_RATIO,0.007642066946704167
NAME_CONTRACT_TYPE,HAS_BUREAU_OVERDUE,0.007623932233693403
CNT_FAM_MEMBERS,FLAG_DOCUMENT_11,0.007614154964193213
REG_CITY_NOT_LIVE_CITY,DEF_30_CNT_SOCIAL_CIRCLE,0.007613560207386705
REG_REGION_NOT_WORK_REGION,AMT_REQ_CREDIT_BUREAU_MON,0.007587843085825843
LIVE_CITY_NOT_WORK_CITY,BUREAU_ACTIVE_COUNT,0.007578183465258106
REG_REGION_NOT_LIVE_REGION,DEF_30_CNT_SOCIAL_CIRCLE,0.007576620247510662
AMT_REQ_CREDIT_BUREAU_WEEK,CREDIT_INCOME_RATIO,0.007567837336133101
REG_REGION_NOT_LIVE_REGION,DEF_60_CNT_SOCIAL_CIRCLE,0.007561831933167898
CNT_FAM_MEMBERS,YEARS_BEGINEXPLUATATION_MEDI,0.007556509463387076
REGION_RATING_CLIENT_W_CITY,AMT_REQ_CREDIT_BUREAU_QRT,0.007554558312995523
DAYS_REGISTRATION,BUREAU_TOTAL_OVERDUE_MONTHS,0.007553705288358927
FLAG_EMAIL,FLAG_DOCUMENT_18,0.00754581738283143
FLAG_DOCUMENT_15,PREVIOUS_REFUSAL_RATE,0.007543165938276764
FLAG_DOCUMENT_17,PREVIOUS_AVG_CREDIT,0.007529757136640668
TOTALAREA_MODE,HAS_BUREAU_OVERDUE,0.00752679197436303
OVERDUE_SEVERITY,AVG_PAYMENT_DELAY,0.007524399368651312
YEARS_BEGINEXPLUATATION_MEDI,PREVIOUS_APP_COUNT,0.007519670732637322
AMT_GOODS_PRICE,FLAG_DOCUMENT_17,0.007517656220584621
FLAG_DOCUMENT_9,NAME_INCOME_TYPE_Working,0.007493636244704992
DAYS_ID_PUBLISH,EMERGENCYSTATE_MODE_Yes,0.0074858040352684735
FLAG_OWN_REALTY,EMERGENCYSTATE_MODE_Yes,0.007485282769342231
FLAG_DOCUMENT_18,WALLSMATERIAL_MODE_Panel,0.007477364682579284
FLAG_DOCUMENT_18,BUREAU_AVG_MONTHS_REPORTED,0.007472846576339554
FLAG_OWN_CAR,FLAG_PHONE,0.007472712593042298
FLAG_DOCUMENT_15,CREDIT_INCOME_RATIO,0.007467668729354219
PREVIOUS_APP_COUNT,NAME_INCOME_TYPE_Working,0.0074548933610766345
DAYS_REGISTRATION,FLAG_DOCUMENT_15,0.007443076540321948
DAYS_LAST_PHONE_CHANGE,NAME_INCOME_TYPE_Working,0.00743808201580543
BUREAU_MAX_OVERDUE_RATIO,WALLSMATERIAL_MODE_Monolithic,0.007433216873461191
LIVE_REGION_NOT_WORK_REGION,PREVIOUS_APPROVAL_RATE,0.007422208655816979
FLAG_CONT_MOBILE,AMT_REQ_CREDIT_BUREAU_QRT,0.007416331528858767
FLAG_DOCUMENT_19,AMT_REQ_CREDIT_BUREAU_YEAR,0.007413720606467827
REG_REGION_NOT_LIVE_REGION,FLAG_DOCUMENT_18,0.007413698344001376
FLAG_DOCUMENT_3,BUREAU_OVERDUE_COUNT,0.0074118463689851425
DAYS_ID_PUBLISH,BUREAU_AVG_OVERDUE_RATIO,0.007409644761340148
FLAG_DOCUMENT_2,BUREAU_ACTIVE_RATIO,0.0074025914349045464
TOTALAREA_MODE,FLAG_DOCUMENT_18,0.007397366392994643
AMT_GOODS_PRICE,PREVIOUS_UNUSED_COUNT,0.007394681123923438
DEF_60_CNT_SOCIAL_CIRCLE,BUREAU_AVG_SEVERE_OVERDUE_RATIO,0.0073763719179027135
DAYS_REGISTRATION,FLAG_DOCUMENT_20,0.007372629732085153
FLAG_DOCUMENT_6,"WALLSMATERIAL_MODE_Stone, brick",0.007368630413127639
FLAG_DOCUMENT_15,PREVIOUS_CANCELED_COUNT,0.007366553933224011
AVG_PAYMENT_DELAY,NAME_INCOME_TYPE_Other,0.007361928595963415
BUREAU_ACTIVE_RATIO,WALLSMATERIAL_MODE_Missing,0.007353130462396688
EXT_SOURCE_2,FLAG_DOCUMENT_21,0.007347281344540118
FLAG_DOCUMENT_9,CREDIT_INCOME_RATIO,0.007331386205458219
AMT_ANNUITY,DAYS_BIRTH,0.007324735066045301
AMT_ANNUITY,AGE_YEARS,0.007324735066045039
CREDIT_INCOME_RATIO,HAS_BUREAU_OVERDUE,0.007323945118616459
FLAG_CONT_MOBILE,ORGANIZATION_TYPE,0.007321079554647943
EXT_SOURCE_3,FLAG_DOCUMENT_11,0.007320616978799469
AMT_INCOME_TOTAL,DAYS_ID_PUBLISH,0.007317937685576729
FLAG_DOCUMENT_17,PREVIOUS_APP_COUNT,0.007317664821064473
REGION_POPULATION_RELATIVE,BUREAU_ACTIVE_RATIO,0.007309712147043352
FLAG_DOCUMENT_17,PREVIOUS_AVG_APPLICATION,0.007303783299702011
FLAG_WORK_PHONE,DEF_60_CNT_SOCIAL_CIRCLE,0.007302823820641601
CNT_CHILDREN,AVG_PAYMENT_DELAY,0.007298437494795599
NAME_CONTRACT_TYPE,FLAG_DOCUMENT_20,0.007289119230849818
AMT_INCOME_TOTAL,FLAG_DOCUMENT_16,0.00728685706089807
FLAG_DOCUMENT_12,NAME_INCOME_TYPE_State servant,0.007281445535488914
FLAG_DOCUMENT_10,PREVIOUS_REFUSAL_RATE,0.007270713612559487
DEF_60_CNT_SOCIAL_CIRCLE,FLAG_DOCUMENT_6,0.007253149796626783
BUREAU_MAX_OVERDUE_DAYS,NAME_INCOME_TYPE_Pensioner,0.0072446513547634464
FLAG_PHONE,WALLSMATERIAL_MODE_Wooden,0.007239399907774298
FLAG_OWN_REALTY,PREVIOUS_UNUSED_COUNT,0.007238242598779749
FLAG_EMP_PHONE,BUREAU_MAX_OVERDUE_DAYS,0.007232882245594887
REGION_POPULATION_RELATIVE,FLAG_DOCUMENT_16,0.007229398922887056
OCCUPATION_TYPE,EMERGENCYSTATE_MODE_No,0.0072283452703960915
FLAG_DOCUMENT_5,FLAG_DOCUMENT_13,0.00721621781021317
DAYS_ID_PUBLISH,UNDERPAYMENT_RATE,0.007215066992158368
CODE_GENDER,HOUR_APPR_PROCESS_START,0.007207658443539436
PREVIOUS_REFUSED_COUNT,WALLSMATERIAL_MODE_Panel,0.007187826155766902
AMT_GOODS_PRICE,AVG_PAYMENT_DELAY,0.007187099381045805
DAYS_BIRTH,OBS_60_CNT_SOCIAL_CIRCLE,0.00718057370513354
OBS_60_CNT_SOCIAL_CIRCLE,AGE_YEARS,0.007180573705133464
AMT_ANNUITY,WALLSMATERIAL_MODE_Wooden,0.007172263067259443
FLAG_DOCUMENT_20,PREVIOUS_APP_COUNT,0.007156633654411299
FLAG_DOCUMENT_3,HAS_BUREAU_OVERDUE,0.007156181740791423
FLAG_DOCUMENT_11,BUREAU_DEBT_INCOME_RATIO,0.007153456590188159
DEBT_INCOME_GROUP,NAME_INCOME_TYPE_Other,0.007144589491780362
FLAG_DOCUMENT_9,BUREAU_CREDIT_GROUP,0.007143997848115365
DAYS_LAST_PHONE_CHANGE,AMT_REQ_CREDIT_BUREAU_WEEK,0.007127632779524592
AMT_ANNUITY,FLAG_DOCUMENT_5,0.0071247173904921204
FLAG_CONT_MOBILE,PREVIOUS_UNUSED_COUNT,0.0071195515377176655
FLOORSMAX_MEDI,FLAG_DOCUMENT_6,0.007117664912775938
REG_REGION_NOT_LIVE_REGION,FLAG_DOCUMENT_21,0.007112975990558777
REGION_RATING_CLIENT_W_CITY,PREVIOUS_REFUSED_COUNT,0.007110389713017881
FLAG_DOCUMENT_19,BUREAU_OVERDUE_COUNT,0.007102346530322191
DAYS_EMPLOYED,BUREAU_MAX_OVERDUE_DAYS,0.007097242287556218
BUREAU_OVERDUE_RATIO,BUREAU_CREDIT_GROUP,0.007092881446626264
FLAG_OWN_CAR,BUREAU_AVG_OVERDUE_RATIO,0.007092867121782461
FLAG_EMAIL,NAME_INCOME_TYPE_Working,0.0070904064156553665
FLAG_DOCUMENT_2,BUREAU_CREDIT_COUNT,0.007088952712280681
REG_CITY_NOT_LIVE_CITY,BUREAU_AVG_OVERDUE_RATIO,0.007085591426473291
FLAG_OWN_REALTY,BUREAU_CREDIT_GROUP,0.007081528398279781
FLAG_WORK_PHONE,BUREAU_TOTAL_OVERDUE_MONTHS,0.007077610627896355
NAME_EDUCATION_TYPE,FLAG_DOCUMENT_17,0.007074146975579086
CODE_GENDER,LATE_PAYMENT_RATE,0.007072446528672245
FLAG_WORK_PHONE,WALLSMATERIAL_MODE_Mixed,0.007068230687551776
AMT_REQ_CREDIT_BUREAU_YEAR,NAME_INCOME_TYPE_Other,0.007056228306820514
REG_REGION_NOT_LIVE_REGION,FLAG_DOCUMENT_16,0.007054570803773002
CNT_CHILDREN,HOUR_APPR_PROCESS_START,0.007038417786918154
FLAG_WORK_PHONE,HAS_BUREAU_HISTORY,0.007037213012612279
FLAG_DOCUMENT_16,NAME_INCOME_TYPE_Working,0.007026094173551167
BUREAU_DEBT_INCOME_RATIO,LATE_PAYMENT_RATE,0.007020140023861322
DEF_30_CNT_SOCIAL_CIRCLE,PREVIOUS_CANCELED_COUNT,0.007019348494848311
FLAG_DOCUMENT_21,PREVIOUS_APP_COUNT,0.0070151764369168305
BUREAU_AVG_OVERDUE_RATIO,PREVIOUS_CANCELED_COUNT,0.007014775762409692
REGION_RATING_CLIENT_W_CITY,YEARS_BEGINEXPLUATATION_MEDI,0.007010063877445265
FLAG_EMAIL,BUREAU_AVG_SEVERE_OVERDUE_RATIO,0.007002371979221354
BUREAU_AVG_MONTHS_REPORTED,"WALLSMATERIAL_MODE_Stone, brick",0.006984527776180998
CNT_CHILDREN,AMT_REQ_CREDIT_BUREAU_QRT,0.0069781121389798926
FLAG_DOCUMENT_14,PREVIOUS_UNUSED_COUNT,0.006976304095788777
LIVE_REGION_NOT_WORK_REGION,WALLSMATERIAL_MODE_Missing,0.006970960406126793
DAYS_EMPLOYED,BUREAU_AVG_MONTHS_REPORTED,0.006968334168525868
AMT_ANNUITY,PREVIOUS_APPROVED_COUNT,0.006967066870936663
FLAG_DOCUMENT_19,HAS_BUREAU_OVERDUE,0.006959638724367303
FLAG_DOCUMENT_8,FLAG_DOCUMENT_18,0.006958550147120407
DEF_60_CNT_SOCIAL_CIRCLE,PREVIOUS_AVG_APPLICATION,0.006954763724535963
FLAG_OWN_REALTY,AMT_REQ_CREDIT_BUREAU_WEEK,0.006950509035122305
REGION_RATING_CLIENT_W_CITY,FLAG_DOCUMENT_16,0.0069474973217234885
DAYS_ID_PUBLISH,"WALLSMATERIAL_MODE_Stone, brick",0.006943871568577524
OCCUPATION_TYPE,FLAG_DOCUMENT_19,0.006939829954615694
FLAG_DOCUMENT_19,PREVIOUS_AVG_CREDIT,0.006933687790633147
CODE_GENDER,FLAG_CONT_MOBILE,0.006932519158469793
BUREAU_OVERDUE_RATIO,PREVIOUS_AVG_CREDIT,0.006904129542942096
AMT_REQ_CREDIT_BUREAU_MON,LATE_PAYMENT_RATE,0.0068971176703189795
LIVE_REGION_NOT_WORK_REGION,BUREAU_BALANCE_CREDIT_COUNT,0.0068950279087634184
DAYS_LAST_PHONE_CHANGE,FLAG_DOCUMENT_17,0.0068946929182184405
AMT_GOODS_PRICE,OVERDUE_SEVERITY,0.00687726558461931
BUREAU_MAX_OVERDUE_DAYS,PREVIOUS_APPROVED_COUNT,0.006868491911927043
AMT_CREDIT,DAYS_ID_PUBLISH,0.006858218163060093
HOUR_APPR_PROCESS_START,DEF_30_CNT_SOCIAL_CIRCLE,0.006857218351570797
BUREAU_BALANCE_CREDIT_COUNT,WALLSMATERIAL_MODE_Monolithic,0.00684878091031615
FLAG_OWN_REALTY,AMT_REQ_CREDIT_BUREAU_DAY,0.006837871412730325
BUREAU_DEBT_INCOME_RATIO,"WALLSMATERIAL_MODE_Stone, brick",0.006824690174678323
BUREAU_BALANCE_CREDIT_COUNT,NAME_INCOME_TYPE_Pensioner,0.0068240188322116115
FLAG_EMP_PHONE,BUREAU_BALANCE_CREDIT_COUNT,0.006822744099969941
AMT_CREDIT,WALLSMATERIAL_MODE_Wooden,0.0068225807272198945
DEBT_INCOME_GROUP,LATE_PAYMENT_RATE,0.006819526476810557
AMT_ANNUITY,YEARS_BEGINEXPLUATATION_MEDI,0.0068165506473967085
AMT_REQ_CREDIT_BUREAU_MON,BUREAU_OVERDUE_COUNT,0.006814700453929753
AMT_REQ_CREDIT_BUREAU_HOUR,BUREAU_AVG_OVERDUE_RATIO,0.006810773331363205
EXT_SOURCE_2,WALLSMATERIAL_MODE_Others,0.006806019902802759
BUREAU_ACTIVE_COUNT,NAME_INCOME_TYPE_Other,0.006805499440855619
CNT_CHILDREN,BUREAU_MAX_OVERDUE_RATIO,0.006805378763080835
AMT_CREDIT,FLAG_DOCUMENT_17,0.006804853986208108
FLAG_DOCUMENT_19,HAS_BUREAU_BALANCE_HISTORY,0.006801124518408424
FLAG_DOCUMENT_15,PREVIOUS_REFUSED_COUNT,0.006797641571359841
FLAG_EMAIL,BUREAU_TOTAL_SEVERE_OVERDUE_MONTHS,0.006786789473381409
HOUR_APPR_PROCESS_START,PREVIOUS_REFUSED_COUNT,0.0067818643411286595
YEARS_BEGINEXPLUATATION_MEDI,NAME_INCOME_TYPE_State servant,0.006780775188254472
REG_CITY_NOT_WORK_CITY,BUREAU_AVG_SEVERE_OVERDUE_RATIO,0.006779045936453551
FLAG_DOCUMENT_8,FLAG_DOCUMENT_12,0.006773318542636189
FLAG_MOBIL,FLAG_DOCUMENT_8,0.006773318542624986
FLAG_DOCUMENT_13,FLAG_DOCUMENT_21,0.006771487000224191
FLAG_DOCUMENT_9,PREVIOUS_REFUSED_COUNT,0.006767201475709302
AMT_GOODS_PRICE,FLAG_DOCUMENT_5,0.006762264922233206
REGION_POPULATION_RELATIVE,OCCUPATION_TYPE,0.006761821601211138
BUREAU_AVG_MONTHS_REPORTED,LATE_PAYMENT_RATE,0.006753253901868416
OCCUPATION_TYPE,BUREAU_AVG_OVERDUE_RATIO,0.00675262668546132
FLAG_DOCUMENT_3,FLAG_DOCUMENT_20,0.006749853948836776
FLAG_DOCUMENT_5,FLAG_DOCUMENT_14,0.006739418391409055
FLAG_DOCUMENT_18,AVG_PAYMENT_DELAY,0.00673362745762524
REGION_RATING_CLIENT,FLAG_DOCUMENT_16,0.006731290606245614
FLAG_DOCUMENT_8,PREVIOUS_UNUSED_COUNT,0.006731091028541168
FLAG_DOCUMENT_19,PREVIOUS_AVG_APPLICATION,0.0067295107291826806
AMT_REQ_CREDIT_BUREAU_DAY,BUREAU_AVG_OVERDUE_RATIO,0.006725844182389313
FLAG_DOCUMENT_8,EMERGENCYSTATE_MODE_Yes,0.0067232360275999515
BUREAU_TOTAL_SEVERE_OVERDUE_MONTHS,WALLSMATERIAL_MODE_Monolithic,0.006718298429334744
FLAG_OWN_CAR,PREVIOUS_REFUSED_COUNT,0.006717967700677335
AMT_REQ_CREDIT_BUREAU_WEEK,AMT_REQ_CREDIT_BUREAU_MON,0.006715279065862295
REG_REGION_NOT_WORK_REGION,TOTALAREA_MODE,0.00671324057201795
DAYS_EMPLOYED,FLAG_DOCUMENT_17,0.006711450977970066
AMT_CREDIT,OVERDUE_SEVERITY,0.006706923926336758
OVERDUE_SEVERITY,BUREAU_AVG_MONTHS_REPORTED,0.006705736532259835
FLAG_EMP_PHONE,FLAG_DOCUMENT_17,0.006692880679574997
FLAG_DOCUMENT_17,NAME_INCOME_TYPE_Pensioner,0.006690728446164224
HOUR_APPR_PROCESS_START,PREVIOUS_REFUSAL_RATE,0.006683484362073285
FLOORSMAX_MEDI,AVG_PAYMENT_DELAY,0.006675191495526108
CNT_CHILDREN,DAYS_LAST_PHONE_CHANGE,0.006672788280647699
FLAG_DOCUMENT_18,BUREAU_MAX_OVERDUE_RATIO,0.006658526978343104
OCCUPATION_TYPE,PREVIOUS_AVG_APPLICATION,0.006658037740573969
REG_REGION_NOT_LIVE_REGION,NAME_INCOME_TYPE_State servant,0.006642742221999552
FLAG_DOCUMENT_19,BUREAU_BALANCE_CREDIT_COUNT,0.006641562641468382
OBS_60_CNT_SOCIAL_CIRCLE,FLAG_DOCUMENT_9,0.006640170229488731
PREVIOUS_CANCELED_COUNT,WALLSMATERIAL_MODE_Monolithic,0.006634354753490399
DAYS_EMPLOYED,WALLSMATERIAL_MODE_Monolithic,0.006630208549528862
NAME_EDUCATION_TYPE,FLAG_WORK_PHONE,0.006620780943229182
FLAG_DOCUMENT_5,LATE_PAYMENT_RATE,0.006614479355281897
BUREAU_AVG_MONTHS_REPORTED,WALLSMATERIAL_MODE_Monolithic,0.00659874703266698
FLAG_DOCUMENT_20,"WALLSMATERIAL_MODE_Stone, brick",0.006597430569788081
WALLSMATERIAL_MODE_Mixed,WALLSMATERIAL_MODE_Monolithic,0.006597407290062421
BUREAU_DEBT_INCOME_RATIO,BUREAU_AVG_SEVERE_OVERDUE_RATIO,0.006595216508369833
FLAG_DOCUMENT_9,PREVIOUS_AVG_CREDIT,0.006586765480005075
CODE_GENDER,WALLSMATERIAL_MODE_Wooden,0.006583599935816234
FLAG_PHONE,FLAG_DOCUMENT_13,0.006582628223588417
HAS_BUREAU_OVERDUE,PREVIOUS_UNUSED_COUNT,0.0065810615942004545
LIVE_CITY_NOT_WORK_CITY,FLAG_DOCUMENT_18,0.006580331744696985
FLAG_EMP_PHONE,WALLSMATERIAL_MODE_Monolithic,0.006563710983168826
NAME_INCOME_TYPE_Working,WALLSMATERIAL_MODE_Wooden,0.006556483148355246
PREVIOUS_APP_COUNT,NAME_INCOME_TYPE_Other,0.006552825973990112
FLAG_EMP_PHONE,PREVIOUS_AVG_CREDIT,0.00655261225067541
REGION_POPULATION_RELATIVE,BUREAU_DEBT_INCOME_RATIO,0.006550462250391831
NAME_INCOME_TYPE_Pensioner,WALLSMATERIAL_MODE_Monolithic,0.006548585794474213
FLAG_DOCUMENT_15,WALLSMATERIAL_MODE_Missing,0.006546311609083964
FLAG_OWN_CAR,FLAG_CONT_MOBILE,0.006543374214571898
FLAG_DOCUMENT_2,BUREAU_ACTIVE_COUNT,0.006535492912951553
FLAG_DOCUMENT_21,PREVIOUS_APPROVAL_RATE,0.006526970693888314
PREVIOUS_AVG_CREDIT,NAME_INCOME_TYPE_Pensioner,0.006525319737412562
FLAG_DOCUMENT_13,WALLSMATERIAL_MODE_Monolithic,0.006517369892953518
OBS_30_CNT_SOCIAL_CIRCLE,AMT_REQ_CREDIT_BUREAU_QRT,0.006515040901404689
FLAG_DOCUMENT_11,BUREAU_AVG_OVERDUE_RATIO,0.006511919823168
BUREAU_OVERDUE_RATIO,EMERGENCYSTATE_MODE_No,0.006510876749998948
REG_CITY_NOT_LIVE_CITY,PREVIOUS_UNUSED_COUNT,0.006508801719925083
FLAG_OWN_CAR,BUREAU_OVERDUE_RATIO,0.006506088293355399
PREVIOUS_REFUSAL_RATE,EMERGENCYSTATE_MODE_Yes,0.006501224474088637
BUREAU_OVERDUE_COUNT,AVG_PAYMENT_DELAY,0.0064953643476177
REG_REGION_NOT_WORK_REGION,FLAG_DOCUMENT_18,0.0064880326964123075
CODE_GENDER,BUREAU_MAX_OVERDUE_DAYS,0.006487363940298534
BUREAU_OVERDUE_RATIO,LATE_PAYMENT_COUNT,0.00647957542929236
OBS_30_CNT_SOCIAL_CIRCLE,FLAG_DOCUMENT_9,0.0064722933897630106
FLAG_DOCUMENT_4,AMT_REQ_CREDIT_BUREAU_MON,0.006469419937249214
REG_CITY_NOT_LIVE_CITY,PREVIOUS_REFUSED_COUNT,0.006468031795201018
NAME_EDUCATION_TYPE,WALLSMATERIAL_MODE_Others,0.006467166279700977
FLAG_DOCUMENT_13,AMT_REQ_CREDIT_BUREAU_WEEK,0.0064598514057385235
BUREAU_OVERDUE_COUNT,NAME_INCOME_TYPE_Working,0.006459450388755676
DAYS_EMPLOYED,"WALLSMATERIAL_MODE_Stone, brick",0.006453048105662344
FLAG_DOCUMENT_2,DEBT_INCOME_GROUP,0.006445730999729009
AMT_REQ_CREDIT_BUREAU_DAY,NAME_INCOME_TYPE_Working,0.006442599439577609
FLAG_DOCUMENT_2,EMERGENCYSTATE_MODE_Yes,0.006440299495752865
AMT_REQ_CREDIT_BUREAU_MON,HAS_BUREAU_OVERDUE,0.00642145750850249
FLAG_DOCUMENT_10,PREVIOUS_APP_COUNT,0.006413642810336357
NAME_CONTRACT_TYPE,PREVIOUS_APPROVAL_RATE,0.00641071762719966
FLAG_EMP_PHONE,YEARS_BEGINEXPLUATATION_MEDI,0.006407882770624619
YEARS_BEGINEXPLUATATION_MEDI,NAME_INCOME_TYPE_Pensioner,0.006406581373968889
AMT_REQ_CREDIT_BUREAU_HOUR,WALLSMATERIAL_MODE_Missing,0.006398305263190851
FLAG_DOCUMENT_5,BUREAU_DEBT_INCOME_RATIO,0.0063905705911762554
BUREAU_AVG_OVERDUE_RATIO,PREVIOUS_AVG_CREDIT,0.006388906314572167
DAYS_EMPLOYED,YEARS_BEGINEXPLUATATION_MEDI,0.0063843597596588185
DAYS_REGISTRATION,HAS_BUREAU_HISTORY,0.006381491875321062
NAME_CONTRACT_TYPE,LIVE_CITY_NOT_WORK_CITY,0.006375494062495054
DEF_30_CNT_SOCIAL_CIRCLE,PREVIOUS_UNUSED_COUNT,0.006374510166383182
FLAG_DOCUMENT_16,BUREAU_TOTAL_OVERDUE_MONTHS,0.006372195128902976
AMT_REQ_CREDIT_BUREAU_HOUR,HAS_BUREAU_OVERDUE,0.006364128228357596
AMT_ANNUITY,REG_CITY_NOT_LIVE_CITY,0.006357284235423114
ORGANIZATION_TYPE,BUREAU_TOTAL_OVERDUE_MONTHS,0.006356022080522492
AMT_REQ_CREDIT_BUREAU_HOUR,BUREAU_TOTAL_OVERDUE_MONTHS,0.006348414692126771
FLAG_DOCUMENT_7,HAS_BUREAU_BALANCE_HISTORY,0.0063445603511285385
NAME_EDUCATION_TYPE,FLAG_DOCUMENT_19,0.006338104356156845
NAME_CONTRACT_TYPE,FLAG_DOCUMENT_19,0.006335075424967249
FLAG_DOCUMENT_5,AMT_REQ_CREDIT_BUREAU_MON,0.0063314010399580815
CODE_GENDER,FLAG_DOCUMENT_11,0.006327231144158936
FLAG_DOCUMENT_14,CREDIT_INCOME_RATIO,0.006317400420838518
FLAG_DOCUMENT_3,FLAG_DOCUMENT_10,0.00631629259460292
FLAG_DOCUMENT_6,WALLSMATERIAL_MODE_Missing,0.006312242036834997
REGION_POPULATION_RELATIVE,DAYS_ID_PUBLISH,0.006311667296287343
FLAG_OWN_CAR,FLAG_DOCUMENT_21,0.006301324183481048
FLAG_DOCUMENT_21,EMERGENCYSTATE_MODE_Yes,0.006300422583351374
FLAG_DOCUMENT_20,UNDERPAYMENT_RATE,0.006295033604628249
REGION_POPULATION_RELATIVE,UNDERPAYMENT_RATE,0.00629187479654962
OCCUPATION_TYPE,WALLSMATERIAL_MODE_Missing,0.0062888877965324485
OCCUPATION_TYPE,WALLSMATERIAL_MODE_Monolithic,0.006288132724754474
CREDIT_INCOME_RATIO,BUREAU_MAX_OVERDUE_DAYS,0.006275313875523998
AMT_REQ_CREDIT_BUREAU_MON,WALLSMATERIAL_MODE_Wooden,0.006275290282344644
WALLSMATERIAL_MODE_Mixed,WALLSMATERIAL_MODE_Others,0.0062751142356861096
FLAG_CONT_MOBILE,FLAG_DOCUMENT_7,0.006273515147260211
REG_CITY_NOT_WORK_CITY,PREVIOUS_REFUSED_COUNT,0.006268106617064434
FLAG_DOCUMENT_11,FLAG_DOCUMENT_16,0.006267254607319737
LIVE_REGION_NOT_WORK_REGION,PREVIOUS_UNUSED_COUNT,0.006261618762540932
DEF_30_CNT_SOCIAL_CIRCLE,WALLSMATERIAL_MODE_Monolithic,0.006260561196171381
FLAG_DOCUMENT_18,HAS_BUREAU_OVERDUE,0.00625562230679248
HAS_BUREAU_BALANCE_HISTORY,NAME_INCOME_TYPE_Other,0.006249162310659297
FLAG_DOCUMENT_11,AVG_PAYMENT_DELAY,0.006247849978611951
PREVIOUS_REFUSAL_RATE,WALLSMATERIAL_MODE_Monolithic,0.006247241354979004
OCCUPATION_TYPE,WALLSMATERIAL_MODE_Wooden,0.006240188229522796
AMT_INCOME_TOTAL,BUREAU_AVG_OVERDUE_RATIO,0.006239952488827176
NAME_INCOME_TYPE_Pensioner,"WALLSMATERIAL_MODE_Stone, brick",0.006235697989705323
BUREAU_BALANCE_CREDIT_COUNT,UNDERPAYMENT_RATE,0.00623279940109347
AMT_REQ_CREDIT_BUREAU_HOUR,WALLSMATERIAL_MODE_Panel,0.0062253319428883635
FLAG_CONT_MOBILE,FLAG_PHONE,0.006223994045276084
PREVIOUS_APP_COUNT,WALLSMATERIAL_MODE_Missing,0.006222420634733446
FLAG_DOCUMENT_7,PREVIOUS_REFUSED_COUNT,0.006221679124050272
CNT_FAM_MEMBERS,PREVIOUS_REFUSAL_RATE,0.006217339669793007
OBS_60_CNT_SOCIAL_CIRCLE,AMT_REQ_CREDIT_BUREAU_QRT,0.006208564997376835
BUREAU_OVERDUE_RATIO,PREVIOUS_AVG_APPLICATION,0.0062081705269568825
FLAG_WORK_PHONE,FLAG_DOCUMENT_16,0.006206103062203304
FLAG_OWN_CAR,YEARS_BEGINEXPLUATATION_MEDI,0.006200801296819295
NAME_CONTRACT_TYPE,BUREAU_DEBT_INCOME_RATIO,0.006191071611152231
BUREAU_OVERDUE_RATIO,PREVIOUS_CANCELED_COUNT,0.006190874956207857
BUREAU_OVERDUE_RATIO,BUREAU_AVG_MONTHS_REPORTED,0.006184400586911634
BUREAU_OVERDUE_RATIO,NAME_INCOME_TYPE_Working,0.006181581358471208
AMT_REQ_CREDIT_BUREAU_WEEK,PREVIOUS_REFUSAL_RATE,0.006174905593676571
DEF_60_CNT_SOCIAL_CIRCLE,NAME_INCOME_TYPE_Working,0.006173753118007729
FLAG_DOCUMENT_9,BUREAU_CREDIT_COUNT,0.006166053399113372
FLAG_EMP_PHONE,"WALLSMATERIAL_MODE_Stone, brick",0.006162303893935863
DEF_30_CNT_SOCIAL_CIRCLE,BUREAU_TOTAL_DEBT,0.006158310228573128
REG_CITY_NOT_WORK_CITY,BUREAU_OVERDUE_COUNT,0.006146046099786865
BUREAU_AVG_SEVERE_OVERDUE_RATIO,WALLSMATERIAL_MODE_Monolithic,0.006137755022851293
FLAG_DOCUMENT_14,AMT_REQ_CREDIT_BUREAU_MON,0.006136502799233776
CNT_FAM_MEMBERS,DEF_60_CNT_SOCIAL_CIRCLE,0.0061311798386697045
AMT_ANNUITY,BUREAU_MAX_OVERDUE_DAYS,0.006130817707326372
FLAG_DOCUMENT_6,EMERGENCYSTATE_MODE_No,0.006126084303447987
ORGANIZATION_TYPE,"WALLSMATERIAL_MODE_Stone, brick",0.006123214105105194
PREVIOUS_APPROVAL_RATE,WALLSMATERIAL_MODE_Mixed,0.006122055273167228
DAYS_REGISTRATION,EMERGENCYSTATE_MODE_Yes,0.006121094387149005
ORGANIZATION_TYPE,OBS_30_CNT_SOCIAL_CIRCLE,0.006110044876224115
PREVIOUS_APPROVAL_RATE,WALLSMATERIAL_MODE_Monolithic,0.006087015044211338
EXT_SOURCE_3,"WALLSMATERIAL_MODE_Stone, brick",0.006071306808103197
TOTALAREA_MODE,AMT_REQ_CREDIT_BUREAU_HOUR,0.006069752155840624
DEF_30_CNT_SOCIAL_CIRCLE,BUREAU_TOTAL_SEVERE_OVERDUE_MONTHS,0.00606917538387659
BUREAU_AVG_OVERDUE_RATIO,EMERGENCYSTATE_MODE_No,0.006060121773699154
FLAG_DOCUMENT_14,BUREAU_ACTIVE_RATIO,0.0060589925028908245
PREVIOUS_REFUSAL_RATE,WALLSMATERIAL_MODE_Wooden,0.006053400750211506
BUREAU_OVERDUE_RATIO,WALLSMATERIAL_MODE_Missing,0.006052484275833469
FLAG_CONT_MOBILE,FLAG_DOCUMENT_3,0.0060502072541422204
HAS_BUREAU_OVERDUE,AVG_PAYMENT_DELAY,0.006041774058570018
REGION_RATING_CLIENT,FLAG_DOCUMENT_4,0.006040479387764032
REG_REGION_NOT_WORK_REGION,PREVIOUS_UNUSED_COUNT,0.006040444775958984
BUREAU_AVG_OVERDUE_RATIO,WALLSMATERIAL_MODE_Missing,0.006039660525641517
PREVIOUS_APP_COUNT,"WALLSMATERIAL_MODE_Stone, brick",0.006033703272785003
DAYS_LAST_PHONE_CHANGE,BUREAU_AVG_SEVERE_OVERDUE_RATIO,0.006027008515839042
TOTALAREA_MODE,BUREAU_OVERDUE_COUNT,0.006027007865537447
AMT_REQ_CREDIT_BUREAU_DAY,BUREAU_TOTAL_DEBT,0.006021325358169419
PREVIOUS_REFUSED_COUNT,EMERGENCYSTATE_MODE_Yes,0.006020457881772365
AMT_REQ_CREDIT_BUREAU_QRT,NAME_INCOME_TYPE_State servant,0.006010907805293166
DAYS_BIRTH,PREVIOUS_REFUSED_COUNT,0.006007487294029337
AGE_YEARS,PREVIOUS_REFUSED_COUNT,0.00600748729402927
DAYS_ID_PUBLISH,FLAG_DOCUMENT_17,0.00600682665910529
LIVE_REGION_NOT_WORK_REGION,BUREAU_ACTIVE_COUNT,0.0060013169227373896
REG_CITY_NOT_WORK_CITY,FLAG_DOCUMENT_14,0.005998338108540505
REGION_POPULATION_RELATIVE,OVERDUE_SEVERITY,0.005996537801977304
BUREAU_DEBT_INCOME_RATIO,UNDERPAYMENT_RATE,0.0059873492784510126
PREVIOUS_APP_COUNT,EMERGENCYSTATE_MODE_Yes,0.00598662593823189
LIVE_CITY_NOT_WORK_CITY,NAME_INCOME_TYPE_Other,0.005982038648040759
FLAG_CONT_MOBILE,BUREAU_ACTIVE_COUNT,0.005979537323166698
AMT_CREDIT,NAME_INCOME_TYPE_Other,0.005972513118226892
AMT_GOODS_PRICE,AMT_REQ_CREDIT_BUREAU_DAY,0.005967479489222693
FLAG_DOCUMENT_3,BUREAU_AVG_SEVERE_OVERDUE_RATIO,0.005965614101741449
NAME_INCOME_TYPE_Other,NAME_INCOME_TYPE_Pensioner,0.005962620129347812
FLAG_DOCUMENT_21,AMT_REQ_CREDIT_BUREAU_YEAR,0.005956463576535683
ORGANIZATION_TYPE,WALLSMATERIAL_MODE_Wooden,0.0059564479791883364
REG_CITY_NOT_LIVE_CITY,FLAG_DOCUMENT_19,0.005950270663386155
DAYS_ID_PUBLISH,HAS_BUREAU_OVERDUE,0.005944145492880747
LIVE_CITY_NOT_WORK_CITY,FLAG_DOCUMENT_9,0.005941509856988975
REG_CITY_NOT_LIVE_CITY,FLAG_DOCUMENT_9,0.005935283845403
ORGANIZATION_TYPE,OBS_60_CNT_SOCIAL_CIRCLE,0.00592694989069624
FLAG_DOCUMENT_16,WALLSMATERIAL_MODE_Wooden,0.0059245775937583406
AMT_REQ_CREDIT_BUREAU_HOUR,EMERGENCYSTATE_MODE_No,0.005921780351521894
DEF_30_CNT_SOCIAL_CIRCLE,WALLSMATERIAL_MODE_Wooden,0.005914176179031184
CODE_GENDER,OBS_60_CNT_SOCIAL_CIRCLE,0.005909634222352604
CNT_CHILDREN,YEARS_BEGINEXPLUATATION_MEDI,0.00589884543254305
OCCUPATION_TYPE,FLOORSMAX_MEDI,0.005894499599955271
LATE_PAYMENT_RATE,WALLSMATERIAL_MODE_Mixed,0.005892052166203205
FLAG_PHONE,BUREAU_AVG_OVERDUE_RATIO,0.0058910581893744035
NAME_CONTRACT_TYPE,AMT_REQ_CREDIT_BUREAU_DAY,0.005889586485398987
BUREAU_AVG_SEVERE_OVERDUE_RATIO,LATE_PAYMENT_COUNT,0.005880232699124509
ORGANIZATION_TYPE,FLAG_DOCUMENT_5,0.005879035183648598
OCCUPATION_TYPE,TOTALAREA_MODE,0.00587763547903934
HAS_BUREAU_BALANCE_HISTORY,NAME_INCOME_TYPE_State servant,0.005877489314486142
FLAG_CONT_MOBILE,AMT_REQ_CREDIT_BUREAU_MON,0.0058767943174043375
BUREAU_MAX_OVERDUE_DAYS,HAS_BUREAU_BALANCE_HISTORY,0.005872305775160628
NAME_CONTRACT_TYPE,FLAG_DOCUMENT_9,0.005870755365662156
FLAG_DOCUMENT_9,HAS_BUREAU_HISTORY,0.005870127821764833
CODE_GENDER,OBS_30_CNT_SOCIAL_CIRCLE,0.00586827284876391
CNT_CHILDREN,BUREAU_BALANCE_CREDIT_COUNT,0.005865882106593735
AMT_ANNUITY,WALLSMATERIAL_MODE_Others,0.0058630182354325565
LIVE_CITY_NOT_WORK_CITY,BUREAU_AVG_MONTHS_REPORTED,0.005862545094939022
FLAG_DOCUMENT_13,FLAG_DOCUMENT_16,0.0058606167441936155
REGION_RATING_CLIENT_W_CITY,AMT_REQ_CREDIT_BUREAU_HOUR,0.005859567799206269
DAYS_REGISTRATION,BUREAU_MAX_OVERDUE_DAYS,0.005856009668135921
LIVE_REGION_NOT_WORK_REGION,FLAG_DOCUMENT_16,0.005855756819024617
BUREAU_TOTAL_DEBT,BUREAU_AVG_OVERDUE_RATIO,0.00584792982654819
FLAG_EMAIL,BUREAU_MAX_OVERDUE_DAYS,0.005846086544883767
CODE_GENDER,EMERGENCYSTATE_MODE_Yes,0.0058388570929632615
FLAG_WORK_PHONE,BUREAU_BALANCE_CREDIT_COUNT,0.005837753325743497
OVERDUE_SEVERITY,NAME_INCOME_TYPE_Pensioner,0.005830854656968829
CNT_FAM_MEMBERS,BUREAU_TOTAL_OVERDUE_MONTHS,0.005819795052176111
FLAG_OWN_CAR,PREVIOUS_APP_COUNT,0.005815169157109834
YEARS_BEGINEXPLUATATION_MEDI,PREVIOUS_APPROVED_COUNT,0.005811443793605579
FLAG_EMP_PHONE,OVERDUE_SEVERITY,0.005810483994135287
FLAG_CONT_MOBILE,HAS_BUREAU_BALANCE_HISTORY,0.005810204624479488
YEARS_BEGINEXPLUATATION_MEDI,PREVIOUS_REFUSED_COUNT,0.005809359232506569
CNT_CHILDREN,FLAG_DOCUMENT_18,0.005807224656772153
REG_REGION_NOT_LIVE_REGION,AMT_REQ_CREDIT_BUREAU_QRT,0.0058062365515855205
REGION_RATING_CLIENT,AMT_REQ_CREDIT_BUREAU_HOUR,0.005799214573763789
HOUR_APPR_PROCESS_START,LATE_PAYMENT_RATE,0.005796550442991386
OBS_60_CNT_SOCIAL_CIRCLE,NAME_INCOME_TYPE_Pensioner,0.005793672628540125
HOUR_APPR_PROCESS_START,FLAG_DOCUMENT_17,0.005793476049702363
AMT_INCOME_TOTAL,REG_CITY_NOT_WORK_CITY,0.005791123819002536
FLAG_CONT_MOBILE,LATE_PAYMENT_COUNT,0.005789704886697888
DAYS_ID_PUBLISH,BUREAU_OVERDUE_COUNT,0.005775081693897389
DAYS_ID_PUBLISH,DEF_60_CNT_SOCIAL_CIRCLE,0.005773060691292303
PREVIOUS_APPROVED_COUNT,WALLSMATERIAL_MODE_Wooden,0.005767254062722542
LIVE_CITY_NOT_WORK_CITY,BUREAU_OVERDUE_RATIO,0.00575998310183658
FLAG_OWN_REALTY,AMT_REQ_CREDIT_BUREAU_MON,0.0057529027219476725
FLAG_PHONE,LIVE_REGION_NOT_WORK_REGION,0.005750617718776141
FLAG_DOCUMENT_13,BUREAU_CREDIT_GROUP,0.00573496655981719
DAYS_EMPLOYED,OBS_60_CNT_SOCIAL_CIRCLE,0.005733452045261685
FLAG_DOCUMENT_15,HAS_BUREAU_BALANCE_HISTORY,0.00572807807564387
OCCUPATION_TYPE,UNDERPAYMENT_RATE,0.005726635567949593
BUREAU_ACTIVE_RATIO,WALLSMATERIAL_MODE_Panel,0.005723921089284365
REGION_RATING_CLIENT_W_CITY,FLAG_DOCUMENT_4,0.005723753463649966
REG_CITY_NOT_WORK_CITY,HAS_BUREAU_BALANCE_HISTORY,0.005723275829399798
LATE_PAYMENT_RATE,NAME_INCOME_TYPE_Working,0.005721010038994172
NAME_CONTRACT_TYPE,FLAG_DOCUMENT_4,0.005713669145003732
DEF_60_CNT_SOCIAL_CIRCLE,AVG_PAYMENT_DELAY,0.005713259767799631
FLAG_EMP_PHONE,OBS_60_CNT_SOCIAL_CIRCLE,0.005708585365102841
DAYS_EMPLOYED,OVERDUE_SEVERITY,0.00570188730817559
PREVIOUS_REFUSED_COUNT,WALLSMATERIAL_MODE_Monolithic,0.005700855536246041
FLAG_DOCUMENT_5,AMT_REQ_CREDIT_BUREAU_QRT,0.005687692706775924
FLAG_DOCUMENT_20,OVERDUE_SEVERITY,0.005687332988517844
FLAG_DOCUMENT_6,FLAG_DOCUMENT_20,0.005683001388809609
LIVE_REGION_NOT_WORK_REGION,BUREAU_AVG_OVERDUE_RATIO,0.005682314356493819
FLAG_PHONE,FLAG_DOCUMENT_8,0.0056789383303511645
FLAG_DOCUMENT_17,WALLSMATERIAL_MODE_Missing,0.00567476001743156
FLAG_DOCUMENT_5,PREVIOUS_AVG_APPLICATION,0.005666045679708936
CNT_CHILDREN,FLAG_DOCUMENT_14,0.005656833082970955
BUREAU_OVERDUE_RATIO,PREVIOUS_REFUSED_COUNT,0.005645812760326402
FLAG_DOCUMENT_6,LATE_PAYMENT_RATE,0.005643941330949947
FLAG_DOCUMENT_11,FLAG_DOCUMENT_18,0.005642719811537274
CODE_GENDER,BUREAU_TOTAL_OVERDUE_MONTHS,0.005640585193863828
AMT_REQ_CREDIT_BUREAU_QRT,BUREAU_AVG_SEVERE_OVERDUE_RATIO,0.005628452851105768
OBS_30_CNT_SOCIAL_CIRCLE,WALLSMATERIAL_MODE_Mixed,0.005627144010060787
OBS_60_CNT_SOCIAL_CIRCLE,WALLSMATERIAL_MODE_Mixed,0.005624397796280512
NAME_INCOME_TYPE_State servant,WALLSMATERIAL_MODE_Others,0.0056202616458205104
WALLSMATERIAL_MODE_Monolithic,WALLSMATERIAL_MODE_Others,0.005619859192293451
REG_CITY_NOT_LIVE_CITY,BUREAU_OVERDUE_RATIO,0.005616292886402787
DEF_30_CNT_SOCIAL_CIRCLE,BUREAU_ACTIVE_COUNT,0.005613933403310729
PREVIOUS_APP_COUNT,WALLSMATERIAL_MODE_Mixed,0.005610787375360914
OBS_60_CNT_SOCIAL_CIRCLE,BUREAU_MAX_OVERDUE_RATIO,0.005607023587457281
NAME_CONTRACT_TYPE,OVERDUE_SEVERITY,0.005597184942512563
AMT_CREDIT,AMT_REQ_CREDIT_BUREAU_DAY,0.00559704912212279
FLAG_CONT_MOBILE,LATE_PAYMENT_RATE,0.005591978542403911
OBS_30_CNT_SOCIAL_CIRCLE,NAME_INCOME_TYPE_Pensioner,0.005586903639100852
FLAG_DOCUMENT_8,PREVIOUS_APPROVAL_RATE,0.005582066847204119
FLAG_WORK_PHONE,NAME_INCOME_TYPE_Other,0.005572314077604038
FLAG_DOCUMENT_15,LATE_PAYMENT_COUNT,0.005569439605520398
REG_REGION_NOT_WORK_REGION,LATE_PAYMENT_RATE,0.005568196885113933
ORGANIZATION_TYPE,AVG_PAYMENT_DELAY,0.0055636388538948195
FLAG_DOCUMENT_6,FLAG_DOCUMENT_21,0.005557568752512942
ORGANIZATION_TYPE,DEF_30_CNT_SOCIAL_CIRCLE,0.00554307057194286
AMT_GOODS_PRICE,WALLSMATERIAL_MODE_Others,0.005541856097083658
FLAG_DOCUMENT_21,NAME_INCOME_TYPE_Working,0.005540018328814624
DEF_60_CNT_SOCIAL_CIRCLE,DEBT_INCOME_GROUP,0.005538272938711513
DAYS_EMPLOYED,OBS_30_CNT_SOCIAL_CIRCLE,0.005532102178645027
OCCUPATION_TYPE,PREVIOUS_APPROVAL_RATE,0.005530685087120863
FLAG_DOCUMENT_9,WALLSMATERIAL_MODE_Monolithic,0.005530015085830814
BUREAU_OVERDUE_RATIO,BUREAU_TOTAL_SEVERE_OVERDUE_MONTHS,0.0055287285592186125
PREVIOUS_AVG_CREDIT,"WALLSMATERIAL_MODE_Stone, brick",0.005528385210735313
DAYS_LAST_PHONE_CHANGE,FLAG_DOCUMENT_19,0.005524702488114153
AMT_REQ_CREDIT_BUREAU_DAY,BUREAU_DEBT_INCOME_RATIO,0.005521400375491655
LATE_PAYMENT_RATE,NAME_INCOME_TYPE_Other,0.005515482451469781
LIVE_REGION_NOT_WORK_REGION,NAME_INCOME_TYPE_State servant,0.0055110229486700635
REG_REGION_NOT_WORK_REGION,AVG_PAYMENT_DELAY,0.0055107717316754245
FLAG_EMP_PHONE,OBS_30_CNT_SOCIAL_CIRCLE,0.0055098811688041125
PREVIOUS_REFUSAL_RATE,WALLSMATERIAL_MODE_Others,0.005498332552113317
EXT_SOURCE_2,BUREAU_AVG_SEVERE_OVERDUE_RATIO,0.0054961462022344865
PREVIOUS_AVG_APPLICATION,"WALLSMATERIAL_MODE_Stone, brick",0.005490460030442179
OCCUPATION_TYPE,HAS_BUREAU_BALANCE_HISTORY,0.00548853814873271
DAYS_ID_PUBLISH,REGION_RATING_CLIENT_W_CITY,0.005486414106197824
DAYS_ID_PUBLISH,BUREAU_MAX_OVERDUE_RATIO,0.005484240277238697
CODE_GENDER,WALLSMATERIAL_MODE_Monolithic,0.005483964685788365
REG_CITY_NOT_WORK_CITY,NAME_INCOME_TYPE_Other,0.005477457972776235
DAYS_ID_PUBLISH,BUREAU_DEBT_INCOME_RATIO,0.005476455420122227
AMT_INCOME_TOTAL,WALLSMATERIAL_MODE_Mixed,0.0054749470487729665
BUREAU_ACTIVE_RATIO,NAME_INCOME_TYPE_Other,0.005473452256945712
FLAG_DOCUMENT_14,FLAG_DOCUMENT_16,0.0054733863790695095
FLAG_CONT_MOBILE,DEF_30_CNT_SOCIAL_CIRCLE,0.005471709567158706
REG_REGION_NOT_LIVE_REGION,FLAG_DOCUMENT_13,0.005470618111254589
REG_CITY_NOT_WORK_CITY,AMT_REQ_CREDIT_BUREAU_WEEK,0.00546712858506556
REG_CITY_NOT_LIVE_CITY,FLAG_DOCUMENT_14,0.005467028821221152
HAS_BUREAU_BALANCE_HISTORY,EMERGENCYSTATE_MODE_No,0.005466035592044025
FLAG_DOCUMENT_14,BUREAU_MAX_OVERDUE_RATIO,0.005465901588930553
CNT_CHILDREN,FLAG_DOCUMENT_11,0.005463045505478524
AMT_CREDIT,WALLSMATERIAL_MODE_Others,0.005460948424967454
FLAG_DOCUMENT_18,BUREAU_MAX_OVERDUE_DAYS,0.005460917414020184
FLAG_DOCUMENT_20,BUREAU_OVERDUE_RATIO,0.005455667416156852
EXT_SOURCE_3,FLAG_DOCUMENT_5,0.005453631926502832
FLAG_WORK_PHONE,BUREAU_MAX_OVERDUE_DAYS,0.005442260668067471
FLAG_OWN_CAR,AVG_PAYMENT_DELAY,0.0054337094286696554
HOUR_APPR_PROCESS_START,FLAG_DOCUMENT_21,0.005431107326008318
FLAG_CONT_MOBILE,DEF_60_CNT_SOCIAL_CIRCLE,0.005420648496325562
FLAG_DOCUMENT_19,OVERDUE_SEVERITY,0.00542000158051361
DEF_60_CNT_SOCIAL_CIRCLE,WALLSMATERIAL_MODE_Wooden,0.005417457422110773
DAYS_EMPLOYED,PREVIOUS_AVG_CREDIT,0.005410709996416237
FLAG_DOCUMENT_16,BUREAU_ACTIVE_COUNT,0.005409095627632871
FLAG_DOCUMENT_10,PREVIOUS_UNUSED_COUNT,0.005406292956654348
DAYS_REGISTRATION,FLAG_DOCUMENT_19,0.0053902854132076294
BUREAU_AVG_MONTHS_REPORTED,NAME_INCOME_TYPE_Other,0.0053897520925818895
FLAG_OWN_REALTY,DAYS_ID_PUBLISH,0.00538505947566219
BUREAU_AVG_OVERDUE_RATIO,NAME_INCOME_TYPE_Working,0.00538434525156892
AMT_REQ_CREDIT_BUREAU_WEEK,WALLSMATERIAL_MODE_Missing,0.005373912861973968
FLAG_CONT_MOBILE,FLAG_DOCUMENT_5,0.005373305135045243
YEARS_BEGINEXPLUATATION_MEDI,PREVIOUS_CANCELED_COUNT,0.0053729071740229286
LIVE_CITY_NOT_WORK_CITY,AMT_REQ_CREDIT_BUREAU_WEEK,0.005369010573507042
PREVIOUS_APPROVED_COUNT,WALLSMATERIAL_MODE_Mixed,0.005364791293023693
FLAG_DOCUMENT_17,EMERGENCYSTATE_MODE_No,0.00535711628460497
LIVE_CITY_NOT_WORK_CITY,BUREAU_MAX_OVERDUE_RATIO,0.0053546905265102855
FLAG_DOCUMENT_3,EMERGENCYSTATE_MODE_Yes,0.005353070493965668
YEARS_BEGINEXPLUATATION_MEDI,BUREAU_TOTAL_DEBT,0.005351293464928976
DAYS_EMPLOYED,HAS_BUREAU_BALANCE_HISTORY,0.00534119092110343
FLAG_DOCUMENT_19,WALLSMATERIAL_MODE_Missing,0.005336554640605061
FLAG_DOCUMENT_5,PREVIOUS_AVG_CREDIT,0.005331195364909001
EXT_SOURCE_2,PREVIOUS_CANCELED_COUNT,0.005331109361273577
AMT_ANNUITY,FLAG_DOCUMENT_19,0.005326950323325091
EXT_SOURCE_2,BUREAU_TOTAL_OVERDUE_MONTHS,0.005325571290300952
REGION_RATING_CLIENT_W_CITY,BUREAU_OVERDUE_RATIO,0.00532399700250497
YEARS_BEGINEXPLUATATION_MEDI,BUREAU_DEBT_INCOME_RATIO,0.005316728387767047
CODE_GENDER,UNDERPAYMENT_RATE,0.005314724607293579
OBS_30_CNT_SOCIAL_CIRCLE,BUREAU_MAX_OVERDUE_RATIO,0.005310993217584893
FLAG_DOCUMENT_5,BUREAU_ACTIVE_RATIO,0.005310647193202958
PREVIOUS_REFUSED_COUNT,WALLSMATERIAL_MODE_Missing,0.005309992243523055
FLAG_PHONE,BUREAU_MAX_OVERDUE_DAYS,0.005302785596538666
FLAG_DOCUMENT_11,WALLSMATERIAL_MODE_Wooden,0.005299180449565214
FLAG_DOCUMENT_10,PREVIOUS_APPROVAL_RATE,0.005295901082262501
FLOORSMAX_MEDI,HAS_BUREAU_HISTORY,0.005290589706865639
FLAG_DOCUMENT_8,"WALLSMATERIAL_MODE_Stone, brick",0.005289642133250011
EXT_SOURCE_2,FLAG_DOCUMENT_11,0.0052856201356670995
NAME_CONTRACT_TYPE,WALLSMATERIAL_MODE_Mixed,0.005285214014840605
LATE_PAYMENT_RATE,WALLSMATERIAL_MODE_Others,0.005277407573799441
FLAG_DOCUMENT_13,FLAG_DOCUMENT_18,0.005276603597955973
BUREAU_AVG_OVERDUE_RATIO,WALLSMATERIAL_MODE_Monolithic,0.005274824904152955
CNT_CHILDREN,BUREAU_AVG_MONTHS_REPORTED,0.0052720042222421885
OBS_30_CNT_SOCIAL_CIRCLE,FLAG_DOCUMENT_16,0.005269706698559789
LIVE_REGION_NOT_WORK_REGION,AVG_PAYMENT_DELAY,0.005266106580756835
AMT_INCOME_TOTAL,LATE_PAYMENT_RATE,0.005264446002417429
REG_CITY_NOT_LIVE_CITY,WALLSMATERIAL_MODE_Wooden,0.005251047720507702
DAYS_REGISTRATION,DEF_60_CNT_SOCIAL_CIRCLE,0.005250948708379353
REGION_POPULATION_RELATIVE,LATE_PAYMENT_RATE,0.005244058985359517
REG_CITY_NOT_WORK_CITY,HAS_BUREAU_OVERDUE,0.005241735131371658
DAYS_EMPLOYED,WALLSMATERIAL_MODE_Panel,0.005240364297618913
HAS_BUREAU_OVERDUE,NAME_INCOME_TYPE_State servant,0.005226305640055889
AMT_REQ_CREDIT_BUREAU_WEEK,EMERGENCYSTATE_MODE_No,0.0052235101498455585
OCCUPATION_TYPE,BUREAU_MAX_OVERDUE_DAYS,0.005221631173994557
CNT_FAM_MEMBERS,WALLSMATERIAL_MODE_Others,0.005221574050305843
FLAG_DOCUMENT_19,UNDERPAYMENT_RATE,0.0052080440675557815
YEARS_BEGINEXPLUATATION_MEDI,BUREAU_CREDIT_COUNT,0.0052064978407816934
FLAG_CONT_MOBILE,"WALLSMATERIAL_MODE_Stone, brick",0.005203007374433006
DEF_60_CNT_SOCIAL_CIRCLE,HAS_BUREAU_BALANCE_HISTORY,0.005202833843596434
LIVE_CITY_NOT_WORK_CITY,BUREAU_AVG_SEVERE_OVERDUE_RATIO,0.005199928874823839
AMT_REQ_CREDIT_BUREAU_MON,WALLSMATERIAL_MODE_Others,0.005199310752378473
FLAG_DOCUMENT_2,PREVIOUS_REFUSED_COUNT,0.0051974879972158435
ORGANIZATION_TYPE,DEF_60_CNT_SOCIAL_CIRCLE,0.005194965480559517
DAYS_REGISTRATION,FLAG_CONT_MOBILE,0.005191440928069476
PREVIOUS_APPROVED_COUNT,EMERGENCYSTATE_MODE_Yes,0.005191122757486777
AMT_REQ_CREDIT_BUREAU_DAY,BUREAU_MAX_OVERDUE_RATIO,0.005191083897227647
TOTALAREA_MODE,HAS_BUREAU_HISTORY,0.00518534920844891
HOUR_APPR_PROCESS_START,AVG_PAYMENT_DELAY,0.005179606497686562
CNT_FAM_MEMBERS,PREVIOUS_AVG_APPLICATION,0.005179021390057362
BUREAU_MAX_OVERDUE_DAYS,AVG_PAYMENT_DELAY,0.005177287212403375
FLOORSMAX_MEDI,LATE_PAYMENT_RATE,0.005176963818686522
FLAG_EMP_PHONE,HAS_BUREAU_BALANCE_HISTORY,0.00517390706506638
REGION_RATING_CLIENT,FLAG_DOCUMENT_17,0.005170121622749408
DEF_60_CNT_SOCIAL_CIRCLE,PREVIOUS_AVG_CREDIT,0.005166230308478034
DEF_60_CNT_SOCIAL_CIRCLE,FLAG_DOCUMENT_16,0.00515821652554989
FLAG_DOCUMENT_21,BUREAU_CREDIT_GROUP,0.005147055585885134
EXT_SOURCE_3,TOTALAREA_MODE,0.005133750450267423
BUREAU_OVERDUE_RATIO,BUREAU_TOTAL_DEBT,0.005120256818487984
DEF_30_CNT_SOCIAL_CIRCLE,FLAG_DOCUMENT_5,0.005117115937462333
FLAG_WORK_PHONE,BUREAU_AVG_SEVERE_OVERDUE_RATIO,0.005114477252712501
OCCUPATION_TYPE,FLAG_DOCUMENT_17,0.005113437928004986
CODE_GENDER,FLAG_DOCUMENT_19,0.005106301071573544
HAS_BUREAU_BALANCE_HISTORY,NAME_INCOME_TYPE_Pensioner,0.005105686572328036
REGION_RATING_CLIENT_W_CITY,FLAG_DOCUMENT_17,0.005095320924474476
REG_REGION_NOT_WORK_REGION,BUREAU_MAX_OVERDUE_RATIO,0.005094395252181028
HAS_BUREAU_OVERDUE,NAME_INCOME_TYPE_Working,0.005087640428923217
FLAG_DOCUMENT_5,DEBT_INCOME_GROUP,0.005086915208243875
DEF_60_CNT_SOCIAL_CIRCLE,FLAG_DOCUMENT_9,0.005086752144514019
ORGANIZATION_TYPE,OVERDUE_SEVERITY,0.005079811505434502
HOUR_APPR_PROCESS_START,BUREAU_CREDIT_COUNT,0.005079050656981159
FLAG_PHONE,REG_REGION_NOT_WORK_REGION,0.005074967284986491
DEF_60_CNT_SOCIAL_CIRCLE,WALLSMATERIAL_MODE_Monolithic,0.0050685491700378175
FLAG_DOCUMENT_6,HAS_BUREAU_HISTORY,0.0050660518412780405
NAME_CONTRACT_TYPE,EXT_SOURCE_3,0.005061613556298754
FLAG_PHONE,BUREAU_OVERDUE_RATIO,0.005060524311850816
AMT_INCOME_TOTAL,UNDERPAYMENT_RATE,0.005055627668628701
FLAG_DOCUMENT_13,BUREAU_MAX_OVERDUE_RATIO,0.005054693148765061
FLOORSMAX_MEDI,UNDERPAYMENT_RATE,0.005051220029676999
AGE_YEARS,EMERGENCYSTATE_MODE_Yes,0.005048901438750959
DAYS_BIRTH,EMERGENCYSTATE_MODE_Yes,0.00504890143875086
AMT_ANNUITY,PREVIOUS_UNUSED_COUNT,0.005048823653296341
LIVE_CITY_NOT_WORK_CITY,BUREAU_OVERDUE_COUNT,0.005044102706725265
FLAG_DOCUMENT_12,BUREAU_AVG_MONTHS_REPORTED,0.005043955359359949
UNDERPAYMENT_RATE,WALLSMATERIAL_MODE_Panel,0.00504034412890462
LIVE_CITY_NOT_WORK_CITY,HAS_BUREAU_OVERDUE,0.005039239397416115
OBS_60_CNT_SOCIAL_CIRCLE,FLAG_DOCUMENT_16,0.005036895664817627
REGION_POPULATION_RELATIVE,BUREAU_OVERDUE_RATIO,0.00503146987259973
FLAG_DOCUMENT_16,FLAG_DOCUMENT_21,0.005030558535861838
YEARS_BEGINEXPLUATATION_MEDI,PREVIOUS_REFUSAL_RATE,0.005029957441729016
NAME_EDUCATION_TYPE,YEARS_BEGINEXPLUATATION_MEDI,0.005027665176965646
AMT_REQ_CREDIT_BUREAU_HOUR,BUREAU_MAX_OVERDUE_DAYS,0.005019249397888502
CODE_GENDER,PREVIOUS_REFUSED_COUNT,0.005017124843350062
FLAG_DOCUMENT_14,BUREAU_AVG_OVERDUE_RATIO,0.005015752794026792
FLAG_DOCUMENT_19,EMERGENCYSTATE_MODE_No,0.0050146488278225414
FLAG_EMP_PHONE,WALLSMATERIAL_MODE_Panel,0.005012066273898104
OCCUPATION_TYPE,NAME_INCOME_TYPE_Other,0.005011430355186724
PREVIOUS_APPROVAL_RATE,WALLSMATERIAL_MODE_Wooden,0.00499908732367457
CNT_FAM_MEMBERS,FLAG_DOCUMENT_21,0.004998188690454782
FLAG_DOCUMENT_19,PREVIOUS_REFUSED_COUNT,0.00499646974257087
FLAG_DOCUMENT_3,BUREAU_OVERDUE_RATIO,0.004994032299027015
AMT_REQ_CREDIT_BUREAU_DAY,NAME_INCOME_TYPE_State servant,0.0049925876642691975
OCCUPATION_TYPE,OVERDUE_SEVERITY,0.004986438035424386
FLAG_DOCUMENT_21,UNDERPAYMENT_RATE,0.004982114331405539
NAME_INCOME_TYPE_Pensioner,WALLSMATERIAL_MODE_Panel,0.004979499357745029
AMT_REQ_CREDIT_BUREAU_DAY,WALLSMATERIAL_MODE_Panel,0.004978969448596375
LIVE_REGION_NOT_WORK_REGION,BUREAU_DEBT_INCOME_RATIO,0.00497562584082848
AMT_REQ_CREDIT_BUREAU_QRT,BUREAU_TOTAL_SEVERE_OVERDUE_MONTHS,0.004971466146825075
FLAG_DOCUMENT_17,WALLSMATERIAL_MODE_Panel,0.004962371894747798
CODE_GENDER,WALLSMATERIAL_MODE_Panel,0.004959164003488049
OBS_30_CNT_SOCIAL_CIRCLE,FLAG_DOCUMENT_18,0.004948247964841543
FLAG_OWN_REALTY,BUREAU_TOTAL_OVERDUE_MONTHS,0.004946043626574962
EXT_SOURCE_2,FLAG_DOCUMENT_5,0.0049423102890592775
FLAG_CONT_MOBILE,TOTALAREA_MODE,0.004940857471372225
EXT_SOURCE_3,FLOORSMAX_MEDI,0.004939791386282022
FLAG_MOBIL,HAS_BUREAU_HISTORY,0.004930396965162235
FLAG_DOCUMENT_14,FLAG_DOCUMENT_18,0.004927960916300295
DEF_30_CNT_SOCIAL_CIRCLE,HAS_BUREAU_BALANCE_HISTORY,0.0049244934491381445
FLAG_EMAIL,FLAG_DOCUMENT_13,0.004903952751769044
FLAG_EMAIL,BUREAU_OVERDUE_COUNT,0.00490184989665695
REG_REGION_NOT_WORK_REGION,EMERGENCYSTATE_MODE_Yes,0.004901007079157438
FLAG_WORK_PHONE,BUREAU_TOTAL_SEVERE_OVERDUE_MONTHS,0.004899178302825017
LIVE_REGION_NOT_WORK_REGION,HAS_BUREAU_HISTORY,0.0048983820764520606
FLAG_DOCUMENT_19,BUREAU_AVG_MONTHS_REPORTED,0.004897335164939531
AMT_REQ_CREDIT_BUREAU_WEEK,PREVIOUS_UNUSED_COUNT,0.00489264983559398
FLAG_DOCUMENT_20,BUREAU_AVG_MONTHS_REPORTED,0.004891018762358478
DEF_60_CNT_SOCIAL_CIRCLE,FLAG_DOCUMENT_5,0.004889702769878626
CNT_FAM_MEMBERS,PREVIOUS_AVG_CREDIT,0.0048837050973094005
DAYS_ID_PUBLISH,BUREAU_TOTAL_SEVERE_OVERDUE_MONTHS,0.004877834564185343
BUREAU_TOTAL_DEBT,NAME_INCOME_TYPE_Working,0.0048775327582427025
PREVIOUS_REFUSED_COUNT,NAME_INCOME_TYPE_Working,0.004874027183130495
FLAG_DOCUMENT_5,WALLSMATERIAL_MODE_Monolithic,0.004866423348461952
REG_REGION_NOT_WORK_REGION,HAS_BUREAU_BALANCE_HISTORY,0.004865451246289015
DAYS_REGISTRATION,UNDERPAYMENT_RATE,0.004861782210356391
YEARS_BEGINEXPLUATATION_MEDI,HAS_BUREAU_BALANCE_HISTORY,0.004861650305464424
FLAG_DOCUMENT_5,BUREAU_TOTAL_DEBT,0.0048603908999216025
WALLSMATERIAL_MODE_Monolithic,EMERGENCYSTATE_MODE_Yes,0.004859943657148863
FLAG_DOCUMENT_9,LATE_PAYMENT_RATE,0.004858073634658716
FLAG_DOCUMENT_2,PREVIOUS_APP_COUNT,0.004857399312048599
FLOORSMAX_MEDI,AMT_REQ_CREDIT_BUREAU_DAY,0.004856440402069336
REG_CITY_NOT_WORK_CITY,BUREAU_TOTAL_SEVERE_OVERDUE_MONTHS,0.0048469025847904254
FLAG_DOCUMENT_8,BUREAU_CREDIT_COUNT,0.004839125519136335
YEARS_BEGINEXPLUATATION_MEDI,BUREAU_BALANCE_CREDIT_COUNT,0.004837480345376771
REG_CITY_NOT_LIVE_CITY,BUREAU_AVG_SEVERE_OVERDUE_RATIO,0.004832428475125066
REG_CITY_NOT_WORK_CITY,BUREAU_TOTAL_DEBT,0.004823864357926006
BUREAU_BALANCE_CREDIT_COUNT,NAME_INCOME_TYPE_Other,0.00482355976657207
AMT_REQ_CREDIT_BUREAU_YEAR,WALLSMATERIAL_MODE_Panel,0.004823168983000211
OBS_60_CNT_SOCIAL_CIRCLE,FLAG_DOCUMENT_18,0.004817997060553392
AMT_REQ_CREDIT_BUREAU_MON,AMT_REQ_CREDIT_BUREAU_QRT,0.004813614791089439
NAME_EDUCATION_TYPE,BUREAU_MAX_OVERDUE_DAYS,0.004809687061727779
FLAG_DOCUMENT_21,BUREAU_CREDIT_COUNT,0.004805753191349349
CNT_FAM_MEMBERS,WALLSMATERIAL_MODE_Wooden,0.004803164690178397
FLAG_EMAIL,AMT_REQ_CREDIT_BUREAU_HOUR,0.004802703948741051
AMT_GOODS_PRICE,EMERGENCYSTATE_MODE_Yes,0.004801043618035518
FLAG_DOCUMENT_7,BUREAU_AVG_MONTHS_REPORTED,0.004797235397636698
AGE_YEARS,WALLSMATERIAL_MODE_Monolithic,0.004785805606220773
DAYS_BIRTH,WALLSMATERIAL_MODE_Monolithic,0.004785805606220741
FLAG_DOCUMENT_13,AMT_REQ_CREDIT_BUREAU_DAY,0.004784307305840038
BUREAU_OVERDUE_COUNT,NAME_INCOME_TYPE_State servant,0.00478100675928472
FLAG_OWN_CAR,BUREAU_TOTAL_SEVERE_OVERDUE_MONTHS,0.004771188251591772
REG_CITY_NOT_WORK_CITY,OBS_60_CNT_SOCIAL_CIRCLE,0.004770440028705667
FLAG_WORK_PHONE,AMT_REQ_CREDIT_BUREAU_HOUR,0.004766797900697809
FLAG_DOCUMENT_6,BUREAU_BALANCE_CREDIT_COUNT,0.004766697140275697
FLAG_EMAIL,WALLSMATERIAL_MODE_Wooden,0.004764660166927705
FLAG_PHONE,YEARS_BEGINEXPLUATATION_MEDI,0.004764422503653198
PREVIOUS_AVG_APPLICATION,WALLSMATERIAL_MODE_Mixed,0.004762686869280767
YEARS_BEGINEXPLUATATION_MEDI,LATE_PAYMENT_COUNT,0.004761531361848814
AMT_REQ_CREDIT_BUREAU_QRT,EMERGENCYSTATE_MODE_No,0.004758621739017782
DAYS_BIRTH,BUREAU_OVERDUE_RATIO,0.004754136165343036
AGE_YEARS,BUREAU_OVERDUE_RATIO,0.004754136165343014
FLAG_EMAIL,DEF_30_CNT_SOCIAL_CIRCLE,0.004751368582678736
FLAG_DOCUMENT_6,FLAG_DOCUMENT_19,0.004748575090846302
FLAG_OWN_REALTY,AMT_ANNUITY,0.0047457804978723725
BUREAU_OVERDUE_RATIO,PREVIOUS_APP_COUNT,0.004744292838239394
FLAG_EMAIL,AMT_REQ_CREDIT_BUREAU_DAY,0.004737424434079848
EXT_SOURCE_3,PREVIOUS_AVG_CREDIT,0.004733010669058597
PREVIOUS_CANCELED_COUNT,WALLSMATERIAL_MODE_Mixed,0.004728920573734997
FLAG_WORK_PHONE,FLAG_DOCUMENT_4,0.00472380836745323
FLAG_DOCUMENT_14,BUREAU_TOTAL_OVERDUE_MONTHS,0.004715331518100766
FLAG_DOCUMENT_18,BUREAU_OVERDUE_RATIO,0.0047123789338725025
FLAG_EMP_PHONE,WALLSMATERIAL_MODE_Mixed,0.0047103316245392
REG_REGION_NOT_LIVE_REGION,PREVIOUS_REFUSAL_RATE,0.004703036267710137
DEBT_INCOME_GROUP,WALLSMATERIAL_MODE_Missing,0.004702686135939553
AVG_PAYMENT_DELAY,"WALLSMATERIAL_MODE_Stone, brick",0.0047023782986279905
FLAG_DOCUMENT_12,BUREAU_BALANCE_CREDIT_COUNT,0.004693207634068764
NAME_INCOME_TYPE_Pensioner,WALLSMATERIAL_MODE_Mixed,0.004692979364211961
FLAG_DOCUMENT_20,WALLSMATERIAL_MODE_Panel,0.0046920690404705315
DAYS_EMPLOYED,WALLSMATERIAL_MODE_Mixed,0.004687918960237901
OVERDUE_SEVERITY,NAME_INCOME_TYPE_State servant,0.00468215824173966
PREVIOUS_APPROVAL_RATE,NAME_INCOME_TYPE_Pensioner,0.004673964085644726
FLAG_MOBIL,PREVIOUS_APPROVAL_RATE,0.0046712893242977765
FLAG_DOCUMENT_20,HAS_BUREAU_OVERDUE,0.004647928356011216
REGION_POPULATION_RELATIVE,AMT_REQ_CREDIT_BUREAU_QRT,0.004632302710236573
NAME_EDUCATION_TYPE,AMT_REQ_CREDIT_BUREAU_HOUR,0.004631936438512012
BUREAU_AVG_OVERDUE_RATIO,PREVIOUS_AVG_APPLICATION,0.004631276715549548
FLOORSMAX_MEDI,BUREAU_MAX_OVERDUE_DAYS,0.004631105673866771
FLAG_DOCUMENT_19,BUREAU_MAX_OVERDUE_RATIO,0.004627490764412929
OCCUPATION_TYPE,WALLSMATERIAL_MODE_Others,0.004626691905823851
YEARS_BEGINEXPLUATATION_MEDI,BUREAU_CREDIT_GROUP,0.004625717519574368
CODE_GENDER,AMT_REQ_CREDIT_BUREAU_MON,0.004620163884794152
BUREAU_BALANCE_CREDIT_COUNT,NAME_INCOME_TYPE_Working,0.004618395840919278
HOUR_APPR_PROCESS_START,UNDERPAYMENT_RATE,0.004615922554040575
DEF_30_CNT_SOCIAL_CIRCLE,FLAG_DOCUMENT_9,0.004611950621688948
REGION_POPULATION_RELATIVE,EXT_SOURCE_3,0.00461043960178766
REGION_RATING_CLIENT_W_CITY,NAME_INCOME_TYPE_Other,0.004604236692548282
NAME_CONTRACT_TYPE,FLAG_DOCUMENT_13,0.004602110326889455
FLAG_DOCUMENT_3,PREVIOUS_AVG_APPLICATION,0.00460032210400233
FLAG_DOCUMENT_7,AMT_REQ_CREDIT_BUREAU_YEAR,0.004599616775074132
FLAG_OWN_REALTY,BUREAU_AVG_OVERDUE_RATIO,0.004595844434256884
OBS_60_CNT_SOCIAL_CIRCLE,BUREAU_ACTIVE_RATIO,0.004594615003978288
PREVIOUS_AVG_CREDIT,WALLSMATERIAL_MODE_Mixed,0.00459145549833393
FLAG_OWN_REALTY,BUREAU_MAX_OVERDUE_RATIO,0.0045890716169613805
AMT_CREDIT,FLAG_DOCUMENT_12,0.004586166570738536
FLAG_DOCUMENT_13,BUREAU_AVG_MONTHS_REPORTED,0.004584569759847347
FLAG_DOCUMENT_15,BUREAU_BALANCE_CREDIT_COUNT,0.00458371832820887
BUREAU_TOTAL_DEBT,UNDERPAYMENT_RATE,0.004582480446294086
FLAG_DOCUMENT_8,FLAG_DOCUMENT_20,0.004574942189353884
LIVE_CITY_NOT_WORK_CITY,FLAG_DOCUMENT_21,0.0045739253528835075
FLAG_WORK_PHONE,AMT_REQ_CREDIT_BUREAU_WEEK,0.0045666366152367225
EXT_SOURCE_2,FLAG_DOCUMENT_19,0.004563514954582784
REGION_POPULATION_RELATIVE,PREVIOUS_REFUSAL_RATE,0.004559156698321007
FLAG_DOCUMENT_6,PREVIOUS_APP_COUNT,0.0045558661681777335
CNT_CHILDREN,EMERGENCYSTATE_MODE_Yes,0.0045513729223790565
HOUR_APPR_PROCESS_START,WALLSMATERIAL_MODE_Mixed,0.004550551495905303
DEF_30_CNT_SOCIAL_CIRCLE,BUREAU_AVG_SEVERE_OVERDUE_RATIO,0.004548637039079539
FLAG_DOCUMENT_2,PREVIOUS_APPROVED_COUNT,0.004548002799247551
DEF_30_CNT_SOCIAL_CIRCLE,BUREAU_OVERDUE_COUNT,0.004543373532171924
FLAG_DOCUMENT_21,WALLSMATERIAL_MODE_Wooden,0.0045429138452957605
FLAG_EMAIL,EMERGENCYSTATE_MODE_Yes,0.004538361170868298
ORGANIZATION_TYPE,AMT_REQ_CREDIT_BUREAU_HOUR,0.004532479878932138
CODE_GENDER,OVERDUE_SEVERITY,0.004528900673740803
REGION_RATING_CLIENT_W_CITY,PREVIOUS_CANCELED_COUNT,0.004522196165105351
TOTALAREA_MODE,LATE_PAYMENT_RATE,0.004508727554633058
FLAG_EMP_PHONE,PREVIOUS_APPROVAL_RATE,0.004507684519937791
AMT_ANNUITY,ORGANIZATION_TYPE,0.004507105461334854
AMT_REQ_CREDIT_BUREAU_QRT,NAME_INCOME_TYPE_Other,0.004499387989242083
DEF_60_CNT_SOCIAL_CIRCLE,PREVIOUS_APPROVAL_RATE,0.00448514798692684
REG_REGION_NOT_WORK_REGION,UNDERPAYMENT_RATE,0.004484006031156956
AMT_REQ_CREDIT_BUREAU_QRT,WALLSMATERIAL_MODE_Missing,0.004480963534599357
NAME_EDUCATION_TYPE,AMT_REQ_CREDIT_BUREAU_DAY,0.0044779859151644515
REG_REGION_NOT_LIVE_REGION,BUREAU_AVG_SEVERE_OVERDUE_RATIO,0.004476690664336856
YEARS_BEGINEXPLUATATION_MEDI,FLAG_DOCUMENT_6,0.0044753336989035615
CREDIT_INCOME_RATIO,WALLSMATERIAL_MODE_Mixed,0.004473932751093633
FLAG_EMAIL,REG_CITY_NOT_WORK_CITY,0.004473157808408645
LIVE_CITY_NOT_WORK_CITY,FLAG_DOCUMENT_14,0.0044713243499595445
LIVE_REGION_NOT_WORK_REGION,UNDERPAYMENT_RATE,0.004467685802299873
FLAG_DOCUMENT_15,WALLSMATERIAL_MODE_Panel,0.0044670503525758775
REGION_RATING_CLIENT_W_CITY,HAS_BUREAU_BALANCE_HISTORY,0.004462426882893808
AMT_REQ_CREDIT_BUREAU_DAY,BUREAU_OVERDUE_RATIO,0.004455323810033009
FLAG_DOCUMENT_11,WALLSMATERIAL_MODE_Others,0.004452975739033609
TOTALAREA_MODE,AVG_PAYMENT_DELAY,0.004452849324072421
AMT_GOODS_PRICE,FLAG_DOCUMENT_12,0.004452829502326909
AMT_REQ_CREDIT_BUREAU_QRT,AVG_PAYMENT_DELAY,0.004449907755079101
REG_CITY_NOT_WORK_CITY,OBS_30_CNT_SOCIAL_CIRCLE,0.004448402162062386
HAS_BUREAU_BALANCE_HISTORY,WALLSMATERIAL_MODE_Monolithic,0.004448391846510573
DAYS_REGISTRATION,FLAG_DOCUMENT_4,0.004444242806193044
REGION_RATING_CLIENT_W_CITY,BUREAU_MAX_OVERDUE_DAYS,0.004436120589712231
REG_REGION_NOT_LIVE_REGION,LATE_PAYMENT_RATE,0.004421943065309032
FLAG_DOCUMENT_9,BUREAU_DEBT_INCOME_RATIO,0.00442080102978006
FLAG_CONT_MOBILE,NAME_INCOME_TYPE_State servant,0.004417961978512544
YEARS_BEGINEXPLUATATION_MEDI,PREVIOUS_APPROVAL_RATE,0.004410847065222339
REGION_RATING_CLIENT,BUREAU_OVERDUE_RATIO,0.004407425119768441
FLAG_DOCUMENT_13,WALLSMATERIAL_MODE_Others,0.004406014469365527
DEF_30_CNT_SOCIAL_CIRCLE,"WALLSMATERIAL_MODE_Stone, brick",0.004403539919667304
OBS_60_CNT_SOCIAL_CIRCLE,FLAG_DOCUMENT_13,0.0043917514358495415
FLAG_CONT_MOBILE,FLAG_EMAIL,0.004378771129200102
AMT_INCOME_TOTAL,BUREAU_OVERDUE_RATIO,0.0043766551729317385
BUREAU_MAX_OVERDUE_DAYS,PREVIOUS_APPROVAL_RATE,0.004375839984901833
REGION_RATING_CLIENT,BUREAU_MAX_OVERDUE_DAYS,0.004375496192865825
FLAG_DOCUMENT_15,BUREAU_CREDIT_GROUP,0.004375462657364002
FLAG_DOCUMENT_2,HAS_BUREAU_BALANCE_HISTORY,0.004371891922740606
PREVIOUS_AVG_CREDIT,EMERGENCYSTATE_MODE_Yes,0.0043718888264806365
PREVIOUS_APPROVED_COUNT,NAME_INCOME_TYPE_Working,0.004371796341861387
FLAG_DOCUMENT_5,PREVIOUS_REFUSED_COUNT,0.004371116142167807
FLAG_DOCUMENT_17,NAME_INCOME_TYPE_State servant,0.0043606659120276475
EXT_SOURCE_2,BUREAU_TOTAL_SEVERE_OVERDUE_MONTHS,0.004357779942821395
TOTALAREA_MODE,FLAG_DOCUMENT_5,0.004351424967516251
TOTALAREA_MODE,NAME_INCOME_TYPE_State servant,0.0043482039531698245
FLAG_DOCUMENT_7,BUREAU_BALANCE_CREDIT_COUNT,0.004347422752402888
AMT_CREDIT,EMERGENCYSTATE_MODE_Yes,0.004338008657296561
DEF_30_CNT_SOCIAL_CIRCLE,FLAG_DOCUMENT_16,0.004335104985867812
OBS_30_CNT_SOCIAL_CIRCLE,BUREAU_ACTIVE_RATIO,0.004332415935756742
FLAG_DOCUMENT_18,LATE_PAYMENT_RATE,0.004329588073213112
AMT_REQ_CREDIT_BUREAU_DAY,"WALLSMATERIAL_MODE_Stone, brick",0.004328090502972965
BUREAU_BALANCE_CREDIT_COUNT,WALLSMATERIAL_MODE_Wooden,0.004323074999307558
PREVIOUS_APPROVED_COUNT,NAME_INCOME_TYPE_State servant,0.004319739410691976
REGION_POPULATION_RELATIVE,DEF_30_CNT_SOCIAL_CIRCLE,0.004318130197335969
TOTALAREA_MODE,BUREAU_AVG_OVERDUE_RATIO,0.004317085854451337
DEF_60_CNT_SOCIAL_CIRCLE,BUREAU_ACTIVE_COUNT,0.004310888517036224
OBS_60_CNT_SOCIAL_CIRCLE,FLAG_DOCUMENT_6,0.004309843713637892
FLAG_WORK_PHONE,FLAG_DOCUMENT_14,0.004305497014811043
YEARS_BEGINEXPLUATATION_MEDI,FLAG_DOCUMENT_11,0.004304132179287637
FLAG_WORK_PHONE,BUREAU_AVG_MONTHS_REPORTED,0.004304048307524165
PREVIOUS_AVG_APPLICATION,EMERGENCYSTATE_MODE_Yes,0.004302468348373276
EXT_SOURCE_3,FLAG_DOCUMENT_10,0.004299677082020692
NAME_INCOME_TYPE_Working,WALLSMATERIAL_MODE_Mixed,0.004299622680013579
FLAG_EMAIL,WALLSMATERIAL_MODE_Others,0.0042989851417124065
PREVIOUS_UNUSED_COUNT,WALLSMATERIAL_MODE_Others,0.004298501853134676
NAME_CONTRACT_TYPE,AMT_INCOME_TOTAL,0.004295293487455704
FLAG_PHONE,WALLSMATERIAL_MODE_Others,0.004293951668678363
HOUR_APPR_PROCESS_START,FLAG_DOCUMENT_20,0.0042927981375995294
DAYS_REGISTRATION,FLAG_DOCUMENT_2,0.004292570869331081
FLAG_DOCUMENT_5,FLAG_DOCUMENT_15,0.00429223892315736
FLAG_DOCUMENT_9,UNDERPAYMENT_RATE,0.004292176220278646
FLAG_DOCUMENT_5,WALLSMATERIAL_MODE_Wooden,0.004292071139612595
DEF_30_CNT_SOCIAL_CIRCLE,NAME_INCOME_TYPE_Working,0.0042895052707857826
FLAG_DOCUMENT_8,WALLSMATERIAL_MODE_Mixed,0.004288117743156756
FLAG_DOCUMENT_18,WALLSMATERIAL_MODE_Monolithic,0.004287125663228418
AMT_REQ_CREDIT_BUREAU_YEAR,EMERGENCYSTATE_MODE_No,0.004286635340856201
DEF_60_CNT_SOCIAL_CIRCLE,WALLSMATERIAL_MODE_Mixed,0.004286553327835674
HAS_BUREAU_BALANCE_HISTORY,WALLSMATERIAL_MODE_Wooden,0.004285426180879804
FLAG_PHONE,FLAG_DOCUMENT_18,0.004283682250685073
HAS_BUREAU_BALANCE_HISTORY,WALLSMATERIAL_MODE_Missing,0.00428200201160883
PREVIOUS_REFUSED_COUNT,WALLSMATERIAL_MODE_Others,0.004274687199180249
REG_REGION_NOT_WORK_REGION,NAME_INCOME_TYPE_Other,0.004274563752046842
DAYS_REGISTRATION,PREVIOUS_APP_COUNT,0.00427295972523675
PREVIOUS_UNUSED_COUNT,EMERGENCYSTATE_MODE_Yes,0.004272562609979296
FLAG_DOCUMENT_13,EMERGENCYSTATE_MODE_Yes,0.004271482721312356
YEARS_BEGINEXPLUATATION_MEDI,DEF_30_CNT_SOCIAL_CIRCLE,0.004262807639206499
REG_CITY_NOT_LIVE_CITY,BUREAU_DEBT_INCOME_RATIO,0.004262497511539543
CNT_FAM_MEMBERS,FLAG_DOCUMENT_9,0.004261658088015695
FLAG_PHONE,PREVIOUS_APP_COUNT,0.004255299335358822
BUREAU_TOTAL_OVERDUE_MONTHS,EMERGENCYSTATE_MODE_No,0.0042543256713602805
TOTALAREA_MODE,OVERDUE_SEVERITY,0.004253559222594472
BUREAU_TOTAL_OVERDUE_MONTHS,WALLSMATERIAL_MODE_Missing,0.004252510342797436
ORGANIZATION_TYPE,WALLSMATERIAL_MODE_Monolithic,0.004245734707249082
YEARS_BEGINEXPLUATATION_MEDI,DEF_60_CNT_SOCIAL_CIRCLE,0.00424534784243545
FLAG_CONT_MOBILE,AMT_REQ_CREDIT_BUREAU_HOUR,0.0042431937135690555
HAS_BUREAU_OVERDUE,EMERGENCYSTATE_MODE_No,0.004241022927357799
FLAG_DOCUMENT_6,FLAG_DOCUMENT_7,0.004240539161451608
OBS_30_CNT_SOCIAL_CIRCLE,FLAG_DOCUMENT_13,0.004238160762385959
YEARS_BEGINEXPLUATATION_MEDI,HAS_BUREAU_HISTORY,0.004236934583357731
FLAG_DOCUMENT_2,AVG_PAYMENT_DELAY,0.004230921917793758
EXT_SOURCE_3,FLAG_DOCUMENT_9,0.004221800509685058
FLAG_DOCUMENT_20,LATE_PAYMENT_COUNT,0.0042205420014312005
OCCUPATION_TYPE,OBS_60_CNT_SOCIAL_CIRCLE,0.004217437250411209
AMT_REQ_CREDIT_BUREAU_WEEK,AGE_YEARS,0.004217078329528622
DAYS_BIRTH,AMT_REQ_CREDIT_BUREAU_WEEK,0.004217078329528618
DEBT_INCOME_GROUP,WALLSMATERIAL_MODE_Monolithic,0.004215961979152914
BUREAU_TOTAL_DEBT,BUREAU_AVG_SEVERE_OVERDUE_RATIO,0.004213218474029094
FLAG_PHONE,FLAG_DOCUMENT_10,0.004208187155245217
DAYS_LAST_PHONE_CHANGE,EMERGENCYSTATE_MODE_Yes,0.004206495618144198
REGION_POPULATION_RELATIVE,AVG_PAYMENT_DELAY,0.004200348113739854
FLAG_EMAIL,ORGANIZATION_TYPE,0.004197212536499673
FLAG_DOCUMENT_5,UNDERPAYMENT_RATE,0.00419718167783336
REGION_RATING_CLIENT_W_CITY,BUREAU_MAX_OVERDUE_RATIO,0.004194240043172544
REGION_RATING_CLIENT,UNDERPAYMENT_RATE,0.004193424518867029
LIVE_CITY_NOT_WORK_CITY,BUREAU_DEBT_INCOME_RATIO,0.004189649007895252
FLAG_DOCUMENT_18,BUREAU_ACTIVE_COUNT,0.004189349603985666
FLAG_OWN_CAR,WALLSMATERIAL_MODE_Others,0.004185462318592268
REG_CITY_NOT_LIVE_CITY,BUREAU_MAX_OVERDUE_RATIO,0.004183891579570482
AMT_REQ_CREDIT_BUREAU_HOUR,PREVIOUS_UNUSED_COUNT,0.004181386678739712
FLAG_DOCUMENT_11,BUREAU_TOTAL_OVERDUE_MONTHS,0.004180760267411481
FLAG_OWN_CAR,AMT_REQ_CREDIT_BUREAU_QRT,0.004178870789063477
DEF_60_CNT_SOCIAL_CIRCLE,"WALLSMATERIAL_MODE_Stone, brick",0.0041730480894210395
REG_CITY_NOT_WORK_CITY,FLAG_DOCUMENT_19,0.004163322336477636
AMT_REQ_CREDIT_BUREAU_HOUR,PREVIOUS_APPROVAL_RATE,0.004153623382169034
BUREAU_AVG_MONTHS_REPORTED,WALLSMATERIAL_MODE_Wooden,0.004152939542349208
AMT_REQ_CREDIT_BUREAU_MON,BUREAU_MAX_OVERDUE_DAYS,0.004137519825167236
HOUR_APPR_PROCESS_START,AMT_REQ_CREDIT_BUREAU_DAY,0.004131758391877798
OBS_30_CNT_SOCIAL_CIRCLE,FLAG_DOCUMENT_6,0.004128994937327305
FLAG_DOCUMENT_14,WALLSMATERIAL_MODE_Mixed,0.004125822147533102
CODE_GENDER,FLAG_DOCUMENT_5,0.004121683802211088
DEF_60_CNT_SOCIAL_CIRCLE,AMT_REQ_CREDIT_BUREAU_MON,0.004121190301891369
FLOORSMAX_MEDI,AGE_YEARS,0.004119171386098147
DAYS_BIRTH,FLOORSMAX_MEDI,0.004119171386098048
FLAG_OWN_CAR,BUREAU_AVG_SEVERE_OVERDUE_RATIO,0.004117075261866548
BUREAU_OVERDUE_RATIO,"WALLSMATERIAL_MODE_Stone, brick",0.004116236891803075
CNT_CHILDREN,PREVIOUS_REFUSAL_RATE,0.004115656071104736
EXT_SOURCE_3,WALLSMATERIAL_MODE_Wooden,0.004109483669368017
BUREAU_OVERDUE_COUNT,EMERGENCYSTATE_MODE_No,0.004100147507551721
REGION_RATING_CLIENT,HAS_BUREAU_BALANCE_HISTORY,0.004097951782974205
FLAG_DOCUMENT_17,HAS_BUREAU_BALANCE_HISTORY,0.0040958165077939505
EXT_SOURCE_2,BUREAU_MAX_OVERDUE_DAYS,0.004091279666779139
FLAG_DOCUMENT_17,BUREAU_AVG_MONTHS_REPORTED,0.0040883772677757155
BUREAU_CREDIT_GROUP,WALLSMATERIAL_MODE_Monolithic,0.0040824062508547955
BUREAU_DEBT_INCOME_RATIO,WALLSMATERIAL_MODE_Mixed,0.004078070924473385
ORGANIZATION_TYPE,WALLSMATERIAL_MODE_Others,0.004073805650969661
FLAG_DOCUMENT_7,FLAG_DOCUMENT_8,0.004070705415585717
FLAG_DOCUMENT_21,LATE_PAYMENT_COUNT,0.004062172273149668
AMT_REQ_CREDIT_BUREAU_DAY,BUREAU_TOTAL_OVERDUE_MONTHS,0.004061447604884361
OCCUPATION_TYPE,OBS_30_CNT_SOCIAL_CIRCLE,0.004057157339068449
FLAG_CONT_MOBILE,WALLSMATERIAL_MODE_Panel,0.004055506949961914
FLAG_CONT_MOBILE,NAME_INCOME_TYPE_Working,0.004055391242095159
CODE_GENDER,FLAG_DOCUMENT_20,0.004046882541696188
FLAG_EMAIL,NAME_INCOME_TYPE_State servant,0.004040458547922747
FLAG_DOCUMENT_13,WALLSMATERIAL_MODE_Mixed,0.004039654104995386
FLAG_CONT_MOBILE,WALLSMATERIAL_MODE_Monolithic,0.004037762247459103
DAYS_EMPLOYED,AMT_REQ_CREDIT_BUREAU_HOUR,0.00403321115654565
DEF_30_CNT_SOCIAL_CIRCLE,CREDIT_INCOME_RATIO,0.004033193786455983
FLOORSMAX_MEDI,AMT_REQ_CREDIT_BUREAU_HOUR,0.0040320553483295446
REG_CITY_NOT_LIVE_CITY,AMT_REQ_CREDIT_BUREAU_QRT,0.004027600956914566
FLAG_DOCUMENT_8,BUREAU_ACTIVE_RATIO,0.0040248487780261254
REG_CITY_NOT_LIVE_CITY,AMT_REQ_CREDIT_BUREAU_WEEK,0.004009683694100377
REGION_RATING_CLIENT,BUREAU_MAX_OVERDUE_RATIO,0.004008486690375203
DAYS_EMPLOYED,PREVIOUS_APPROVAL_RATE,0.004007219801061992
OCCUPATION_TYPE,WALLSMATERIAL_MODE_Mixed,0.004006858262315019
PREVIOUS_AVG_APPLICATION,WALLSMATERIAL_MODE_Wooden,0.00400606511228809
HOUR_APPR_PROCESS_START,LATE_PAYMENT_COUNT,0.0040060347696295705
FLAG_DOCUMENT_13,BUREAU_AVG_OVERDUE_RATIO,0.003999340032858116
FLAG_OWN_REALTY,FLAG_DOCUMENT_9,0.003997240684673502
AMT_CREDIT,FLAG_DOCUMENT_7,0.003991532604734648
DEF_30_CNT_SOCIAL_CIRCLE,FLAG_DOCUMENT_14,0.003991002483762791
FLAG_DOCUMENT_19,HAS_BUREAU_HISTORY,0.003990295272638072
FLAG_DOCUMENT_8,BUREAU_OVERDUE_RATIO,0.003988460214215577
AMT_REQ_CREDIT_BUREAU_HOUR,NAME_INCOME_TYPE_Pensioner,0.003986926165036138
FLAG_DOCUMENT_20,WALLSMATERIAL_MODE_Missing,0.00398240080759192
DEF_30_CNT_SOCIAL_CIRCLE,PREVIOUS_APPROVAL_RATE,0.003977375240456467
HOUR_APPR_PROCESS_START,BUREAU_BALANCE_CREDIT_COUNT,0.003974034403147035
BUREAU_MAX_OVERDUE_RATIO,NAME_INCOME_TYPE_Working,0.003971386715365846
FLAG_DOCUMENT_6,FLAG_DOCUMENT_17,0.0039707190724904366
DEF_60_CNT_SOCIAL_CIRCLE,FLAG_DOCUMENT_18,0.003970496790720069
BUREAU_OVERDUE_RATIO,PREVIOUS_APPROVAL_RATE,0.003967348945740819
REG_REGION_NOT_WORK_REGION,BUREAU_OVERDUE_COUNT,0.0039669665295554496
YEARS_BEGINEXPLUATATION_MEDI,AMT_REQ_CREDIT_BUREAU_YEAR,0.003962932125078084
AMT_REQ_CREDIT_BUREAU_HOUR,AMT_REQ_CREDIT_BUREAU_WEEK,0.00395981391046512
DEF_30_CNT_SOCIAL_CIRCLE,OVERDUE_SEVERITY,0.003957536524430369
CNT_CHILDREN,HAS_BUREAU_BALANCE_HISTORY,0.003957061469658234
FLAG_DOCUMENT_6,NAME_INCOME_TYPE_Other,0.003954274927563938
PREVIOUS_APP_COUNT,EMERGENCYSTATE_MODE_No,0.003953094674015742
EXT_SOURCE_2,HAS_BUREAU_BALANCE_HISTORY,0.003951589750666156
NAME_INCOME_TYPE_State servant,WALLSMATERIAL_MODE_Monolithic,0.003951330455988161
FLAG_DOCUMENT_21,BUREAU_MAX_OVERDUE_RATIO,0.00394901099251814
AMT_ANNUITY,EMERGENCYSTATE_MODE_Yes,0.0039396768893203635
FLAG_DOCUMENT_9,BUREAU_ACTIVE_COUNT,0.003926678068123407
FLOORSMAX_MEDI,FLAG_DOCUMENT_21,0.003923089190328618
BUREAU_AVG_OVERDUE_RATIO,EMERGENCYSTATE_MODE_Yes,0.003917313708917247
NAME_INCOME_TYPE_State servant,WALLSMATERIAL_MODE_Mixed,0.003915295853676175
FLAG_EMP_PHONE,WALLSMATERIAL_MODE_Wooden,0.003910561576787924
TOTALAREA_MODE,UNDERPAYMENT_RATE,0.003908827063496415
FLAG_DOCUMENT_9,AVG_PAYMENT_DELAY,0.003907973749104856
CNT_FAM_MEMBERS,DEF_30_CNT_SOCIAL_CIRCLE,0.0038953269891327485
LIVE_REGION_NOT_WORK_REGION,EMERGENCYSTATE_MODE_Yes,0.0038903840546712343
NAME_INCOME_TYPE_Pensioner,WALLSMATERIAL_MODE_Wooden,0.003883019266485595
FLAG_DOCUMENT_17,BUREAU_BALANCE_CREDIT_COUNT,0.003882736595457614
OVERDUE_SEVERITY,PREVIOUS_CANCELED_COUNT,0.0038817397097166543
FLAG_DOCUMENT_13,"WALLSMATERIAL_MODE_Stone, brick",0.0038798643324165433
FLAG_DOCUMENT_20,EMERGENCYSTATE_MODE_No,0.0038777240183205304
AMT_ANNUITY,FLAG_DOCUMENT_2,0.0038771489141486227
FLAG_DOCUMENT_9,FLAG_DOCUMENT_11,0.003872528217889213
REGION_POPULATION_RELATIVE,NAME_INCOME_TYPE_Pensioner,0.0038720352784166203
LIVE_CITY_NOT_WORK_CITY,OVERDUE_SEVERITY,0.0038663549909379513
LIVE_CITY_NOT_WORK_CITY,FLAG_DOCUMENT_16,0.003865218703159955
FLAG_EMP_PHONE,AMT_REQ_CREDIT_BUREAU_HOUR,0.003863877437214032
DAYS_REGISTRATION,LATE_PAYMENT_RATE,0.0038612650178897552
PREVIOUS_CANCELED_COUNT,WALLSMATERIAL_MODE_Panel,0.003858131543998248
FLAG_DOCUMENT_19,BUREAU_AVG_OVERDUE_RATIO,0.003855897097328673
FLAG_MOBIL,WALLSMATERIAL_MODE_Panel,0.0038542438715349534
FLAG_DOCUMENT_12,WALLSMATERIAL_MODE_Panel,0.0038542438715332703
FLAG_DOCUMENT_3,WALLSMATERIAL_MODE_Others,0.003853275088232892
REGION_POPULATION_RELATIVE,FLAG_EMP_PHONE,0.0038470594113620363
OBS_60_CNT_SOCIAL_CIRCLE,WALLSMATERIAL_MODE_Wooden,0.0038470110958944686
REGION_RATING_CLIENT_W_CITY,BUREAU_TOTAL_OVERDUE_MONTHS,0.003843531838883459
FLAG_CONT_MOBILE,OBS_60_CNT_SOCIAL_CIRCLE,0.0038430812021217867
FLAG_CONT_MOBILE,OBS_30_CNT_SOCIAL_CIRCLE,0.00384001789573302
FLAG_DOCUMENT_14,BUREAU_CREDIT_COUNT,0.003831719562616625
OBS_60_CNT_SOCIAL_CIRCLE,FLAG_DOCUMENT_11,0.0038262072945719574
OBS_30_CNT_SOCIAL_CIRCLE,FLAG_DOCUMENT_11,0.0038207243625556424
REGION_POPULATION_RELATIVE,FLAG_DOCUMENT_21,0.0038199101565082687
REGION_RATING_CLIENT,NAME_INCOME_TYPE_Other,0.0038167249718302526
EXT_SOURCE_2,AMT_REQ_CREDIT_BUREAU_WEEK,0.003814380483911958
FLAG_CONT_MOBILE,BUREAU_CREDIT_GROUP,0.0038108345238116797
FLAG_DOCUMENT_16,AMT_REQ_CREDIT_BUREAU_QRT,0.003809443716610691
YEARS_BEGINEXPLUATATION_MEDI,PREVIOUS_AVG_APPLICATION,0.0038093707315990707
DEF_60_CNT_SOCIAL_CIRCLE,BUREAU_OVERDUE_COUNT,0.003808223659226803
DAYS_EMPLOYED,WALLSMATERIAL_MODE_Wooden,0.003806093043609645
LIVE_CITY_NOT_WORK_CITY,HAS_BUREAU_BALANCE_HISTORY,0.0037994606961678492
REGION_POPULATION_RELATIVE,DAYS_EMPLOYED,0.00379337706247394
LIVE_REGION_NOT_WORK_REGION,HAS_BUREAU_BALANCE_HISTORY,0.003792992906609202
FLAG_DOCUMENT_11,WALLSMATERIAL_MODE_Monolithic,0.003783822184392625
DAYS_ID_PUBLISH,DEF_30_CNT_SOCIAL_CIRCLE,0.00377824910373484
REG_CITY_NOT_LIVE_CITY,BUREAU_OVERDUE_COUNT,0.003777369804914353
LIVE_CITY_NOT_WORK_CITY,BUREAU_TOTAL_SEVERE_OVERDUE_MONTHS,0.0037665800705675594
FLAG_DOCUMENT_3,OVERDUE_SEVERITY,0.0037659101691644883
FLAG_EMAIL,NAME_INCOME_TYPE_Other,0.0037631980775018905
YEARS_BEGINEXPLUATATION_MEDI,DEBT_INCOME_GROUP,0.0037631784792797485
FLAG_EMAIL,LIVE_CITY_NOT_WORK_CITY,0.0037605194704820335
BUREAU_AVG_SEVERE_OVERDUE_RATIO,PREVIOUS_UNUSED_COUNT,0.003760341856280046
FLAG_DOCUMENT_2,WALLSMATERIAL_MODE_Wooden,0.0037520087078363185
FLAG_DOCUMENT_19,BUREAU_OVERDUE_RATIO,0.003746177188122502
PREVIOUS_CANCELED_COUNT,WALLSMATERIAL_MODE_Others,0.0037456069844255626
REGION_RATING_CLIENT_W_CITY,LATE_PAYMENT_RATE,0.003745192105819744
REGION_POPULATION_RELATIVE,PREVIOUS_REFUSED_COUNT,0.003744752583979246
OBS_30_CNT_SOCIAL_CIRCLE,WALLSMATERIAL_MODE_Wooden,0.0037436707480823623
REG_REGION_NOT_LIVE_REGION,BUREAU_DEBT_INCOME_RATIO,0.003743483407445882
AMT_INCOME_TOTAL,AMT_REQ_CREDIT_BUREAU_DAY,0.0037402272627591847
REG_CITY_NOT_WORK_CITY,AMT_REQ_CREDIT_BUREAU_DAY,0.00373965327988282
DEBT_INCOME_GROUP,WALLSMATERIAL_MODE_Panel,0.0037393533707031626
REGION_POPULATION_RELATIVE,PREVIOUS_CANCELED_COUNT,0.003735309837496929
LIVE_CITY_NOT_WORK_CITY,YEARS_BEGINEXPLUATATION_MEDI,0.0037317618996782994
BUREAU_MAX_OVERDUE_RATIO,WALLSMATERIAL_MODE_Mixed,0.003729101621984351
OCCUPATION_TYPE,FLAG_DOCUMENT_2,0.0037265678533378345
YEARS_BEGINEXPLUATATION_MEDI,BUREAU_AVG_MONTHS_REPORTED,0.0037225660111616385
BUREAU_TOTAL_DEBT,PREVIOUS_APPROVED_COUNT,0.0037201520451729322
FLOORSMAX_MEDI,NAME_INCOME_TYPE_Other,0.0037197146260647654
REG_REGION_NOT_LIVE_REGION,BUREAU_MAX_OVERDUE_RATIO,0.003718607266253322
LIVE_CITY_NOT_WORK_CITY,BUREAU_TOTAL_OVERDUE_MONTHS,0.003718164473102338
CNT_FAM_MEMBERS,REG_REGION_NOT_WORK_REGION,0.0037162460068826658
FLAG_DOCUMENT_20,BUREAU_MAX_OVERDUE_RATIO,0.003699603845603027
FLAG_DOCUMENT_15,AMT_REQ_CREDIT_BUREAU_DAY,0.003695449237827245
FLAG_DOCUMENT_3,WALLSMATERIAL_MODE_Mixed,0.0036918256855444204
ORGANIZATION_TYPE,LATE_PAYMENT_RATE,0.0036887256314166567
AMT_REQ_CREDIT_BUREAU_MON,OVERDUE_SEVERITY,0.003684374408220971
CNT_CHILDREN,FLAG_DOCUMENT_4,0.0036809069195991393
FLAG_DOCUMENT_8,AMT_REQ_CREDIT_BUREAU_HOUR,0.003679420322381965
FLAG_DOCUMENT_8,HAS_BUREAU_HISTORY,0.0036733313498955615
CODE_GENDER,BUREAU_TOTAL_SEVERE_OVERDUE_MONTHS,0.003669651986314865
AMT_ANNUITY,AMT_REQ_CREDIT_BUREAU_DAY,0.0036689432261950354
CNT_FAM_MEMBERS,HAS_BUREAU_OVERDUE,0.0036687528848677407
FLAG_OWN_CAR,FLAG_DOCUMENT_17,0.003667412742285248
CNT_FAM_MEMBERS,FLAG_DOCUMENT_13,0.0036629442769431407
AMT_REQ_CREDIT_BUREAU_WEEK,WALLSMATERIAL_MODE_Panel,0.0036557288597909004
AMT_INCOME_TOTAL,AMT_REQ_CREDIT_BUREAU_WEEK,0.0036529045303382375
FLAG_PHONE,FLAG_DOCUMENT_4,0.003652783772197292
ORGANIZATION_TYPE,HAS_BUREAU_BALANCE_HISTORY,0.003647815607366203
FLAG_WORK_PHONE,AMT_REQ_CREDIT_BUREAU_DAY,0.0036456849221148716
REG_REGION_NOT_WORK_REGION,FLAG_DOCUMENT_10,0.0036395316105032956
FLAG_DOCUMENT_11,AMT_REQ_CREDIT_BUREAU_MON,0.003639488693597104
OCCUPATION_TYPE,AMT_REQ_CREDIT_BUREAU_WEEK,0.0036394380084751586
BUREAU_TOTAL_SEVERE_OVERDUE_MONTHS,"WALLSMATERIAL_MODE_Stone, brick",0.0036349829241612845
OBS_30_CNT_SOCIAL_CIRCLE,EMERGENCYSTATE_MODE_Yes,0.003630815483452537
AMT_REQ_CREDIT_BUREAU_YEAR,WALLSMATERIAL_MODE_Missing,0.003629992872020995
FLAG_DOCUMENT_5,LATE_PAYMENT_COUNT,0.0036296760681281395
FLAG_DOCUMENT_11,FLAG_DOCUMENT_13,0.003628936657027284
BUREAU_AVG_OVERDUE_RATIO,"WALLSMATERIAL_MODE_Stone, brick",0.0036246580626142946
BUREAU_TOTAL_OVERDUE_MONTHS,WALLSMATERIAL_MODE_Panel,0.003617898220515879
FLAG_EMAIL,FLAG_DOCUMENT_2,0.0036157263185745557
YEARS_BEGINEXPLUATATION_MEDI,BUREAU_ACTIVE_COUNT,0.003610927132179446
FLAG_OWN_CAR,BUREAU_MAX_OVERDUE_DAYS,0.003604177307930625
FLAG_DOCUMENT_20,BUREAU_AVG_OVERDUE_RATIO,0.003604111876132839
FLAG_WORK_PHONE,HAS_BUREAU_BALANCE_HISTORY,0.003604021141183601
REGION_RATING_CLIENT,BUREAU_TOTAL_OVERDUE_MONTHS,0.00359844465530831
DEBT_INCOME_GROUP,EMERGENCYSTATE_MODE_No,0.0035947902465893874
AMT_REQ_CREDIT_BUREAU_QRT,WALLSMATERIAL_MODE_Wooden,0.003584783187971459
FLAG_DOCUMENT_11,BUREAU_TOTAL_DEBT,0.0035834875871464207
DAYS_ID_PUBLISH,AMT_REQ_CREDIT_BUREAU_DAY,0.003582517889869069
DAYS_ID_PUBLISH,AMT_REQ_CREDIT_BUREAU_HOUR,0.0035780232449328718
AMT_REQ_CREDIT_BUREAU_DAY,PREVIOUS_APPROVED_COUNT,0.003572330242547947
REG_REGION_NOT_WORK_REGION,FLAG_DOCUMENT_7,0.0035719334075888787
AMT_INCOME_TOTAL,NAME_INCOME_TYPE_Other,0.0035648997210680666
CNT_CHILDREN,HAS_BUREAU_OVERDUE,0.0035622278139581824
HAS_BUREAU_HISTORY,NAME_INCOME_TYPE_Working,0.0035606591224410502
AMT_REQ_CREDIT_BUREAU_YEAR,WALLSMATERIAL_MODE_Mixed,0.0035597423122047454
HAS_BUREAU_OVERDUE,WALLSMATERIAL_MODE_Missing,0.003546239875953659
FLAG_DOCUMENT_11,AMT_REQ_CREDIT_BUREAU_HOUR,0.00354203772842901
FLAG_DOCUMENT_17,PREVIOUS_REFUSAL_RATE,0.003538997304118484
FLAG_DOCUMENT_19,PREVIOUS_REFUSAL_RATE,0.0035379692917163175
ORGANIZATION_TYPE,BUREAU_OVERDUE_RATIO,0.0035339534359835325
CNT_FAM_MEMBERS,AMT_REQ_CREDIT_BUREAU_MON,0.0035325453317652943
OBS_60_CNT_SOCIAL_CIRCLE,EMERGENCYSTATE_MODE_Yes,0.0035322888153097535
NAME_INCOME_TYPE_Other,NAME_INCOME_TYPE_State servant,0.003531013296135855
OCCUPATION_TYPE,YEARS_BEGINEXPLUATATION_MEDI,0.003530564659550819
FLAG_DOCUMENT_21,"WALLSMATERIAL_MODE_Stone, brick",0.0035295517783575526
FLAG_DOCUMENT_2,BUREAU_AVG_MONTHS_REPORTED,0.0035281375971828602
YEARS_BEGINEXPLUATATION_MEDI,FLAG_DOCUMENT_5,0.0035249775764637625
REG_REGION_NOT_WORK_REGION,BUREAU_OVERDUE_RATIO,0.0035182156710657033
FLAG_DOCUMENT_19,WALLSMATERIAL_MODE_Panel,0.003517375526795567
FLAG_DOCUMENT_19,BUREAU_MAX_OVERDUE_DAYS,0.003516399516281525
PREVIOUS_AVG_CREDIT,WALLSMATERIAL_MODE_Wooden,0.0035105153968051817
BUREAU_TOTAL_DEBT,EMERGENCYSTATE_MODE_Yes,0.003506320767677521
EXT_SOURCE_2,AMT_REQ_CREDIT_BUREAU_HOUR,0.00350377724608561
FLAG_DOCUMENT_21,AMT_REQ_CREDIT_BUREAU_MON,0.0035021149979130896
AMT_INCOME_TOTAL,WALLSMATERIAL_MODE_Others,0.0034977198945493906
AMT_REQ_CREDIT_BUREAU_YEAR,BUREAU_TOTAL_SEVERE_OVERDUE_MONTHS,0.003494648369970125
ORGANIZATION_TYPE,EMERGENCYSTATE_MODE_Yes,0.003487754765688451
FLAG_DOCUMENT_15,FLAG_DOCUMENT_16,0.0034859212907257316
DAYS_ID_PUBLISH,BUREAU_OVERDUE_RATIO,0.0034784579695133536
PREVIOUS_APP_COUNT,WALLSMATERIAL_MODE_Wooden,0.0034747238562034093
CODE_GENDER,FLAG_DOCUMENT_10,0.0034688112283724113
BUREAU_OVERDUE_COUNT,WALLSMATERIAL_MODE_Missing,0.0034683099900547285
REG_CITY_NOT_LIVE_CITY,BUREAU_TOTAL_SEVERE_OVERDUE_MONTHS,0.003464006010545911
ORGANIZATION_TYPE,BUREAU_AVG_OVERDUE_RATIO,0.0034628795889427824
FLAG_DOCUMENT_19,BUREAU_TOTAL_DEBT,0.0034599925418296604
YEARS_BEGINEXPLUATATION_MEDI,FLAG_DOCUMENT_15,0.003456083756525781
FLAG_DOCUMENT_20,PREVIOUS_AVG_CREDIT,0.0034550568861538575
EXT_SOURCE_3,NAME_INCOME_TYPE_State servant,0.003454528778499375
AMT_ANNUITY,AMT_REQ_CREDIT_BUREAU_HOUR,0.003453179897250628
PREVIOUS_CANCELED_COUNT,NAME_INCOME_TYPE_Other,0.00345030994536521
UNDERPAYMENT_RATE,NAME_INCOME_TYPE_State servant,0.0034497481912626428
FLAG_MOBIL,AGE_YEARS,0.0034453446560437106
DAYS_BIRTH,FLAG_MOBIL,0.0034453446560435046
REGION_POPULATION_RELATIVE,BUREAU_TOTAL_OVERDUE_MONTHS,0.003438973638282541
DAYS_REGISTRATION,DEF_30_CNT_SOCIAL_CIRCLE,0.0034335953769725454
FLAG_DOCUMENT_11,LATE_PAYMENT_RATE,0.0034330074554921233
FLAG_OWN_CAR,OVERDUE_SEVERITY,0.0034252301905027655
NAME_EDUCATION_TYPE,DAYS_LAST_PHONE_CHANGE,0.003424119882994432
CODE_GENDER,AMT_REQ_CREDIT_BUREAU_WEEK,0.0034215536083559974
FLAG_EMAIL,FLAG_DOCUMENT_15,0.0034203556002901044
CNT_FAM_MEMBERS,FLAG_DOCUMENT_18,0.003419704305639241
FLAG_DOCUMENT_17,LATE_PAYMENT_COUNT,0.0034155281887596587
FLAG_OWN_CAR,NAME_INCOME_TYPE_State servant,0.003413150688502936
HOUR_APPR_PROCESS_START,BUREAU_AVG_OVERDUE_RATIO,0.003409805243821722
FLAG_DOCUMENT_21,PREVIOUS_CANCELED_COUNT,0.003408446536468978
FLAG_DOCUMENT_15,BUREAU_OVERDUE_COUNT,0.003401682628095443
FLOORSMAX_MEDI,BUREAU_ACTIVE_RATIO,0.003399362669621718
FLAG_DOCUMENT_5,BUREAU_ACTIVE_COUNT,0.003398437210570457
FLAG_DOCUMENT_13,PREVIOUS_UNUSED_COUNT,0.0033958686820005986
FLAG_DOCUMENT_14,LATE_PAYMENT_RATE,0.003394361423397762
FLAG_DOCUMENT_11,FLAG_DOCUMENT_14,0.0033891607890513984
FLAG_DOCUMENT_11,AMT_REQ_CREDIT_BUREAU_DAY,0.0033888585353657958
REGION_POPULATION_RELATIVE,FLAG_DOCUMENT_2,0.0033874935871141894
CNT_FAM_MEMBERS,FLAG_DOCUMENT_15,0.0033820854405880304
LATE_PAYMENT_RATE,EMERGENCYSTATE_MODE_Yes,0.003380541937824551
DEF_30_CNT_SOCIAL_CIRCLE,BUREAU_MAX_OVERDUE_DAYS,0.003379162807785788
FLAG_OWN_CAR,FLAG_DOCUMENT_14,0.0033701095076692075
FLAG_EMAIL,FLAG_DOCUMENT_10,0.0033688059977671388
FLAG_MOBIL,FLOORSMAX_MEDI,0.0033664381126361524
FLOORSMAX_MEDI,FLAG_DOCUMENT_12,0.0033664381126321196
LIVE_REGION_NOT_WORK_REGION,BUREAU_MAX_OVERDUE_RATIO,0.0033662821239907187
PREVIOUS_APPROVAL_RATE,WALLSMATERIAL_MODE_Others,0.003364442186575056
FLAG_EMAIL,HAS_BUREAU_OVERDUE,0.0033616940416038156
AMT_REQ_CREDIT_BUREAU_HOUR,CREDIT_INCOME_RATIO,0.003361531720580858
FLAG_DOCUMENT_14,AVG_PAYMENT_DELAY,0.0033608282321425423
FLOORSMAX_MEDI,BUREAU_TOTAL_OVERDUE_MONTHS,0.003353356305374223
FLAG_DOCUMENT_8,BUREAU_TOTAL_SEVERE_OVERDUE_MONTHS,0.0033497235394694394
DAYS_LAST_PHONE_CHANGE,BUREAU_AVG_OVERDUE_RATIO,0.003347521453891122
DEF_60_CNT_SOCIAL_CIRCLE,FLAG_DOCUMENT_15,0.0033425009573230806
FLAG_DOCUMENT_20,LATE_PAYMENT_RATE,0.003340409655047026
FLAG_DOCUMENT_6,WALLSMATERIAL_MODE_Mixed,0.0033397400407911386
FLAG_DOCUMENT_20,WALLSMATERIAL_MODE_Others,0.0033387616801588238
TOTALAREA_MODE,AGE_YEARS,0.0033359420462752013
DAYS_BIRTH,TOTALAREA_MODE,0.0033359420462751458
EXT_SOURCE_2,AMT_REQ_CREDIT_BUREAU_QRT,0.0033349625968238836
UNDERPAYMENT_RATE,WALLSMATERIAL_MODE_Mixed,0.0033340021068984597
DEF_60_CNT_SOCIAL_CIRCLE,FLAG_DOCUMENT_14,0.0033309677186795206
FLAG_DOCUMENT_19,BUREAU_CREDIT_COUNT,0.00332973097019803
FLAG_DOCUMENT_18,AMT_REQ_CREDIT_BUREAU_QRT,0.003326068195295546
FLAG_WORK_PHONE,AVG_PAYMENT_DELAY,0.003321334632348064
EXT_SOURCE_2,CREDIT_INCOME_RATIO,0.0033204062970617295
LIVE_CITY_NOT_WORK_CITY,FLAG_DOCUMENT_11,0.003318418023101311
LIVE_CITY_NOT_WORK_CITY,FLAG_DOCUMENT_4,0.003318210570084075
DAYS_ID_PUBLISH,FLAG_DOCUMENT_13,0.003315111284997537
YEARS_BEGINEXPLUATATION_MEDI,DAYS_LAST_PHONE_CHANGE,0.0033112727923199346
AMT_INCOME_TOTAL,OVERDUE_SEVERITY,0.003308669367171872
FLAG_DOCUMENT_17,PREVIOUS_REFUSED_COUNT,0.0033076514608673903
REG_CITY_NOT_LIVE_CITY,BUREAU_MAX_OVERDUE_DAYS,0.0033058821070511696
FLAG_DOCUMENT_6,PREVIOUS_AVG_APPLICATION,0.0033018185489888017
AMT_REQ_CREDIT_BUREAU_HOUR,BUREAU_OVERDUE_RATIO,0.0033004678666256086
REGION_RATING_CLIENT,PREVIOUS_CANCELED_COUNT,0.003298546803188946
OVERDUE_SEVERITY,EMERGENCYSTATE_MODE_No,0.003296129689669146
DAYS_REGISTRATION,FLAG_DOCUMENT_21,0.003296037132349652
FLAG_WORK_PHONE,AMT_REQ_CREDIT_BUREAU_MON,0.003291495929070821
DEF_30_CNT_SOCIAL_CIRCLE,PREVIOUS_AVG_APPLICATION,0.0032845486534941026
REG_CITY_NOT_LIVE_CITY,AMT_REQ_CREDIT_BUREAU_DAY,0.0032795905857988784
DEF_30_CNT_SOCIAL_CIRCLE,WALLSMATERIAL_MODE_Mixed,0.003277449820472408
FLAG_DOCUMENT_9,WALLSMATERIAL_MODE_Wooden,0.003269865712004998
FLAG_WORK_PHONE,WALLSMATERIAL_MODE_Monolithic,0.0032652466913840952
BUREAU_AVG_SEVERE_OVERDUE_RATIO,"WALLSMATERIAL_MODE_Stone, brick",0.003261069881337901
NAME_CONTRACT_TYPE,BUREAU_OVERDUE_RATIO,0.003259983312949887
NAME_EDUCATION_TYPE,FLAG_DOCUMENT_7,0.003259668331717418
PREVIOUS_REFUSED_COUNT,WALLSMATERIAL_MODE_Wooden,0.0032593723425424904
FLOORSMAX_MEDI,PREVIOUS_CANCELED_COUNT,0.0032556880201087286
BUREAU_TOTAL_SEVERE_OVERDUE_MONTHS,PREVIOUS_CANCELED_COUNT,0.0032543065044823146
FLAG_DOCUMENT_10,CREDIT_INCOME_RATIO,0.00325095527379729
TOTALAREA_MODE,BUREAU_ACTIVE_RATIO,0.003247967013092929
AMT_REQ_CREDIT_BUREAU_HOUR,AMT_REQ_CREDIT_BUREAU_MON,0.0032473635871265484
REG_REGION_NOT_WORK_REGION,BUREAU_AVG_SEVERE_OVERDUE_RATIO,0.0032441220072277795
FLAG_DOCUMENT_15,PREVIOUS_UNUSED_COUNT,0.003242977684003346
CNT_FAM_MEMBERS,BUREAU_AVG_OVERDUE_RATIO,0.003241273922308112
AMT_INCOME_TOTAL,FLAG_DOCUMENT_12,0.0032399624960377776
FLAG_DOCUMENT_11,PREVIOUS_REFUSAL_RATE,0.0032395941489849886
FLAG_DOCUMENT_5,BUREAU_TOTAL_SEVERE_OVERDUE_MONTHS,0.00323932520529436
DEF_30_CNT_SOCIAL_CIRCLE,HAS_BUREAU_OVERDUE,0.0032379377875796623
ORGANIZATION_TYPE,WALLSMATERIAL_MODE_Mixed,0.0032367152106072415
CNT_CHILDREN,WALLSMATERIAL_MODE_Others,0.0032366995065238402
AMT_REQ_CREDIT_BUREAU_QRT,WALLSMATERIAL_MODE_Mixed,0.0032277000186323747
DAYS_LAST_PHONE_CHANGE,FLAG_DOCUMENT_9,0.0032267716844191657
BUREAU_CREDIT_COUNT,WALLSMATERIAL_MODE_Mixed,0.003224626585893018
BUREAU_AVG_OVERDUE_RATIO,NAME_INCOME_TYPE_State servant,0.0032221944841584133
FLAG_EMP_PHONE,EMERGENCYSTATE_MODE_Yes,0.0032183500695730375
LIVE_REGION_NOT_WORK_REGION,LATE_PAYMENT_RATE,0.0032181424757094343
AMT_REQ_CREDIT_BUREAU_QRT,"WALLSMATERIAL_MODE_Stone, brick",0.003217496006940035
FLAG_DOCUMENT_20,HAS_BUREAU_BALANCE_HISTORY,0.003215150736170368
FLAG_DOCUMENT_17,BUREAU_MAX_OVERDUE_RATIO,0.003211926025587892
DEF_60_CNT_SOCIAL_CIRCLE,FLAG_DOCUMENT_2,0.0032117979992685197
FLAG_EMAIL,FLAG_DOCUMENT_19,0.0032103973568134497
NAME_CONTRACT_TYPE,BUREAU_MAX_OVERDUE_DAYS,0.003209898430991466
AMT_INCOME_TOTAL,BUREAU_MAX_OVERDUE_DAYS,0.0032022623625915436
DEF_60_CNT_SOCIAL_CIRCLE,BUREAU_BALANCE_CREDIT_COUNT,0.0032012294873621345
NAME_INCOME_TYPE_Pensioner,EMERGENCYSTATE_MODE_Yes,0.0032004406864951764
BUREAU_OVERDUE_COUNT,"WALLSMATERIAL_MODE_Stone, brick",0.0031997174814330314
REG_REGION_NOT_LIVE_REGION,FLAG_DOCUMENT_7,0.0031997010733453312
OVERDUE_SEVERITY,PREVIOUS_APPROVED_COUNT,0.003197524575005565
FLAG_DOCUMENT_9,PREVIOUS_REFUSAL_RATE,0.003195630687009251
FLAG_DOCUMENT_15,NAME_INCOME_TYPE_State servant,0.003193978827799068
HAS_BUREAU_HISTORY,WALLSMATERIAL_MODE_Monolithic,0.003191009952647372
AMT_ANNUITY,BUREAU_DEBT_INCOME_RATIO,0.00318695529732607
FLAG_MOBIL,BUREAU_CREDIT_GROUP,0.0031864097007291738
FLAG_DOCUMENT_2,PREVIOUS_REFUSAL_RATE,0.003186288975482719
YEARS_BEGINEXPLUATATION_MEDI,BUREAU_OVERDUE_RATIO,0.003185722725297725
FLAG_DOCUMENT_2,BUREAU_BALANCE_CREDIT_COUNT,0.003185652186021847
FLAG_DOCUMENT_19,LATE_PAYMENT_RATE,0.003184548268491635
NAME_EDUCATION_TYPE,LATE_PAYMENT_RATE,0.003184047883611371
OCCUPATION_TYPE,LATE_PAYMENT_RATE,0.0031834962956559616
FLAG_CONT_MOBILE,BUREAU_BALANCE_CREDIT_COUNT,0.0031825015502711424
FLAG_DOCUMENT_15,HAS_BUREAU_OVERDUE,0.003181896414316068
FLAG_PHONE,FLAG_DOCUMENT_11,0.003180693144753599
AMT_REQ_CREDIT_BUREAU_WEEK,"WALLSMATERIAL_MODE_Stone, brick",0.003179690683226536
DAYS_REGISTRATION,BUREAU_TOTAL_SEVERE_OVERDUE_MONTHS,0.0031723909889802356
FLAG_DOCUMENT_9,BUREAU_TOTAL_DEBT,0.003169588192000841
FLAG_DOCUMENT_13,FLAG_DOCUMENT_14,0.0031692620953809062
FLAG_DOCUMENT_11,EMERGENCYSTATE_MODE_Yes,0.00316247362627876
CNT_CHILDREN,DEF_60_CNT_SOCIAL_CIRCLE,0.0031604256664660396
FLAG_EMAIL,FLAG_DOCUMENT_20,0.003158855669390467
AMT_INCOME_TOTAL,FLAG_DOCUMENT_7,0.0031588158715185896
FLAG_DOCUMENT_3,FLAG_DOCUMENT_12,0.003158127040801117
FLAG_MOBIL,FLAG_DOCUMENT_3,0.0031581270407966783
OVERDUE_SEVERITY,HAS_BUREAU_BALANCE_HISTORY,0.003157671747057043
DAYS_EMPLOYED,EMERGENCYSTATE_MODE_Yes,0.0031544561470317604
FLAG_DOCUMENT_9,AMT_REQ_CREDIT_BUREAU_MON,0.0031535083484061943
DAYS_EMPLOYED,FLAG_DOCUMENT_2,0.0031497588611945804
FLAG_DOCUMENT_18,AMT_REQ_CREDIT_BUREAU_WEEK,0.0031454761942461143
REG_CITY_NOT_WORK_CITY,FLAG_DOCUMENT_4,0.0031441817375880993
LIVE_CITY_NOT_WORK_CITY,AMT_REQ_CREDIT_BUREAU_DAY,0.0031394605980948325
FLAG_DOCUMENT_15,FLAG_DOCUMENT_18,0.0031385476354614775
PREVIOUS_APPROVED_COUNT,WALLSMATERIAL_MODE_Others,0.003133002738458976
FLAG_DOCUMENT_11,PREVIOUS_UNUSED_COUNT,0.003132653457682899
AMT_REQ_CREDIT_BUREAU_WEEK,NAME_INCOME_TYPE_Working,0.0031319884366142184
BUREAU_TOTAL_OVERDUE_MONTHS,WALLSMATERIAL_MODE_Mixed,0.0031317085370009086
CNT_CHILDREN,FLAG_DOCUMENT_15,0.0031276925327043486
FLAG_EMP_PHONE,FLAG_DOCUMENT_2,0.003127503352214038
FLAG_DOCUMENT_15,AMT_REQ_CREDIT_BUREAU_MON,0.003127160554868152
ORGANIZATION_TYPE,PREVIOUS_REFUSED_COUNT,0.003126750704114805
FLAG_DOCUMENT_2,NAME_INCOME_TYPE_Pensioner,0.003126640062600063
FLAG_EMAIL,DEF_60_CNT_SOCIAL_CIRCLE,0.003124091824161966
FLAG_OWN_REALTY,FLAG_DOCUMENT_2,0.0031230130367198624
FLAG_DOCUMENT_16,EMERGENCYSTATE_MODE_Yes,0.00311552447279287
AMT_INCOME_TOTAL,BUREAU_TOTAL_SEVERE_OVERDUE_MONTHS,0.003114948822401595
FLAG_DOCUMENT_9,AMT_REQ_CREDIT_BUREAU_QRT,0.003114298227305106
HAS_BUREAU_BALANCE_HISTORY,WALLSMATERIAL_MODE_Panel,0.003113928578366083
FLAG_DOCUMENT_21,BUREAU_AVG_OVERDUE_RATIO,0.0031137632471698244
FLOORSMAX_MEDI,FLAG_DOCUMENT_17,0.003113727482179791
FLAG_DOCUMENT_6,AMT_REQ_CREDIT_BUREAU_DAY,0.003113621638159861
FLAG_DOCUMENT_15,"WALLSMATERIAL_MODE_Stone, brick",0.0031128086489871625
DEF_30_CNT_SOCIAL_CIRCLE,FLAG_DOCUMENT_19,0.0031110361858390054
FLOORSMAX_MEDI,HAS_BUREAU_BALANCE_HISTORY,0.003107898551505826
REG_REGION_NOT_LIVE_REGION,BUREAU_OVERDUE_COUNT,0.003107264842253941
YEARS_BEGINEXPLUATATION_MEDI,FLAG_DOCUMENT_18,0.0031057211746265984
FLAG_DOCUMENT_13,CREDIT_INCOME_RATIO,0.003105222743635768
FLAG_DOCUMENT_15,BUREAU_AVG_SEVERE_OVERDUE_RATIO,0.0031042226369905395
FLAG_DOCUMENT_16,NAME_INCOME_TYPE_State servant,0.0030994674382930788
REG_CITY_NOT_LIVE_CITY,FLAG_DOCUMENT_3,0.0030991612722080625
BUREAU_DEBT_INCOME_RATIO,EMERGENCYSTATE_MODE_Yes,0.003095937164418955
FLAG_DOCUMENT_7,PREVIOUS_REFUSAL_RATE,0.0030915010520083867
FLAG_DOCUMENT_20,BUREAU_MAX_OVERDUE_DAYS,0.0030870739701411155
FLAG_DOCUMENT_12,HAS_BUREAU_BALANCE_HISTORY,0.0030838147935423215
FLAG_DOCUMENT_3,LATE_PAYMENT_RATE,0.0030731750791089855
OBS_30_CNT_SOCIAL_CIRCLE,FLAG_DOCUMENT_14,0.003071100496494849
FLAG_DOCUMENT_16,AMT_REQ_CREDIT_BUREAU_MON,0.003069964984789853
BUREAU_TOTAL_DEBT,PREVIOUS_CANCELED_COUNT,0.00306737103249714
DAYS_BIRTH,AMT_REQ_CREDIT_BUREAU_MON,0.0030620914396912013
AMT_REQ_CREDIT_BUREAU_MON,AGE_YEARS,0.003062091439691081
FLAG_DOCUMENT_19,AGE_YEARS,0.0030611920701908786
DAYS_BIRTH,FLAG_DOCUMENT_19,0.003061192070190742
FLAG_DOCUMENT_5,FLAG_DOCUMENT_19,0.0030597814337418364
FLAG_DOCUMENT_6,BUREAU_MAX_OVERDUE_DAYS,0.0030594915510134646
FLAG_DOCUMENT_17,BUREAU_TOTAL_DEBT,0.0030586130570211265
FLAG_DOCUMENT_14,BUREAU_DEBT_INCOME_RATIO,0.0030585082761889312
BUREAU_DEBT_INCOME_RATIO,PREVIOUS_APPROVED_COUNT,0.0030580180161211153
FLAG_DOCUMENT_21,AVG_PAYMENT_DELAY,0.0030552572387859563
FLAG_DOCUMENT_16,BUREAU_CREDIT_GROUP,0.0030551727810039877
AMT_REQ_CREDIT_BUREAU_HOUR,NAME_INCOME_TYPE_Working,0.0030536763709040834
CNT_CHILDREN,BUREAU_OVERDUE_COUNT,0.0030510986370730886
HOUR_APPR_PROCESS_START,FLAG_DOCUMENT_12,0.0030503620675158493
PREVIOUS_UNUSED_COUNT,NAME_INCOME_TYPE_State servant,0.0030409838070031307
REG_CITY_NOT_WORK_CITY,DEF_60_CNT_SOCIAL_CIRCLE,0.0030384668309956855
REG_REGION_NOT_LIVE_REGION,ORGANIZATION_TYPE,0.0030376899272686886
FLAG_DOCUMENT_16,HAS_BUREAU_OVERDUE,0.003037187619725285
BUREAU_MAX_OVERDUE_RATIO,EMERGENCYSTATE_MODE_Yes,0.0030320457133802053
BUREAU_MAX_OVERDUE_DAYS,WALLSMATERIAL_MODE_Wooden,0.003030924167605204
FLAG_WORK_PHONE,FLAG_DOCUMENT_10,0.0030293044337665015
BUREAU_OVERDUE_COUNT,WALLSMATERIAL_MODE_Monolithic,0.0030282149202676962
OBS_60_CNT_SOCIAL_CIRCLE,FLAG_DOCUMENT_14,0.003028131489042844
DEF_30_CNT_SOCIAL_CIRCLE,FLAG_DOCUMENT_4,0.0030233824722159476
NAME_EDUCATION_TYPE,BUREAU_AVG_OVERDUE_RATIO,0.003020850183577993
EXT_SOURCE_2,FLAG_DOCUMENT_4,0.0030175857873225923
HOUR_APPR_PROCESS_START,FLAG_DOCUMENT_19,0.003015418272911996
FLAG_OWN_REALTY,AMT_REQ_CREDIT_BUREAU_HOUR,0.0030125724902542437
FLOORSMAX_MEDI,BUREAU_AVG_OVERDUE_RATIO,0.003010563784055295
REG_REGION_NOT_LIVE_REGION,OVERDUE_SEVERITY,0.003005576501035777
REG_REGION_NOT_LIVE_REGION,PREVIOUS_REFUSED_COUNT,0.0030051323671739733
FLAG_DOCUMENT_19,BUREAU_TOTAL_OVERDUE_MONTHS,0.003004878476368956
FLAG_OWN_REALTY,AMT_INCOME_TOTAL,0.002997045948840052
BUREAU_AVG_OVERDUE_RATIO,WALLSMATERIAL_MODE_Panel,0.0029966252846569414
BUREAU_ACTIVE_COUNT,WALLSMATERIAL_MODE_Monolithic,0.0029954489568408925
BUREAU_CREDIT_GROUP,UNDERPAYMENT_RATE,0.002989144459149034
FLAG_DOCUMENT_7,AMT_REQ_CREDIT_BUREAU_MON,0.0029878573364770077
AMT_REQ_CREDIT_BUREAU_WEEK,BUREAU_AVG_SEVERE_OVERDUE_RATIO,0.002981443580835128
FLAG_DOCUMENT_19,"WALLSMATERIAL_MODE_Stone, brick",0.0029785359412376274
FLAG_DOCUMENT_6,PREVIOUS_APPROVED_COUNT,0.0029760372732349177
FLAG_DOCUMENT_18,BUREAU_TOTAL_OVERDUE_MONTHS,0.002973996481257964
REG_REGION_NOT_WORK_REGION,HAS_BUREAU_OVERDUE,0.00297267189758205
EXT_SOURCE_2,FLAG_DOCUMENT_17,0.002969572830431206
PREVIOUS_APPROVED_COUNT,WALLSMATERIAL_MODE_Missing,0.0029687637725250675
AMT_REQ_CREDIT_BUREAU_YEAR,BUREAU_MAX_OVERDUE_DAYS,0.0029685887688121752
BUREAU_ACTIVE_RATIO,PREVIOUS_AVG_CREDIT,0.0029655101072818615
NAME_INCOME_TYPE_State servant,EMERGENCYSTATE_MODE_Yes,0.002964809391311143
FLAG_OWN_CAR,LATE_PAYMENT_RATE,0.002963429110013256
CREDIT_INCOME_RATIO,WALLSMATERIAL_MODE_Others,0.002954594871158629
FLAG_DOCUMENT_20,PREVIOUS_AVG_APPLICATION,0.002952564231422787
BUREAU_AVG_OVERDUE_RATIO,WALLSMATERIAL_MODE_Mixed,0.0029514743199489085
OCCUPATION_TYPE,"WALLSMATERIAL_MODE_Stone, brick",0.002944716148333036
FLAG_DOCUMENT_16,DEBT_INCOME_GROUP,0.0029433900739695065
LIVE_REGION_NOT_WORK_REGION,"WALLSMATERIAL_MODE_Stone, brick",0.0029423226940540853
FLAG_DOCUMENT_2,AMT_REQ_CREDIT_BUREAU_YEAR,0.002942029904430119
HAS_BUREAU_BALANCE_HISTORY,"WALLSMATERIAL_MODE_Stone, brick",0.0029407872271927536
FLAG_DOCUMENT_13,BUREAU_ACTIVE_RATIO,0.0029379301499097973
DEF_30_CNT_SOCIAL_CIRCLE,FLAG_DOCUMENT_15,0.002937482701642727
FLAG_DOCUMENT_16,AVG_PAYMENT_DELAY,0.0029353337452851093
FLAG_DOCUMENT_4,FLAG_DOCUMENT_6,0.002932461476365402
OBS_60_CNT_SOCIAL_CIRCLE,BUREAU_TOTAL_OVERDUE_MONTHS,0.002929859418736027
CNT_CHILDREN,BUREAU_TOTAL_OVERDUE_MONTHS,0.0029284362606576994
EXT_SOURCE_3,FLAG_DOCUMENT_4,0.0029268850687204193
BUREAU_CREDIT_COUNT,WALLSMATERIAL_MODE_Monolithic,0.0029258820864805028
FLAG_DOCUMENT_15,LATE_PAYMENT_RATE,0.002920937556844268
CNT_CHILDREN,BUREAU_AVG_SEVERE_OVERDUE_RATIO,0.0029160783289043247
AMT_REQ_CREDIT_BUREAU_QRT,EMERGENCYSTATE_MODE_Yes,0.0029101799947779975
AMT_REQ_CREDIT_BUREAU_WEEK,BUREAU_TOTAL_SEVERE_OVERDUE_MONTHS,0.002907715419885085
FLAG_DOCUMENT_17,PREVIOUS_CANCELED_COUNT,0.002905162682741212
CODE_GENDER,NAME_INCOME_TYPE_Other,0.002905126849103527
NAME_CONTRACT_TYPE,FLAG_OWN_CAR,0.002900067720660981
FLAG_DOCUMENT_8,BUREAU_ACTIVE_COUNT,0.002899870640133189
REG_REGION_NOT_LIVE_REGION,HAS_BUREAU_OVERDUE,0.0028966192877975757
FLAG_DOCUMENT_11,BUREAU_AVG_SEVERE_OVERDUE_RATIO,0.0028920989914634357
BUREAU_AVG_SEVERE_OVERDUE_RATIO,EMERGENCYSTATE_MODE_No,0.0028910135040549185
PREVIOUS_CANCELED_COUNT,WALLSMATERIAL_MODE_Wooden,0.002890413070884891
CNT_CHILDREN,FLAG_DOCUMENT_2,0.002889156946958167
FLAG_DOCUMENT_5,PREVIOUS_UNUSED_COUNT,0.002886810670980144
AVG_PAYMENT_DELAY,WALLSMATERIAL_MODE_Panel,0.0028834847788333185
REGION_RATING_CLIENT_W_CITY,LIVE_CITY_NOT_WORK_CITY,0.002881552795593242
TOTALAREA_MODE,BUREAU_MAX_OVERDUE_RATIO,0.0028795569351247
AMT_GOODS_PRICE,BUREAU_ACTIVE_RATIO,0.0028757280186011156
CREDIT_INCOME_RATIO,BUREAU_TOTAL_SEVERE_OVERDUE_MONTHS,0.0028654676557274003
LIVE_CITY_NOT_WORK_CITY,FLAG_DOCUMENT_7,0.0028635896083651024
BUREAU_AVG_MONTHS_REPORTED,EMERGENCYSTATE_MODE_Yes,0.0028622243879701708
FLAG_DOCUMENT_10,"WALLSMATERIAL_MODE_Stone, brick",0.0028588813236478825
EXT_SOURCE_3,EMERGENCYSTATE_MODE_Yes,0.0028558839126074263
AMT_REQ_CREDIT_BUREAU_HOUR,WALLSMATERIAL_MODE_Monolithic,0.0028546883201955933
FLAG_EMAIL,FLAG_DOCUMENT_14,0.0028542620134162132
BUREAU_DEBT_INCOME_RATIO,NAME_INCOME_TYPE_Other,0.0028517787991412524
BUREAU_CREDIT_COUNT,BUREAU_AVG_SEVERE_OVERDUE_RATIO,0.0028505124049636615
PREVIOUS_UNUSED_COUNT,WALLSMATERIAL_MODE_Wooden,0.002849048625351435
FLAG_DOCUMENT_4,PREVIOUS_APPROVAL_RATE,0.0028483531241912732
CNT_FAM_MEMBERS,PREVIOUS_APP_COUNT,0.0028478925181215607
FLAG_DOCUMENT_18,WALLSMATERIAL_MODE_Mixed,0.002846242189613324
AMT_REQ_CREDIT_BUREAU_MON,EMERGENCYSTATE_MODE_Yes,0.0028442727747977547
FLAG_OWN_REALTY,EXT_SOURCE_2,0.002841769281944873
FLAG_DOCUMENT_14,AMT_REQ_CREDIT_BUREAU_QRT,0.0028416602716090375
DEBT_INCOME_GROUP,UNDERPAYMENT_RATE,0.002840158318490681
AMT_ANNUITY,FLAG_DOCUMENT_11,0.002837163610481666
FLAG_DOCUMENT_9,LATE_PAYMENT_COUNT,0.002836532722340649
BUREAU_CREDIT_GROUP,BUREAU_AVG_SEVERE_OVERDUE_RATIO,0.0028320051217197266
FLAG_DOCUMENT_7,NAME_INCOME_TYPE_Working,0.0028289376197277714
AMT_INCOME_TOTAL,LATE_PAYMENT_COUNT,0.0028282327124863273
HOUR_APPR_PROCESS_START,AMT_REQ_CREDIT_BUREAU_QRT,0.002827636988146938
FLAG_WORK_PHONE,FLAG_DOCUMENT_20,0.0028267181980854246
FLAG_DOCUMENT_15,WALLSMATERIAL_MODE_Wooden,0.0028229481459455057
FLAG_DOCUMENT_2,NAME_INCOME_TYPE_Working,0.0028214911632583168
FLAG_DOCUMENT_4,FLAG_DOCUMENT_8,0.0028150162888133604
AMT_REQ_CREDIT_BUREAU_DAY,BUREAU_OVERDUE_COUNT,0.0028132016065088405
FLAG_OWN_CAR,FLAG_DOCUMENT_12,0.0028102600572645626
FLAG_OWN_CAR,FLAG_MOBIL,0.0028102600572619168
NAME_CONTRACT_TYPE,REG_CITY_NOT_WORK_CITY,0.0028062855188049044
FLAG_DOCUMENT_7,PREVIOUS_APP_COUNT,0.0028050694170526688
FLAG_DOCUMENT_13,AMT_REQ_CREDIT_BUREAU_QRT,0.002802885656698659
AMT_REQ_CREDIT_BUREAU_MON,WALLSMATERIAL_MODE_Mixed,0.0028022616940255015
PREVIOUS_AVG_CREDIT,WALLSMATERIAL_MODE_Others,0.002801578962163939
CODE_GENDER,FLAG_DOCUMENT_17,0.0027985406074337474
FLAG_DOCUMENT_10,AMT_REQ_CREDIT_BUREAU_YEAR,0.002797179415883729
CODE_GENDER,FLAG_DOCUMENT_12,0.002796970508512582
CODE_GENDER,FLAG_MOBIL,0.0027969705085098308
FLAG_PHONE,FLAG_DOCUMENT_17,0.002793100339001671
UNDERPAYMENT_RATE,NAME_INCOME_TYPE_Other,0.00279263568197464
BUREAU_ACTIVE_RATIO,WALLSMATERIAL_MODE_Mixed,0.002792454025158416
DEF_60_CNT_SOCIAL_CIRCLE,DAYS_LAST_PHONE_CHANGE,0.0027922361251556914
OBS_60_CNT_SOCIAL_CIRCLE,AMT_REQ_CREDIT_BUREAU_WEEK,0.0027917037135682284
DEF_60_CNT_SOCIAL_CIRCLE,FLAG_DOCUMENT_11,0.002790372680614666
FLAG_DOCUMENT_18,BUREAU_AVG_OVERDUE_RATIO,0.002789722452366603
NAME_EDUCATION_TYPE,BUREAU_TOTAL_SEVERE_OVERDUE_MONTHS,0.002789137345667619
ORGANIZATION_TYPE,FLAG_DOCUMENT_13,0.002785682282263819
FLAG_DOCUMENT_4,PREVIOUS_REFUSAL_RATE,0.002785557252680111
FLAG_DOCUMENT_16,BUREAU_CREDIT_COUNT,0.0027844930822241674
FLAG_DOCUMENT_5,FLAG_DOCUMENT_20,0.0027818432541001233
BUREAU_TOTAL_DEBT,BUREAU_TOTAL_SEVERE_OVERDUE_MONTHS,0.002781230484633219
FLAG_DOCUMENT_17,UNDERPAYMENT_RATE,0.002777504805585472
REG_REGION_NOT_LIVE_REGION,FLAG_DOCUMENT_20,0.0027730938771160234
LIVE_CITY_NOT_WORK_CITY,DEF_30_CNT_SOCIAL_CIRCLE,0.002771025289159324
BUREAU_OVERDUE_COUNT,WALLSMATERIAL_MODE_Wooden,0.002769298855404584
FLAG_CONT_MOBILE,LIVE_CITY_NOT_WORK_CITY,0.002765792061704347
REG_CITY_NOT_WORK_CITY,FLAG_DOCUMENT_16,0.00276221153460671
AMT_REQ_CREDIT_BUREAU_QRT,LATE_PAYMENT_COUNT,0.00275989285327404
AMT_INCOME_TOTAL,FLAG_DOCUMENT_11,0.0027511620002783435
BUREAU_TOTAL_DEBT,NAME_INCOME_TYPE_Other,0.0027503158168440075
DAYS_ID_PUBLISH,WALLSMATERIAL_MODE_Monolithic,0.0027488668915681765
FLAG_EMAIL,FLAG_DOCUMENT_17,0.0027462921403124648
FLAG_DOCUMENT_21,LATE_PAYMENT_RATE,0.0027458061251755357
FLAG_DOCUMENT_20,BUREAU_TOTAL_OVERDUE_MONTHS,0.0027455710002747187
DEF_30_CNT_SOCIAL_CIRCLE,BUREAU_BALANCE_CREDIT_COUNT,0.0027444188384659687
FLAG_DOCUMENT_5,AVG_PAYMENT_DELAY,0.002744319102475543
FLAG_DOCUMENT_18,BUREAU_AVG_SEVERE_OVERDUE_RATIO,0.002741987556368071
FLAG_DOCUMENT_11,BUREAU_TOTAL_SEVERE_OVERDUE_MONTHS,0.0027400876911386645
NAME_EDUCATION_TYPE,OVERDUE_SEVERITY,0.002737940402848377
REGION_RATING_CLIENT,FLAG_DOCUMENT_21,0.0027338297818251477
FLAG_DOCUMENT_11,NAME_INCOME_TYPE_State servant,0.0027304682732156153
AMT_CREDIT,BUREAU_TOTAL_OVERDUE_MONTHS,0.0027252986653900006
FLAG_DOCUMENT_5,EMERGENCYSTATE_MODE_Yes,0.002719766426114733
DAYS_LAST_PHONE_CHANGE,FLAG_DOCUMENT_7,0.0027168470941070742
NAME_INCOME_TYPE_Other,EMERGENCYSTATE_MODE_No,0.0027165860029207795
FLAG_DOCUMENT_19,BUREAU_DEBT_INCOME_RATIO,0.0027156274689490406
FLAG_DOCUMENT_8,HAS_BUREAU_OVERDUE,0.0027155031394829002
FLAG_DOCUMENT_6,HAS_BUREAU_BALANCE_HISTORY,0.0027064334351419657
FLAG_DOCUMENT_21,BUREAU_TOTAL_OVERDUE_MONTHS,0.00270547396704569
FLAG_CONT_MOBILE,FLAG_DOCUMENT_11,0.002702161227224055
AMT_REQ_CREDIT_BUREAU_HOUR,BUREAU_TOTAL_SEVERE_OVERDUE_MONTHS,0.0027020314538523855
FLAG_MOBIL,OCCUPATION_TYPE,0.002699443872806615
REG_CITY_NOT_LIVE_CITY,HAS_BUREAU_OVERDUE,0.002697066392784031
FLAG_DOCUMENT_9,NAME_INCOME_TYPE_State servant,0.002696692101573921
OBS_30_CNT_SOCIAL_CIRCLE,BUREAU_TOTAL_OVERDUE_MONTHS,0.0026944160436676466
BUREAU_AVG_SEVERE_OVERDUE_RATIO,WALLSMATERIAL_MODE_Missing,0.002694081431321066
AMT_INCOME_TOTAL,WALLSMATERIAL_MODE_Wooden,0.002692822174335501
FLAG_DOCUMENT_5,BUREAU_MAX_OVERDUE_RATIO,0.002690552885848266
PREVIOUS_REFUSAL_RATE,WALLSMATERIAL_MODE_Mixed,0.002689075974685526
FLAG_WORK_PHONE,BUREAU_CREDIT_COUNT,0.0026883892206535152
FLAG_DOCUMENT_19,BUREAU_CREDIT_GROUP,0.002685683229536334
DEF_60_CNT_SOCIAL_CIRCLE,FLAG_DOCUMENT_19,0.0026841149013206423
CNT_CHILDREN,FLAG_DOCUMENT_13,0.0026807229562458732
FLAG_OWN_REALTY,FLAG_DOCUMENT_10,0.0026785777790765968
FLAG_DOCUMENT_2,BUREAU_DEBT_INCOME_RATIO,0.002675308147584641
FLAG_EMAIL,LATE_PAYMENT_RATE,0.0026746921830978028
HOUR_APPR_PROCESS_START,PREVIOUS_AVG_CREDIT,0.0026742296710655757
DAYS_ID_PUBLISH,REGION_RATING_CLIENT,0.0026740729816902855
REG_REGION_NOT_LIVE_REGION,WALLSMATERIAL_MODE_Wooden,0.002671259692816858
REGION_RATING_CLIENT,BUREAU_AVG_SEVERE_OVERDUE_RATIO,0.0026712194280284303
FLAG_DOCUMENT_14,WALLSMATERIAL_MODE_Wooden,0.002670735895359716
FLAG_OWN_CAR,OBS_30_CNT_SOCIAL_CIRCLE,0.0026691336033030423
FLAG_MOBIL,PREVIOUS_APPROVED_COUNT,0.0026678069393936085
BUREAU_DEBT_INCOME_RATIO,BUREAU_AVG_OVERDUE_RATIO,0.002667473385407238
FLAG_DOCUMENT_9,PREVIOUS_UNUSED_COUNT,0.0026652470797213397
OBS_60_CNT_SOCIAL_CIRCLE,NAME_INCOME_TYPE_Other,0.002664630562742389
AMT_REQ_CREDIT_BUREAU_HOUR,UNDERPAYMENT_RATE,0.0026639358002041474
DAYS_EMPLOYED,BUREAU_OVERDUE_COUNT,0.002662354290618542
HOUR_APPR_PROCESS_START,BUREAU_MAX_OVERDUE_RATIO,0.0026608195894582236
FLAG_DOCUMENT_10,LATE_PAYMENT_RATE,0.0026604328688047134
REGION_POPULATION_RELATIVE,BUREAU_AVG_OVERDUE_RATIO,0.002659514660466063
AMT_REQ_CREDIT_BUREAU_QRT,BUREAU_OVERDUE_COUNT,0.0026594311239422417
LIVE_REGION_NOT_WORK_REGION,BUREAU_OVERDUE_RATIO,0.0026588575992570465
FLAG_DOCUMENT_13,NAME_INCOME_TYPE_State servant,0.002655571560174561
LIVE_CITY_NOT_WORK_CITY,FLAG_DOCUMENT_20,0.0026543862860513097
OBS_30_CNT_SOCIAL_CIRCLE,AMT_REQ_CREDIT_BUREAU_WEEK,0.0026535213432871524
REG_CITY_NOT_LIVE_CITY,FLAG_DOCUMENT_17,0.0026506952455115826
FLAG_DOCUMENT_2,AMT_REQ_CREDIT_BUREAU_QRT,0.0026492528659021472
NAME_INCOME_TYPE_Other,WALLSMATERIAL_MODE_Panel,0.0026439349473924125
AGE_YEARS,AVG_PAYMENT_DELAY,0.002636501597247536
DAYS_BIRTH,AVG_PAYMENT_DELAY,0.0026365015972474705
AMT_INCOME_TOTAL,REG_CITY_NOT_LIVE_CITY,0.002636335132959218
FLAG_DOCUMENT_10,HAS_BUREAU_BALANCE_HISTORY,0.0026363125152464124
REG_REGION_NOT_WORK_REGION,BUREAU_AVG_MONTHS_REPORTED,0.002635846699741282
LIVE_REGION_NOT_WORK_REGION,FLAG_DOCUMENT_18,0.002634814585072584
FLAG_EMAIL,OBS_30_CNT_SOCIAL_CIRCLE,0.002631545803425201
FLAG_EMAIL,BUREAU_OVERDUE_RATIO,0.002631117885191314
PREVIOUS_REFUSAL_RATE,NAME_INCOME_TYPE_Other,0.0026301919641203786
FLAG_DOCUMENT_4,AVG_PAYMENT_DELAY,0.0026270770306172143
HAS_BUREAU_OVERDUE,PREVIOUS_AVG_APPLICATION,0.002626596189386108
FLAG_DOCUMENT_7,BUREAU_MAX_OVERDUE_RATIO,0.0026248860512243758
EXT_SOURCE_3,WALLSMATERIAL_MODE_Monolithic,0.00262415852169858
FLAG_DOCUMENT_9,BUREAU_MAX_OVERDUE_RATIO,0.0026225399498648323
NAME_EDUCATION_TYPE,AMT_REQ_CREDIT_BUREAU_WEEK,0.002621820034929062
CREDIT_INCOME_RATIO,BUREAU_AVG_SEVERE_OVERDUE_RATIO,0.00261991519023019
FLAG_DOCUMENT_8,AMT_REQ_CREDIT_BUREAU_QRT,0.0026195945666667056
FLAG_DOCUMENT_18,BUREAU_CREDIT_COUNT,0.0026189135253657687
OVERDUE_SEVERITY,WALLSMATERIAL_MODE_Missing,0.0026108599841716163
FLAG_CONT_MOBILE,AVG_PAYMENT_DELAY,0.0026018339009969828
DEF_60_CNT_SOCIAL_CIRCLE,FLAG_DOCUMENT_4,0.002598679015616991
FLAG_EMAIL,OVERDUE_SEVERITY,0.0025958226897336662
FLAG_EMP_PHONE,BUREAU_OVERDUE_COUNT,0.0025929376871453203
FLAG_DOCUMENT_9,BUREAU_BALANCE_CREDIT_COUNT,0.002592350598153642
CODE_GENDER,YEARS_BEGINEXPLUATATION_MEDI,0.002591451166904486
REG_CITY_NOT_LIVE_CITY,FLAG_DOCUMENT_10,0.0025894238998803018
FLAG_DOCUMENT_6,WALLSMATERIAL_MODE_Monolithic,0.002585744361270432
FLAG_DOCUMENT_7,PREVIOUS_CANCELED_COUNT,0.0025813336410525516
FLAG_DOCUMENT_8,OVERDUE_SEVERITY,0.0025755354053128027
FLAG_DOCUMENT_15,BUREAU_CREDIT_COUNT,0.002574393263183672
BUREAU_OVERDUE_COUNT,NAME_INCOME_TYPE_Pensioner,0.002572690739005858
AMT_REQ_CREDIT_BUREAU_DAY,PREVIOUS_REFUSAL_RATE,0.002571096814816084
BUREAU_AVG_SEVERE_OVERDUE_RATIO,NAME_INCOME_TYPE_Pensioner,0.002567350620313377
DAYS_ID_PUBLISH,FLAG_MOBIL,0.00256540396127456
FLAG_DOCUMENT_11,BUREAU_MAX_OVERDUE_DAYS,0.0025618578215080854
CNT_FAM_MEMBERS,BUREAU_OVERDUE_COUNT,0.002560752128581719
NAME_EDUCATION_TYPE,FLAG_DOCUMENT_4,0.0025578098877795962
FLAG_DOCUMENT_6,OVERDUE_SEVERITY,0.0025573747564207687
REGION_RATING_CLIENT_W_CITY,AVG_PAYMENT_DELAY,0.0025570255300275367
REG_CITY_NOT_WORK_CITY,FLAG_DOCUMENT_21,0.0025552897809763063
DEF_60_CNT_SOCIAL_CIRCLE,HAS_BUREAU_OVERDUE,0.0025551523011534665
FLAG_EMP_PHONE,BUREAU_AVG_SEVERE_OVERDUE_RATIO,0.0025499291732594253
DAYS_EMPLOYED,BUREAU_AVG_SEVERE_OVERDUE_RATIO,0.0025486153908833398
BUREAU_AVG_SEVERE_OVERDUE_RATIO,NAME_INCOME_TYPE_State servant,0.0025481032002981473
HAS_BUREAU_OVERDUE,WALLSMATERIAL_MODE_Wooden,0.0025478856155950738
CNT_CHILDREN,DEF_30_CNT_SOCIAL_CIRCLE,0.002547353628941916
CNT_CHILDREN,FLAG_DOCUMENT_7,0.002543154175848118
DAYS_EMPLOYED,BUREAU_TOTAL_SEVERE_OVERDUE_MONTHS,0.0025416763583358706
DEF_60_CNT_SOCIAL_CIRCLE,OVERDUE_SEVERITY,0.002541530679902014
REGION_POPULATION_RELATIVE,BUREAU_AVG_SEVERE_OVERDUE_RATIO,0.0025414958539017964
FLOORSMAX_MEDI,PREVIOUS_UNUSED_COUNT,0.002539214829672186
CREDIT_INCOME_RATIO,BUREAU_DEBT_INCOME_RATIO,0.0025366799172255802
FLAG_DOCUMENT_14,NAME_INCOME_TYPE_State servant,0.002534432612710077
AMT_REQ_CREDIT_BUREAU_DAY,OVERDUE_SEVERITY,0.002532120605144054
FLAG_OWN_CAR,FLAG_DOCUMENT_16,0.0025314940209453995
CNT_FAM_MEMBERS,FLAG_DOCUMENT_4,0.0025294670063130444
FLAG_DOCUMENT_4,BUREAU_ACTIVE_RATIO,0.0025277841201954993
FLAG_DOCUMENT_19,AMT_REQ_CREDIT_BUREAU_HOUR,0.0025271102953006684
REG_REGION_NOT_WORK_REGION,AMT_REQ_CREDIT_BUREAU_DAY,0.0025150960242007517
UNDERPAYMENT_RATE,EMERGENCYSTATE_MODE_Yes,0.00251403555075324
FLAG_DOCUMENT_3,FLAG_DOCUMENT_14,0.0025137689556789748
FLAG_DOCUMENT_6,BUREAU_TOTAL_SEVERE_OVERDUE_MONTHS,0.002512811055442689
REGION_POPULATION_RELATIVE,AMT_REQ_CREDIT_BUREAU_YEAR,0.002506756896527044
FLAG_DOCUMENT_13,BUREAU_CREDIT_COUNT,0.0025046405355072976
ORGANIZATION_TYPE,NAME_INCOME_TYPE_Other,0.002502160090793406
AMT_REQ_CREDIT_BUREAU_QRT,WALLSMATERIAL_MODE_Panel,0.002497849427015237
CODE_GENDER,AMT_REQ_CREDIT_BUREAU_HOUR,0.002497598501898525
BUREAU_TOTAL_SEVERE_OVERDUE_MONTHS,PREVIOUS_APPROVED_COUNT,0.002496840213045685
FLAG_OWN_CAR,OBS_60_CNT_SOCIAL_CIRCLE,0.002492957626739679
DAYS_LAST_PHONE_CHANGE,NAME_INCOME_TYPE_Other,0.0024904556579935047
HAS_BUREAU_OVERDUE,"WALLSMATERIAL_MODE_Stone, brick",0.0024857625128562977
EXT_SOURCE_3,FLAG_DOCUMENT_14,0.002485402183946839
FLAG_DOCUMENT_16,FLAG_DOCUMENT_19,0.0024849868415530467
FLAG_DOCUMENT_19,NAME_INCOME_TYPE_Working,0.002483652473301754
REG_REGION_NOT_WORK_REGION,"WALLSMATERIAL_MODE_Stone, brick",0.002482831301533219
YEARS_BEGINEXPLUATATION_MEDI,FLAG_DOCUMENT_9,0.0024817127024096847
DEF_60_CNT_SOCIAL_CIRCLE,AMT_REQ_CREDIT_BUREAU_WEEK,0.002479553308825731
REGION_RATING_CLIENT_W_CITY,UNDERPAYMENT_RATE,0.002478885977824307
REGION_RATING_CLIENT_W_CITY,FLAG_DOCUMENT_21,0.0024761697436065625
FLAG_PHONE,BUREAU_MAX_OVERDUE_RATIO,0.002474880437361695
DAYS_REGISTRATION,FLAG_DOCUMENT_17,0.0024746720697096177
BUREAU_TOTAL_SEVERE_OVERDUE_MONTHS,NAME_INCOME_TYPE_Pensioner,0.002473249881195835
AMT_GOODS_PRICE,BUREAU_TOTAL_OVERDUE_MONTHS,0.0024718761493817574
FLAG_EMP_PHONE,BUREAU_TOTAL_SEVERE_OVERDUE_MONTHS,0.002470490478993007
FLAG_DOCUMENT_3,"WALLSMATERIAL_MODE_Stone, brick",0.0024670209161535995
OBS_30_CNT_SOCIAL_CIRCLE,NAME_INCOME_TYPE_Other,0.002466317947743234
YEARS_BEGINEXPLUATATION_MEDI,AMT_REQ_CREDIT_BUREAU_MON,0.0024581008209650893
CNT_FAM_MEMBERS,BUREAU_AVG_SEVERE_OVERDUE_RATIO,0.002456170407596923
FLAG_DOCUMENT_13,BUREAU_MAX_OVERDUE_DAYS,0.0024552868383206426
FLAG_DOCUMENT_17,LATE_PAYMENT_RATE,0.0024517299861527495
AMT_ANNUITY,FLAG_DOCUMENT_10,0.0024511821788795146
AMT_INCOME_TOTAL,YEARS_BEGINEXPLUATATION_MEDI,0.00245077424679345
FLAG_PHONE,AMT_REQ_CREDIT_BUREAU_HOUR,0.002449707054598349
OVERDUE_SEVERITY,PREVIOUS_UNUSED_COUNT,0.0024426374406450587
EXT_SOURCE_2,FLAG_DOCUMENT_18,0.002441100829635801
EXT_SOURCE_3,FLAG_DOCUMENT_13,0.0024410628765149122
FLAG_DOCUMENT_17,AMT_REQ_CREDIT_BUREAU_WEEK,0.0024393671232494987
FLAG_OWN_REALTY,BUREAU_AVG_MONTHS_REPORTED,0.002439312555104319
HOUR_APPR_PROCESS_START,BUREAU_CREDIT_GROUP,0.0024349776722707335
AMT_INCOME_TOTAL,EMERGENCYSTATE_MODE_Yes,0.0024335535271664275
PREVIOUS_UNUSED_COUNT,LATE_PAYMENT_RATE,0.0024325870793864093
DAYS_LAST_PHONE_CHANGE,WALLSMATERIAL_MODE_Mixed,0.0024292746371222503
FLAG_DOCUMENT_4,HAS_BUREAU_BALANCE_HISTORY,0.0024287601804043432
FLAG_DOCUMENT_13,WALLSMATERIAL_MODE_Wooden,0.002414780698640418
REG_CITY_NOT_LIVE_CITY,FLAG_DOCUMENT_21,0.002409374070688778
EXT_SOURCE_2,AVG_PAYMENT_DELAY,0.0024066008434847934
FLAG_OWN_REALTY,YEARS_BEGINEXPLUATATION_MEDI,0.0024063318692009532
CNT_CHILDREN,AMT_CREDIT,0.002400622848423003
AMT_GOODS_PRICE,FLAG_DOCUMENT_4,0.0023979836645350947
FLAG_WORK_PHONE,FLAG_DOCUMENT_21,0.002397913459615433
FLAG_DOCUMENT_6,AMT_REQ_CREDIT_BUREAU_WEEK,0.0023970651964723582
HOUR_APPR_PROCESS_START,NAME_INCOME_TYPE_Other,0.0023967706802955797
DEF_30_CNT_SOCIAL_CIRCLE,BUREAU_OVERDUE_RATIO,0.0023949978822395386
BUREAU_DEBT_INCOME_RATIO,WALLSMATERIAL_MODE_Others,0.002387870410386775
FLAG_DOCUMENT_9,EMERGENCYSTATE_MODE_Yes,0.0023878139241801477
CODE_GENDER,WALLSMATERIAL_MODE_Others,0.0023864246043436748
EXT_SOURCE_3,PREVIOUS_AVG_APPLICATION,0.0023832510882375204
FLAG_DOCUMENT_21,AMT_REQ_CREDIT_BUREAU_QRT,0.002379745042431666
REG_CITY_NOT_WORK_CITY,FLAG_DOCUMENT_7,0.0023782893568121003
BUREAU_ACTIVE_RATIO,WALLSMATERIAL_MODE_Others,0.0023761631315384907
BUREAU_TOTAL_SEVERE_OVERDUE_MONTHS,WALLSMATERIAL_MODE_Mixed,0.0023710558150179585
FLAG_OWN_REALTY,BUREAU_BALANCE_CREDIT_COUNT,0.0023658529699764554
FLAG_DOCUMENT_2,BUREAU_TOTAL_DEBT,0.0023647500658530583
CNT_FAM_MEMBERS,WALLSMATERIAL_MODE_Monolithic,0.0023618004272415627
DAYS_REGISTRATION,OVERDUE_SEVERITY,0.0023597552856571896
BUREAU_OVERDUE_COUNT,PREVIOUS_CANCELED_COUNT,0.002357052716563509
FLAG_CONT_MOBILE,BUREAU_AVG_MONTHS_REPORTED,0.0023564906335301504
AMT_INCOME_TOTAL,FLAG_DOCUMENT_17,0.002355747905208856
FLAG_CONT_MOBILE,EXT_SOURCE_2,0.0023553895523990803
FLAG_CONT_MOBILE,LIVE_REGION_NOT_WORK_REGION,0.0023522137430051337
FLAG_DOCUMENT_12,BUREAU_CREDIT_COUNT,0.0023517343468075344
CODE_GENDER,AVG_PAYMENT_DELAY,0.0023486259561496647
DAYS_BIRTH,AMT_REQ_CREDIT_BUREAU_DAY,0.0023456250955849003
AMT_REQ_CREDIT_BUREAU_DAY,AGE_YEARS,0.002345625095584883
AVG_PAYMENT_DELAY,WALLSMATERIAL_MODE_Mixed,0.002344964615248684
REG_CITY_NOT_WORK_CITY,DEBT_INCOME_GROUP,0.0023441163161370447
HAS_BUREAU_OVERDUE,PREVIOUS_AVG_CREDIT,0.002342447198704722
LIVE_REGION_NOT_WORK_REGION,FLAG_DOCUMENT_19,0.0023404282186413957
AMT_CREDIT,FLAG_DOCUMENT_10,0.0023400961571349724
ORGANIZATION_TYPE,FLAG_DOCUMENT_20,0.0023395786407672987
CODE_GENDER,HAS_BUREAU_OVERDUE,0.00233937822096394
REG_CITY_NOT_WORK_CITY,BUREAU_TOTAL_OVERDUE_MONTHS,0.0023376430650384502
CODE_GENDER,FLAG_DOCUMENT_7,0.002337112813053867
ORGANIZATION_TYPE,FLAG_DOCUMENT_12,0.002336541443727445
BUREAU_TOTAL_SEVERE_OVERDUE_MONTHS,PREVIOUS_AVG_CREDIT,0.002334571195653952
CNT_CHILDREN,FLAG_DOCUMENT_10,0.0023337224769032533
FLAG_DOCUMENT_8,BUREAU_OVERDUE_COUNT,0.002333375061073744
BUREAU_ACTIVE_RATIO,BUREAU_TOTAL_OVERDUE_MONTHS,0.002330635993713815
FLAG_DOCUMENT_21,WALLSMATERIAL_MODE_Missing,0.0023293447393968837
AMT_REQ_CREDIT_BUREAU_DAY,HAS_BUREAU_OVERDUE,0.0023284964944957063
BUREAU_MAX_OVERDUE_DAYS,NAME_INCOME_TYPE_State servant,0.002327059486180998
FLAG_DOCUMENT_13,OVERDUE_SEVERITY,0.002326373103804
OBS_30_CNT_SOCIAL_CIRCLE,AMT_REQ_CREDIT_BUREAU_HOUR,0.0023211705222572544
BUREAU_AVG_SEVERE_OVERDUE_RATIO,EMERGENCYSTATE_MODE_Yes,0.0023208810421712933
FLAG_DOCUMENT_21,PREVIOUS_REFUSED_COUNT,0.0023190362843516546
AMT_REQ_CREDIT_BUREAU_MON,NAME_INCOME_TYPE_Other,0.002317836029820719
FLAG_DOCUMENT_15,BUREAU_AVG_MONTHS_REPORTED,0.0023162995252327978
BUREAU_TOTAL_OVERDUE_MONTHS,EMERGENCYSTATE_MODE_Yes,0.0023145952292208814
FLAG_DOCUMENT_15,OVERDUE_SEVERITY,0.0023113095064975723
PREVIOUS_APP_COUNT,WALLSMATERIAL_MODE_Others,0.002309613731420059
FLAG_DOCUMENT_21,DEBT_INCOME_GROUP,0.002302936784148178
FLAG_DOCUMENT_11,BUREAU_OVERDUE_COUNT,0.002302125854812196
FLAG_OWN_CAR,REG_REGION_NOT_LIVE_REGION,0.0022990454246999757
FLAG_EMP_PHONE,WALLSMATERIAL_MODE_Others,0.0022958705826097788
AMT_REQ_CREDIT_BUREAU_HOUR,LATE_PAYMENT_RATE,0.002295139472742937
YEARS_BEGINEXPLUATATION_MEDI,CREDIT_INCOME_RATIO,0.002294536711822649
FLAG_OWN_CAR,NAME_INCOME_TYPE_Other,0.0022937615595340953
DAYS_EMPLOYED,WALLSMATERIAL_MODE_Others,0.0022925989465762565
FLAG_DOCUMENT_9,BUREAU_AVG_MONTHS_REPORTED,0.0022925696241826513
FLAG_DOCUMENT_13,AMT_REQ_CREDIT_BUREAU_HOUR,0.002291281596629606
TOTALAREA_MODE,AMT_REQ_CREDIT_BUREAU_QRT,0.0022892725555886985
CNT_FAM_MEMBERS,FLAG_DOCUMENT_7,0.0022889839048349622
REG_CITY_NOT_WORK_CITY,OVERDUE_SEVERITY,0.0022884250122684998
CODE_GENDER,FLAG_DOCUMENT_4,0.0022859889090312393
FLAG_DOCUMENT_7,BUREAU_AVG_OVERDUE_RATIO,0.0022855717198656256
BUREAU_MAX_OVERDUE_DAYS,WALLSMATERIAL_MODE_Panel,0.002285278465279235
FLAG_EMAIL,OBS_60_CNT_SOCIAL_CIRCLE,0.002284933780924242
UNDERPAYMENT_RATE,WALLSMATERIAL_MODE_Wooden,0.0022827319473152675
NAME_INCOME_TYPE_Pensioner,WALLSMATERIAL_MODE_Others,0.002280785593990003
AMT_REQ_CREDIT_BUREAU_WEEK,LATE_PAYMENT_COUNT,0.002280615450447451
FLAG_DOCUMENT_17,BUREAU_AVG_OVERDUE_RATIO,0.0022802106784199252
LIVE_REGION_NOT_WORK_REGION,FLAG_DOCUMENT_15,0.0022781839024436966
OVERDUE_SEVERITY,WALLSMATERIAL_MODE_Mixed,0.0022759412397642302
CREDIT_INCOME_RATIO,BUREAU_OVERDUE_RATIO,0.0022748772855887456
FLAG_DOCUMENT_2,PREVIOUS_UNUSED_COUNT,0.002271952621584349
FLAG_MOBIL,ORGANIZATION_TYPE,0.0022708368788313636
HAS_BUREAU_OVERDUE,PREVIOUS_APPROVED_COUNT,0.002270633668113333
BUREAU_CREDIT_COUNT,WALLSMATERIAL_MODE_Others,0.002269058259646727
AVG_PAYMENT_DELAY,WALLSMATERIAL_MODE_Wooden,0.0022686048279928796
NAME_EDUCATION_TYPE,FLAG_DOCUMENT_10,0.0022651463573515815
FLAG_DOCUMENT_8,PREVIOUS_REFUSAL_RATE,0.0022628244206074244
DAYS_REGISTRATION,AMT_REQ_CREDIT_BUREAU_HOUR,0.0022606554274922246
REGION_RATING_CLIENT_W_CITY,FLAG_DOCUMENT_10,0.002258185452889711
CODE_GENDER,FLAG_DOCUMENT_2,0.0022571722592840135
BUREAU_TOTAL_SEVERE_OVERDUE_MONTHS,EMERGENCYSTATE_MODE_No,0.0022541719488009346
CNT_CHILDREN,PREVIOUS_APPROVED_COUNT,0.002253840295784059
AMT_REQ_CREDIT_BUREAU_WEEK,BUREAU_OVERDUE_RATIO,0.0022531294946989805
BUREAU_MAX_OVERDUE_DAYS,EMERGENCYSTATE_MODE_Yes,0.0022526407024219355
FLAG_EMAIL,FLAG_DOCUMENT_11,0.0022522745264339245
HOUR_APPR_PROCESS_START,AMT_REQ_CREDIT_BUREAU_WEEK,0.002248210730379852
OBS_60_CNT_SOCIAL_CIRCLE,AMT_REQ_CREDIT_BUREAU_HOUR,0.002244431223010284
DEBT_INCOME_GROUP,WALLSMATERIAL_MODE_Mixed,0.0022441836013093576
OBS_60_CNT_SOCIAL_CIRCLE,NAME_INCOME_TYPE_State servant,0.0022425096289490215
FLAG_DOCUMENT_3,BUREAU_ACTIVE_RATIO,0.002238495262944056
FLAG_DOCUMENT_18,FLAG_DOCUMENT_19,0.0022373567631772924
FLAG_DOCUMENT_19,AMT_REQ_CREDIT_BUREAU_MON,0.002235270589936976
FLAG_DOCUMENT_10,PREVIOUS_CANCELED_COUNT,0.0022331996090424085
OCCUPATION_TYPE,FLAG_DOCUMENT_12,0.002232998137300817
FLAG_MOBIL,BUREAU_ACTIVE_RATIO,0.00223191993258191
FLAG_DOCUMENT_20,EMERGENCYSTATE_MODE_Yes,0.002226241062850644
EXT_SOURCE_3,OBS_60_CNT_SOCIAL_CIRCLE,0.0022259480716187267
REG_CITY_NOT_WORK_CITY,FLAG_DOCUMENT_2,0.002223222519463616
REG_CITY_NOT_LIVE_CITY,AVG_PAYMENT_DELAY,0.0022197189743101142
FLAG_DOCUMENT_17,BUREAU_ACTIVE_COUNT,0.002219644184109927
FLAG_MOBIL,PREVIOUS_APP_COUNT,0.002217248194961948
FLAG_DOCUMENT_14,BUREAU_TOTAL_SEVERE_OVERDUE_MONTHS,0.0022157427641817337
DAYS_BIRTH,AMT_REQ_CREDIT_BUREAU_HOUR,0.002213875197188124
AMT_REQ_CREDIT_BUREAU_HOUR,AGE_YEARS,0.00221387519718803
OBS_30_CNT_SOCIAL_CIRCLE,NAME_INCOME_TYPE_State servant,0.002213036890090744
FLAG_DOCUMENT_17,DEBT_INCOME_GROUP,0.002212801747622843
FLAG_DOCUMENT_16,BUREAU_OVERDUE_RATIO,0.002212610642363033
TOTALAREA_MODE,FLAG_DOCUMENT_21,0.002212481014566754
LATE_PAYMENT_COUNT,WALLSMATERIAL_MODE_Wooden,0.002212469083375841
CNT_FAM_MEMBERS,FLAG_DOCUMENT_19,0.002211228068338009
YEARS_BEGINEXPLUATATION_MEDI,AMT_REQ_CREDIT_BUREAU_QRT,0.0022106845379430556
AMT_REQ_CREDIT_BUREAU_MON,CREDIT_INCOME_RATIO,0.0022098400757509613
REG_REGION_NOT_LIVE_REGION,AMT_REQ_CREDIT_BUREAU_HOUR,0.002207378883895042
FLAG_DOCUMENT_14,WALLSMATERIAL_MODE_Others,0.0022050928145615004
FLAG_DOCUMENT_19,LATE_PAYMENT_COUNT,0.0022043591495141996
BUREAU_OVERDUE_COUNT,PREVIOUS_AVG_APPLICATION,0.0022029732177287027
REGION_RATING_CLIENT_W_CITY,FLAG_DOCUMENT_19,0.002201508395363698
DAYS_ID_PUBLISH,FLAG_DOCUMENT_12,0.0021987351786309926
FLAG_DOCUMENT_11,BUREAU_OVERDUE_RATIO,0.0021985409222331775
FLAG_DOCUMENT_5,BUREAU_OVERDUE_COUNT,0.0021977218483206127
FLAG_CONT_MOBILE,YEARS_BEGINEXPLUATATION_MEDI,0.002197297372576763
FLAG_DOCUMENT_4,UNDERPAYMENT_RATE,0.0021970005633515114
REG_REGION_NOT_WORK_REGION,FLAG_DOCUMENT_4,0.0021957998269557474
FLAG_DOCUMENT_21,WALLSMATERIAL_MODE_Panel,0.0021945538834633686
AMT_REQ_CREDIT_BUREAU_DAY,WALLSMATERIAL_MODE_Mixed,0.002189773574195965
BUREAU_MAX_OVERDUE_DAYS,NAME_INCOME_TYPE_Working,0.002186808258538824
FLAG_DOCUMENT_16,WALLSMATERIAL_MODE_Others,0.0021852960619120204
FLAG_DOCUMENT_10,UNDERPAYMENT_RATE,0.002183178423752269
REG_CITY_NOT_LIVE_CITY,FLAG_DOCUMENT_15,0.002182195925546513
CNT_CHILDREN,FLAG_DOCUMENT_21,0.002174550440286854
NAME_CONTRACT_TYPE,FLAG_DOCUMENT_2,0.0021705049647670915
FLAG_CONT_MOBILE,REG_CITY_NOT_WORK_CITY,0.0021702201340433433
OBS_60_CNT_SOCIAL_CIRCLE,BUREAU_AVG_OVERDUE_RATIO,0.0021695261448778404
FLAG_DOCUMENT_13,BUREAU_OVERDUE_RATIO,0.0021682374644662415
BUREAU_TOTAL_SEVERE_OVERDUE_MONTHS,WALLSMATERIAL_MODE_Missing,0.002165319564920638
FLAG_DOCUMENT_20,NAME_INCOME_TYPE_Working,0.0021614075002274083
FLAG_DOCUMENT_17,BUREAU_TOTAL_OVERDUE_MONTHS,0.002161161790797302
FLOORSMAX_MEDI,LATE_PAYMENT_COUNT,0.002160280821494287
OBS_60_CNT_SOCIAL_CIRCLE,AMT_REQ_CREDIT_BUREAU_MON,0.002160049314120781
YEARS_BEGINEXPLUATATION_MEDI,WALLSMATERIAL_MODE_Others,0.0021600127137191573
FLAG_DOCUMENT_11,FLAG_DOCUMENT_15,0.0021585079024250544
FLAG_DOCUMENT_8,WALLSMATERIAL_MODE_Others,0.0021545297285341194
FLAG_DOCUMENT_19,EMERGENCYSTATE_MODE_Yes,0.002154170903139891
AMT_GOODS_PRICE,YEARS_BEGINEXPLUATATION_MEDI,0.0021537900362356764
PREVIOUS_REFUSED_COUNT,NAME_INCOME_TYPE_Other,0.0021493007770462137
REG_CITY_NOT_WORK_CITY,FLAG_DOCUMENT_9,0.0021491454182994444
OCCUPATION_TYPE,FLAG_DOCUMENT_4,0.002143562799906817
LIVE_REGION_NOT_WORK_REGION,DEBT_INCOME_GROUP,0.002143552597595089
FLAG_MOBIL,BUREAU_CREDIT_COUNT,0.0021373562216385916
FLAG_OWN_REALTY,BUREAU_DEBT_INCOME_RATIO,0.0021331335299495375
AMT_ANNUITY,FLAG_DOCUMENT_4,0.0021322819487319795
YEARS_BEGINEXPLUATATION_MEDI,PREVIOUS_AVG_CREDIT,0.0021283538064910787
FLAG_DOCUMENT_10,BUREAU_AVG_MONTHS_REPORTED,0.0021275167518629173
OVERDUE_SEVERITY,"WALLSMATERIAL_MODE_Stone, brick",0.0021260782508735225
OBS_60_CNT_SOCIAL_CIRCLE,WALLSMATERIAL_MODE_Others,0.002125149865740841
FLAG_DOCUMENT_11,OVERDUE_SEVERITY,0.0021248133067778402
AMT_REQ_CREDIT_BUREAU_YEAR,HAS_BUREAU_OVERDUE,0.002124611381882541
DAYS_ID_PUBLISH,BUREAU_TOTAL_DEBT,0.002123689467036902
FLAG_DOCUMENT_19,WALLSMATERIAL_MODE_Mixed,0.002120011449249185
AMT_REQ_CREDIT_BUREAU_DAY,PREVIOUS_AVG_CREDIT,0.002112737450114405
BUREAU_ACTIVE_RATIO,"WALLSMATERIAL_MODE_Stone, brick",0.002110994418568874
FLAG_OWN_REALTY,BUREAU_TOTAL_DEBT,0.00211056690643458
FLAG_DOCUMENT_19,PREVIOUS_UNUSED_COUNT,0.0021098555845136665
EXT_SOURCE_2,PREVIOUS_APPROVED_COUNT,0.0021086689496182206
FLAG_CONT_MOBILE,REG_CITY_NOT_LIVE_CITY,0.0021061689603010794
CNT_CHILDREN,FLAG_DOCUMENT_20,0.002105587232480879
REG_CITY_NOT_WORK_CITY,YEARS_BEGINEXPLUATATION_MEDI,0.002099990182722182
FLAG_DOCUMENT_10,BUREAU_ACTIVE_RATIO,0.002099735581327528
AGE_YEARS,BUREAU_TOTAL_SEVERE_OVERDUE_MONTHS,0.00209102117066698
DAYS_BIRTH,BUREAU_TOTAL_SEVERE_OVERDUE_MONTHS,0.0020910211706668272
FLAG_DOCUMENT_11,HAS_BUREAU_OVERDUE,0.0020896143688969903
LIVE_CITY_NOT_WORK_CITY,PREVIOUS_REFUSED_COUNT,0.002088278924756445
BUREAU_OVERDUE_COUNT,WALLSMATERIAL_MODE_Mixed,0.002085457496630307
YEARS_BEGINEXPLUATATION_MEDI,AVG_PAYMENT_DELAY,0.002084212292335388
FLAG_DOCUMENT_12,NAME_INCOME_TYPE_Working,0.0020834929411508362
OCCUPATION_TYPE,AMT_REQ_CREDIT_BUREAU_HOUR,0.0020825854836492323
FLAG_DOCUMENT_10,WALLSMATERIAL_MODE_Missing,0.002081059344289679
AGE_YEARS,BUREAU_OVERDUE_COUNT,0.00207842211673348
DAYS_BIRTH,BUREAU_OVERDUE_COUNT,0.002078422116733404
REG_CITY_NOT_WORK_CITY,PREVIOUS_APPROVAL_RATE,0.002077619627790995
FLAG_DOCUMENT_4,PREVIOUS_REFUSED_COUNT,0.002077388400075897
UNDERPAYMENT_RATE,WALLSMATERIAL_MODE_Others,0.002076169398757628
FLAG_DOCUMENT_2,FLAG_DOCUMENT_6,0.002073517034265426
FLAG_DOCUMENT_4,EMERGENCYSTATE_MODE_No,0.0020719465729832774
YEARS_BEGINEXPLUATATION_MEDI,AGE_YEARS,0.0020713269090748337
DAYS_BIRTH,YEARS_BEGINEXPLUATATION_MEDI,0.0020713269090747548
REGION_POPULATION_RELATIVE,AMT_REQ_CREDIT_BUREAU_HOUR,0.0020702270681681504
CNT_CHILDREN,BUREAU_AVG_OVERDUE_RATIO,0.002066712310408077
FLAG_DOCUMENT_9,HAS_BUREAU_OVERDUE,0.0020665276290598
LIVE_REGION_NOT_WORK_REGION,AMT_REQ_CREDIT_BUREAU_DAY,0.002065855237996679
DAYS_ID_PUBLISH,FLAG_DOCUMENT_19,0.002064824395219431
CNT_CHILDREN,NAME_INCOME_TYPE_Other,0.002063231869408735
OCCUPATION_TYPE,HAS_BUREAU_OVERDUE,0.0020623315059195707
AMT_REQ_CREDIT_BUREAU_DAY,WALLSMATERIAL_MODE_Others,0.0020619772785827667
AMT_ANNUITY,FLAG_DOCUMENT_7,0.0020595422257283593
OBS_30_CNT_SOCIAL_CIRCLE,WALLSMATERIAL_MODE_Others,0.00205864537814148
FLAG_MOBIL,WALLSMATERIAL_MODE_Missing,0.0020487357280834697
FLAG_DOCUMENT_12,WALLSMATERIAL_MODE_Missing,0.0020487357280799165
FLAG_OWN_REALTY,WALLSMATERIAL_MODE_Mixed,0.0020478431525537805
EXT_SOURCE_3,NAME_INCOME_TYPE_Other,0.002046102076780737
FLAG_DOCUMENT_7,HAS_BUREAU_HISTORY,0.002044982627468081
BUREAU_CREDIT_COUNT,UNDERPAYMENT_RATE,0.002042186085519152
DAYS_LAST_PHONE_CHANGE,AMT_REQ_CREDIT_BUREAU_HOUR,0.002038992757185126
FLAG_OWN_CAR,HAS_BUREAU_OVERDUE,0.002038104352294595
FLAG_DOCUMENT_13,HAS_BUREAU_OVERDUE,0.0020379591931918833
DEF_60_CNT_SOCIAL_CIRCLE,AMT_REQ_CREDIT_BUREAU_DAY,0.002031989910789435
REGION_POPULATION_RELATIVE,FLAG_DOCUMENT_7,0.002031750744048641
AMT_REQ_CREDIT_BUREAU_DAY,PREVIOUS_CANCELED_COUNT,0.0020294306800273166
OCCUPATION_TYPE,BUREAU_AVG_SEVERE_OVERDUE_RATIO,0.002024428263662559
EXT_SOURCE_2,FLAG_DOCUMENT_12,0.002021479494354485
REG_REGION_NOT_WORK_REGION,FLAG_DOCUMENT_16,0.0020208265075825397
FLAG_DOCUMENT_9,BUREAU_TOTAL_OVERDUE_MONTHS,0.002020692673820768
REG_REGION_NOT_WORK_REGION,AMT_REQ_CREDIT_BUREAU_HOUR,0.002018755151835711
FLAG_CONT_MOBILE,BUREAU_TOTAL_OVERDUE_MONTHS,0.002018718381711371
FLAG_DOCUMENT_17,HAS_BUREAU_HISTORY,0.0020184951720029504
FLAG_DOCUMENT_13,FLAG_DOCUMENT_15,0.002018457578004298
AMT_INCOME_TOTAL,FLAG_DOCUMENT_18,0.0020183327545496557
BUREAU_MAX_OVERDUE_DAYS,WALLSMATERIAL_MODE_Monolithic,0.002014664378070667
REG_REGION_NOT_WORK_REGION,DEBT_INCOME_GROUP,0.0020138466029073236
DAYS_BIRTH,FLAG_DOCUMENT_4,0.0020113277592927865
FLAG_DOCUMENT_4,AGE_YEARS,0.0020113277592926186
HAS_BUREAU_OVERDUE,PREVIOUS_CANCELED_COUNT,0.0020090339606117016
AMT_GOODS_PRICE,AMT_REQ_CREDIT_BUREAU_WEEK,0.002008249747541082
FLAG_DOCUMENT_16,BUREAU_DEBT_INCOME_RATIO,0.002008030274467111
NAME_EDUCATION_TYPE,BUREAU_OVERDUE_RATIO,0.002006931925342836
EXT_SOURCE_3,OBS_30_CNT_SOCIAL_CIRCLE,0.0020063628074619036
DEF_60_CNT_SOCIAL_CIRCLE,FLAG_DOCUMENT_7,0.0020039084206238986
FLAG_DOCUMENT_17,BUREAU_DEBT_INCOME_RATIO,0.002002985769230653
FLAG_PHONE,REG_REGION_NOT_LIVE_REGION,0.0020015804525615024
PREVIOUS_REFUSED_COUNT,WALLSMATERIAL_MODE_Mixed,0.0019944565989054234
BUREAU_AVG_OVERDUE_RATIO,WALLSMATERIAL_MODE_Others,0.0019943161128578414
FLAG_DOCUMENT_6,BUREAU_AVG_SEVERE_OVERDUE_RATIO,0.0019921760926997277
FLAG_DOCUMENT_2,FLAG_DOCUMENT_8,0.0019904726024990095
OBS_30_CNT_SOCIAL_CIRCLE,AMT_REQ_CREDIT_BUREAU_MON,0.001986813258779695
AMT_REQ_CREDIT_BUREAU_YEAR,EMERGENCYSTATE_MODE_Yes,0.001986265031884701
AMT_REQ_CREDIT_BUREAU_QRT,HAS_BUREAU_OVERDUE,0.001983732005752319
TOTALAREA_MODE,BUREAU_TOTAL_OVERDUE_MONTHS,0.0019817333366652415
TOTALAREA_MODE,LATE_PAYMENT_COUNT,0.0019803010841525203
REG_REGION_NOT_WORK_REGION,PREVIOUS_REFUSAL_RATE,0.0019769903971076654
OBS_30_CNT_SOCIAL_CIRCLE,BUREAU_AVG_OVERDUE_RATIO,0.001976204380577576
AMT_REQ_CREDIT_BUREAU_WEEK,NAME_INCOME_TYPE_Other,0.0019752574308875234
FLAG_DOCUMENT_4,BUREAU_BALANCE_CREDIT_COUNT,0.0019739028641250324
FLAG_DOCUMENT_20,AMT_REQ_CREDIT_BUREAU_MON,0.001973817294236898
FLAG_DOCUMENT_10,LATE_PAYMENT_COUNT,0.0019733009288921553
DEF_30_CNT_SOCIAL_CIRCLE,BUREAU_DEBT_INCOME_RATIO,0.001971337099208114
ORGANIZATION_TYPE,FLAG_DOCUMENT_14,0.001971096588012166
FLAG_MOBIL,BUREAU_ACTIVE_COUNT,0.0019704852050675373
REGION_POPULATION_RELATIVE,FLAG_DOCUMENT_10,0.0019627520175624033
LIVE_CITY_NOT_WORK_CITY,BUREAU_MAX_OVERDUE_DAYS,0.001962216899446756
DEF_30_CNT_SOCIAL_CIRCLE,AMT_REQ_CREDIT_BUREAU_HOUR,0.001961525258724128
LIVE_REGION_NOT_WORK_REGION,FLAG_DOCUMENT_4,0.001959723460704736
UNDERPAYMENT_RATE,WALLSMATERIAL_MODE_Monolithic,0.00195952623273638
PREVIOUS_UNUSED_COUNT,NAME_INCOME_TYPE_Other,0.00195849987609647
FLAG_MOBIL,PREVIOUS_AVG_CREDIT,0.0019544635251741976
FLAG_MOBIL,NAME_INCOME_TYPE_Working,0.0019510145206233691
FLAG_DOCUMENT_5,FLAG_DOCUMENT_17,0.0019508824438785682
BUREAU_MAX_OVERDUE_DAYS,PREVIOUS_UNUSED_COUNT,0.0019482767175233212
FLAG_DOCUMENT_15,WALLSMATERIAL_MODE_Monolithic,0.0019478284001876551
FLAG_DOCUMENT_9,HAS_BUREAU_BALANCE_HISTORY,0.0019455648481541455
EXT_SOURCE_3,AMT_REQ_CREDIT_BUREAU_HOUR,0.0019443677287541772
REG_CITY_NOT_LIVE_CITY,FLAG_DOCUMENT_2,0.0019435628149736639
FLAG_MOBIL,DEBT_INCOME_GROUP,0.0019434215199984916
FLAG_MOBIL,EMERGENCYSTATE_MODE_No,0.0019426632399985428
FLAG_DOCUMENT_12,EMERGENCYSTATE_MODE_No,0.0019426632399941
BUREAU_TOTAL_SEVERE_OVERDUE_MONTHS,PREVIOUS_UNUSED_COUNT,0.0019423532322803807
NAME_EDUCATION_TYPE,BUREAU_OVERDUE_COUNT,0.001940461294529908
DEF_30_CNT_SOCIAL_CIRCLE,FLAG_DOCUMENT_2,0.0019391681238216825
DEF_30_CNT_SOCIAL_CIRCLE,NAME_INCOME_TYPE_Other,0.001938767723954391
FLAG_DOCUMENT_4,DEBT_INCOME_GROUP,0.0019356524770788336
BUREAU_TOTAL_SEVERE_OVERDUE_MONTHS,PREVIOUS_AVG_APPLICATION,0.001933950007900048
FLAG_OWN_CAR,REG_CITY_NOT_LIVE_CITY,0.001930853837057385
AMT_GOODS_PRICE,FLAG_WORK_PHONE,0.001929629624825732
HOUR_APPR_PROCESS_START,FLAG_DOCUMENT_10,0.0019290175812570404
FLAG_OWN_CAR,AMT_REQ_CREDIT_BUREAU_HOUR,0.0019285635874024193
FLAG_DOCUMENT_20,WALLSMATERIAL_MODE_Mixed,0.0019274381770127962
BUREAU_CREDIT_GROUP,WALLSMATERIAL_MODE_Mixed,0.0019258750900941041
REGION_RATING_CLIENT_W_CITY,BUREAU_TOTAL_SEVERE_OVERDUE_MONTHS,0.0019238223050329097
FLAG_DOCUMENT_21,PREVIOUS_REFUSAL_RATE,0.0019235176305593025
FLAG_DOCUMENT_13,BUREAU_TOTAL_OVERDUE_MONTHS,0.0019215752019015346
FLAG_DOCUMENT_10,BUREAU_BALANCE_CREDIT_COUNT,0.0019209932165859347
FLAG_DOCUMENT_12,PREVIOUS_APPROVAL_RATE,0.0019206362355669805
EXT_SOURCE_2,AMT_REQ_CREDIT_BUREAU_DAY,0.001917491934747744
FLAG_MOBIL,PREVIOUS_AVG_APPLICATION,0.0019153831357310693
FLAG_DOCUMENT_15,AMT_REQ_CREDIT_BUREAU_QRT,0.0019141759012018494
REG_CITY_NOT_WORK_CITY,AVG_PAYMENT_DELAY,0.00191345724274089
FLAG_OWN_REALTY,CNT_CHILDREN,0.00191088827099259
BUREAU_BALANCE_CREDIT_COUNT,WALLSMATERIAL_MODE_Mixed,0.0019095247690257286
REG_REGION_NOT_WORK_REGION,BUREAU_DEBT_INCOME_RATIO,0.001909463596565075
FLAG_DOCUMENT_17,BUREAU_CREDIT_GROUP,0.00190930964452636
FLOORSMAX_MEDI,AMT_REQ_CREDIT_BUREAU_WEEK,0.0019092361973253803
BUREAU_MAX_OVERDUE_DAYS,WALLSMATERIAL_MODE_Others,0.001905136450264512
CODE_GENDER,FLAG_DOCUMENT_16,0.0019038511925833107
FLAG_DOCUMENT_10,AMT_REQ_CREDIT_BUREAU_QRT,0.0018986542938816847
FLAG_DOCUMENT_19,WALLSMATERIAL_MODE_Monolithic,0.0018986372810674218
FLAG_DOCUMENT_8,BUREAU_CREDIT_GROUP,0.0018979136169414235
FLAG_CONT_MOBILE,BUREAU_AVG_OVERDUE_RATIO,0.0018905511666459397
REG_REGION_NOT_LIVE_REGION,EMERGENCYSTATE_MODE_Yes,0.0018888192942180407
OBS_60_CNT_SOCIAL_CIRCLE,LATE_PAYMENT_RATE,0.0018884564470075783
TOTALAREA_MODE,BUREAU_MAX_OVERDUE_DAYS,0.0018877853123600375
FLAG_DOCUMENT_14,FLAG_DOCUMENT_15,0.0018850913984648306
AMT_GOODS_PRICE,BUREAU_TOTAL_SEVERE_OVERDUE_MONTHS,0.001882580754823299
FLAG_DOCUMENT_7,PREVIOUS_AVG_APPLICATION,0.0018803016819166295
AMT_REQ_CREDIT_BUREAU_WEEK,NAME_INCOME_TYPE_Pensioner,0.0018775683700022023
FLAG_DOCUMENT_21,HAS_BUREAU_OVERDUE,0.0018756329409828428
LIVE_REGION_NOT_WORK_REGION,BUREAU_OVERDUE_COUNT,0.0018752423412802571
FLAG_OWN_REALTY,WALLSMATERIAL_MODE_Others,0.0018747204151529967
DAYS_ID_PUBLISH,BUREAU_AVG_SEVERE_OVERDUE_RATIO,0.0018729120969633401
FLAG_DOCUMENT_18,AMT_REQ_CREDIT_BUREAU_MON,0.0018723614544864048
FLAG_DOCUMENT_7,EMERGENCYSTATE_MODE_No,0.0018720005940869107
CNT_CHILDREN,WALLSMATERIAL_MODE_Monolithic,0.0018696775276974256
REG_CITY_NOT_WORK_CITY,FLAG_DOCUMENT_20,0.001869184338205914
FLAG_DOCUMENT_10,EMERGENCYSTATE_MODE_No,0.0018677814325655524
BUREAU_AVG_MONTHS_REPORTED,WALLSMATERIAL_MODE_Others,0.0018632500597664861
AMT_REQ_CREDIT_BUREAU_WEEK,HAS_BUREAU_OVERDUE,0.0018628823452695943
REG_CITY_NOT_LIVE_CITY,NAME_INCOME_TYPE_State servant,0.0018624303866414478
REGION_RATING_CLIENT_W_CITY,BUREAU_AVG_SEVERE_OVERDUE_RATIO,0.0018612220308022644
AMT_GOODS_PRICE,LIVE_CITY_NOT_WORK_CITY,0.0018558626362012692
DAYS_REGISTRATION,FLAG_DOCUMENT_12,0.0018537279637331919
FLAG_DOCUMENT_4,BUREAU_ACTIVE_COUNT,0.0018523179175257906
FLAG_DOCUMENT_2,NAME_INCOME_TYPE_State servant,0.0018515698457683427
OBS_60_CNT_SOCIAL_CIRCLE,FLAG_DOCUMENT_10,0.001850677306734273
FLAG_DOCUMENT_11,"WALLSMATERIAL_MODE_Stone, brick",0.0018493699131838762
OBS_30_CNT_SOCIAL_CIRCLE,LATE_PAYMENT_RATE,0.0018485459969361467
HOUR_APPR_PROCESS_START,BUREAU_AVG_SEVERE_OVERDUE_RATIO,0.00184593494284387
BUREAU_OVERDUE_RATIO,AVG_PAYMENT_DELAY,0.0018448862363920134
FLAG_EMP_PHONE,AMT_REQ_CREDIT_BUREAU_WEEK,0.0018444220731188802
PREVIOUS_AVG_APPLICATION,NAME_INCOME_TYPE_Other,0.0018419230756167764
DAYS_EMPLOYED,AMT_REQ_CREDIT_BUREAU_WEEK,0.001834486470748126
AMT_REQ_CREDIT_BUREAU_DAY,AMT_REQ_CREDIT_BUREAU_MON,0.0018339582915058226
DEF_30_CNT_SOCIAL_CIRCLE,AMT_REQ_CREDIT_BUREAU_MON,0.0018328036759465737
FLAG_DOCUMENT_9,AMT_REQ_CREDIT_BUREAU_HOUR,0.0018295409720210764
AMT_ANNUITY,PREVIOUS_CANCELED_COUNT,0.0018294582732358297
AMT_CREDIT,FLAG_DOCUMENT_4,0.00182734775194735
FLAG_DOCUMENT_12,BUREAU_TOTAL_DEBT,0.0018253363237856854
ORGANIZATION_TYPE,BUREAU_AVG_MONTHS_REPORTED,0.0018233094830415425
AMT_INCOME_TOTAL,FLAG_DOCUMENT_19,0.001821796451389588
FLAG_WORK_PHONE,FLAG_DOCUMENT_2,0.0018194773728142048
FLAG_DOCUMENT_7,BUREAU_TOTAL_OVERDUE_MONTHS,0.0018154765062473128
EXT_SOURCE_3,FLAG_DOCUMENT_16,0.0018120630927764825
FLAG_DOCUMENT_7,AMT_REQ_CREDIT_BUREAU_QRT,0.0018092686821091777
NAME_EDUCATION_TYPE,FLAG_DOCUMENT_2,0.0018086042785110596
AMT_ANNUITY,BUREAU_ACTIVE_COUNT,0.0018075598063191124
OBS_30_CNT_SOCIAL_CIRCLE,FLAG_DOCUMENT_10,0.0018062096170092382
FLAG_DOCUMENT_19,WALLSMATERIAL_MODE_Others,0.001805886055993068
EXT_SOURCE_3,WALLSMATERIAL_MODE_Mixed,0.0018044232231509282
CODE_GENDER,DEBT_INCOME_GROUP,0.0018030236174252227
HOUR_APPR_PROCESS_START,FLAG_DOCUMENT_2,0.0018021685766454229
FLAG_DOCUMENT_16,AMT_REQ_CREDIT_BUREAU_HOUR,0.0018019470779107065
FLAG_DOCUMENT_2,AMT_REQ_CREDIT_BUREAU_MON,0.0017997116627083423
FLAG_DOCUMENT_9,PREVIOUS_APPROVAL_RATE,0.0017927785289173742
AMT_CREDIT,BUREAU_TOTAL_SEVERE_OVERDUE_MONTHS,0.0017909864523086459
YEARS_BEGINEXPLUATATION_MEDI,LATE_PAYMENT_RATE,0.0017904385896374817
REGION_POPULATION_RELATIVE,FLAG_DOCUMENT_19,0.0017873386174031471
FLAG_EMAIL,FLAG_DOCUMENT_7,0.0017866443874207235
AMT_ANNUITY,FLAG_DOCUMENT_12,0.0017863591693289083
REG_REGION_NOT_LIVE_REGION,BUREAU_OVERDUE_RATIO,0.0017839049123688825
CNT_FAM_MEMBERS,NAME_INCOME_TYPE_Other,0.0017834538523690247
NAME_CONTRACT_TYPE,BUREAU_TOTAL_DEBT,0.0017830896013421235
AMT_REQ_CREDIT_BUREAU_YEAR,BUREAU_AVG_SEVERE_OVERDUE_RATIO,0.001782961915968772
FLAG_OWN_CAR,WALLSMATERIAL_MODE_Mixed,0.001781782557330701
FLAG_DOCUMENT_5,HAS_BUREAU_HISTORY,0.001774035795669622
FLAG_DOCUMENT_9,WALLSMATERIAL_MODE_Others,0.001773600205867007
DAYS_LAST_PHONE_CHANGE,WALLSMATERIAL_MODE_Wooden,0.00176898244244091
PREVIOUS_AVG_CREDIT,NAME_INCOME_TYPE_Other,0.0017648387721744883
FLAG_DOCUMENT_14,OVERDUE_SEVERITY,0.001764768265796951
FLAG_DOCUMENT_14,BUREAU_ACTIVE_COUNT,0.0017621696664121636
FLAG_DOCUMENT_5,OVERDUE_SEVERITY,0.001761811380105843
FLAG_DOCUMENT_12,BUREAU_CREDIT_GROUP,0.0017572444290008585
EXT_SOURCE_2,LATE_PAYMENT_COUNT,0.0017569301255977868
FLOORSMAX_MEDI,FLAG_DOCUMENT_7,0.0017567089827374377
REG_CITY_NOT_LIVE_CITY,FLAG_DOCUMENT_7,0.0017562167393800727
CNT_CHILDREN,AMT_GOODS_PRICE,0.0017561472275055444
AMT_REQ_CREDIT_BUREAU_DAY,LATE_PAYMENT_RATE,0.0017548326790021139
LIVE_REGION_NOT_WORK_REGION,PREVIOUS_REFUSAL_RATE,0.0017540253041463322
ORGANIZATION_TYPE,FLAG_DOCUMENT_21,0.0017539534214483213
FLAG_DOCUMENT_21,BUREAU_OVERDUE_COUNT,0.0017514593585091127
BUREAU_DEBT_INCOME_RATIO,PREVIOUS_CANCELED_COUNT,0.0017513667031073652
AMT_REQ_CREDIT_BUREAU_DAY,WALLSMATERIAL_MODE_Monolithic,0.00174712850801315
BUREAU_OVERDUE_COUNT,PREVIOUS_AVG_CREDIT,0.001742808194004114
FLAG_PHONE,WALLSMATERIAL_MODE_Mixed,0.0017424047580438212
FLAG_DOCUMENT_21,HAS_BUREAU_HISTORY,0.001736907844258981
REG_REGION_NOT_WORK_REGION,OVERDUE_SEVERITY,0.0017366975400228836
LIVE_CITY_NOT_WORK_CITY,FLAG_DOCUMENT_19,0.0017362572805636758
FLAG_DOCUMENT_16,OVERDUE_SEVERITY,0.0017334872354722334
FLAG_DOCUMENT_5,EMERGENCYSTATE_MODE_No,0.0017332278160048517
FLAG_DOCUMENT_15,BUREAU_ACTIVE_RATIO,0.0017324137405236597
YEARS_BEGINEXPLUATATION_MEDI,UNDERPAYMENT_RATE,0.0017304812033962442
FLAG_DOCUMENT_5,WALLSMATERIAL_MODE_Others,0.0017264099709771198
FLAG_DOCUMENT_4,"WALLSMATERIAL_MODE_Stone, brick",0.0017261756755750782
BUREAU_MAX_OVERDUE_RATIO,WALLSMATERIAL_MODE_Wooden,0.001723298523838696
FLAG_DOCUMENT_5,AMT_REQ_CREDIT_BUREAU_WEEK,0.0017223273056098292
ORGANIZATION_TYPE,AMT_REQ_CREDIT_BUREAU_DAY,0.0017213544836051325
FLAG_DOCUMENT_5,WALLSMATERIAL_MODE_Panel,0.0017197820128897522
REG_CITY_NOT_WORK_CITY,FLAG_DOCUMENT_15,0.0017160974236265102
FLAG_PHONE,AMT_REQ_CREDIT_BUREAU_WEEK,0.0017054179848071881
LATE_PAYMENT_RATE,WALLSMATERIAL_MODE_Monolithic,0.001704732807770211
FLAG_DOCUMENT_10,BUREAU_ACTIVE_COUNT,0.0017046644047103647
REGION_RATING_CLIENT,FLAG_DOCUMENT_2,0.0017019340821608307
FLAG_DOCUMENT_15,BUREAU_MAX_OVERDUE_RATIO,0.0017009823461599514
AMT_CREDIT,AMT_REQ_CREDIT_BUREAU_HOUR,0.001700789850708275
NAME_INCOME_TYPE_Other,WALLSMATERIAL_MODE_Wooden,0.0016992913550831644
REG_REGION_NOT_LIVE_REGION,FLAG_DOCUMENT_19,0.0016963225427606005
BUREAU_BALANCE_CREDIT_COUNT,WALLSMATERIAL_MODE_Others,0.0016947581459107572
FLAG_DOCUMENT_5,FLAG_DOCUMENT_7,0.0016940719660668933
REGION_RATING_CLIENT_W_CITY,NAME_INCOME_TYPE_State servant,0.0016932623168137836
REG_CITY_NOT_LIVE_CITY,EMERGENCYSTATE_MODE_Yes,0.0016914568153833527
AMT_REQ_CREDIT_BUREAU_YEAR,"WALLSMATERIAL_MODE_Stone, brick",0.0016902636252834919
AMT_INCOME_TOTAL,HAS_BUREAU_OVERDUE,0.0016879960855582564
BUREAU_CREDIT_GROUP,WALLSMATERIAL_MODE_Others,0.0016814011631419768
FLAG_DOCUMENT_6,EMERGENCYSTATE_MODE_Yes,0.001678483363843049
FLAG_DOCUMENT_7,"WALLSMATERIAL_MODE_Stone, brick",0.0016782443864698515
AMT_REQ_CREDIT_BUREAU_WEEK,WALLSMATERIAL_MODE_Mixed,0.0016765300919089666
DAYS_REGISTRATION,BUREAU_OVERDUE_COUNT,0.0016763635962695903
BUREAU_ACTIVE_RATIO,PREVIOUS_AVG_APPLICATION,0.0016741394095745616
LIVE_REGION_NOT_WORK_REGION,FLAG_DOCUMENT_2,0.001673864866297171
AMT_REQ_CREDIT_BUREAU_HOUR,"WALLSMATERIAL_MODE_Stone, brick",0.0016700251897900466
HAS_BUREAU_BALANCE_HISTORY,WALLSMATERIAL_MODE_Others,0.0016688582426576655
FLAG_DOCUMENT_15,EMERGENCYSTATE_MODE_Yes,0.0016648266819808341
DEF_30_CNT_SOCIAL_CIRCLE,AMT_REQ_CREDIT_BUREAU_WEEK,0.0016611387707482486
FLAG_DOCUMENT_4,BUREAU_DEBT_INCOME_RATIO,0.0016587546929344513
BUREAU_TOTAL_OVERDUE_MONTHS,NAME_INCOME_TYPE_Other,0.0016581114733228576
LIVE_REGION_NOT_WORK_REGION,FLAG_DOCUMENT_7,0.001654899910144359
YEARS_BEGINEXPLUATATION_MEDI,FLAG_DOCUMENT_3,0.0016536368525368256
BUREAU_ACTIVE_RATIO,EMERGENCYSTATE_MODE_Yes,0.001650175975324165
FLAG_DOCUMENT_10,HAS_BUREAU_HISTORY,0.0016489340700884478
FLAG_DOCUMENT_17,HAS_BUREAU_OVERDUE,0.0016480991314340011
AMT_REQ_CREDIT_BUREAU_QRT,WALLSMATERIAL_MODE_Monolithic,0.0016477944012849534
FLAG_DOCUMENT_13,BUREAU_OVERDUE_COUNT,0.0016464511533021819
DAYS_LAST_PHONE_CHANGE,BUREAU_MAX_OVERDUE_DAYS,0.001641812579064988
PREVIOUS_UNUSED_COUNT,AVG_PAYMENT_DELAY,0.001641635602352637
CODE_GENDER,BUREAU_OVERDUE_RATIO,0.0016400493073865654
FLAG_DOCUMENT_9,FLAG_DOCUMENT_15,0.0016395711353572274
FLAG_EMAIL,WALLSMATERIAL_MODE_Mixed,0.0016366219209548512
FLAG_DOCUMENT_21,OVERDUE_SEVERITY,0.0016361021330868304
FLAG_EMAIL,YEARS_BEGINEXPLUATATION_MEDI,0.0016354400050393413
YEARS_BEGINEXPLUATATION_MEDI,AMT_REQ_CREDIT_BUREAU_WEEK,0.001634309427782434
BUREAU_OVERDUE_COUNT,PREVIOUS_APPROVED_COUNT,0.001633839081922325
REG_REGION_NOT_LIVE_REGION,AMT_REQ_CREDIT_BUREAU_DAY,0.0016332764670458255
EXT_SOURCE_2,FLAG_DOCUMENT_20,0.001631827307553149
LIVE_CITY_NOT_WORK_CITY,DEF_60_CNT_SOCIAL_CIRCLE,0.001629511472760407
DAYS_ID_PUBLISH,FLAG_DOCUMENT_16,0.001626666738140518
HOUR_APPR_PROCESS_START,BUREAU_MAX_OVERDUE_DAYS,0.001625786795720976
LATE_PAYMENT_COUNT,"WALLSMATERIAL_MODE_Stone, brick",0.0016244112636084954
DAYS_REGISTRATION,FLAG_DOCUMENT_7,0.0016233861935656647
DAYS_ID_PUBLISH,WALLSMATERIAL_MODE_Mixed,0.0016194336462664078
FLAG_OWN_REALTY,FLAG_DOCUMENT_4,0.0016186880353985039
PREVIOUS_UNUSED_COUNT,WALLSMATERIAL_MODE_Monolithic,0.0016179200647597415
DAYS_ID_PUBLISH,WALLSMATERIAL_MODE_Others,0.0016129324410464564
BUREAU_ACTIVE_RATIO,WALLSMATERIAL_MODE_Wooden,0.001608366706716478
HAS_BUREAU_OVERDUE,WALLSMATERIAL_MODE_Mixed,0.001607820651604391
AMT_CREDIT,FLAG_MOBIL,0.0016056499776903406
YEARS_BEGINEXPLUATATION_MEDI,AMT_REQ_CREDIT_BUREAU_DAY,0.0015932905332532634
DAYS_LAST_PHONE_CHANGE,FLAG_DOCUMENT_10,0.001590378372952579
FLAG_PHONE,NAME_INCOME_TYPE_Other,0.0015872268083721695
NAME_CONTRACT_TYPE,WALLSMATERIAL_MODE_Others,0.0015854830326763715
AMT_REQ_CREDIT_BUREAU_DAY,AMT_REQ_CREDIT_BUREAU_QRT,0.0015850459408129967
OCCUPATION_TYPE,AMT_REQ_CREDIT_BUREAU_DAY,0.001584474733397385
FLAG_DOCUMENT_16,FLAG_DOCUMENT_17,0.001584399836208741
FLAG_DOCUMENT_20,AMT_REQ_CREDIT_BUREAU_WEEK,0.001584100842295176
BUREAU_MAX_OVERDUE_DAYS,BUREAU_AVG_MONTHS_REPORTED,0.0015838192307955422
FLAG_DOCUMENT_20,AMT_REQ_CREDIT_BUREAU_HOUR,0.0015828854312636652
DAYS_BIRTH,BUREAU_AVG_SEVERE_OVERDUE_RATIO,0.0015816072984097822
AGE_YEARS,BUREAU_AVG_SEVERE_OVERDUE_RATIO,0.0015816072984096105
FLAG_DOCUMENT_14,DEBT_INCOME_GROUP,0.0015807539297337558
FLAG_DOCUMENT_7,PREVIOUS_APPROVED_COUNT,0.0015806532418793163
AMT_CREDIT,BUREAU_ACTIVE_RATIO,0.0015801405019056178
FLAG_DOCUMENT_5,NAME_INCOME_TYPE_Other,0.0015797109862355381
AMT_CREDIT,AMT_REQ_CREDIT_BUREAU_WEEK,0.0015785778840251257
BUREAU_AVG_SEVERE_OVERDUE_RATIO,WALLSMATERIAL_MODE_Others,0.001577631937275527
REG_REGION_NOT_LIVE_REGION,WALLSMATERIAL_MODE_Mixed,0.0015770934555060072
OVERDUE_SEVERITY,EMERGENCYSTATE_MODE_Yes,0.001577009430199078
FLAG_DOCUMENT_2,EMERGENCYSTATE_MODE_No,0.001576587874612945
FLAG_OWN_CAR,FLAG_OWN_REALTY,0.001573260091546683
DEF_30_CNT_SOCIAL_CIRCLE,FLAG_DOCUMENT_17,0.0015718581416994384
OCCUPATION_TYPE,BUREAU_TOTAL_SEVERE_OVERDUE_MONTHS,0.0015681477127185495
FLAG_DOCUMENT_4,WALLSMATERIAL_MODE_Missing,0.0015681280980671705
REGION_RATING_CLIENT,FLAG_DOCUMENT_19,0.001567977797285467
REG_CITY_NOT_WORK_CITY,DEF_30_CNT_SOCIAL_CIRCLE,0.0015650621953779682
FLAG_PHONE,AVG_PAYMENT_DELAY,0.001564296520514628
AMT_GOODS_PRICE,FLAG_MOBIL,0.0015639423030157989
CNT_FAM_MEMBERS,FLAG_DOCUMENT_2,0.0015579752326534506
FLAG_PHONE,BUREAU_AVG_SEVERE_OVERDUE_RATIO,0.001557555055083356
CNT_FAM_MEMBERS,AMT_REQ_CREDIT_BUREAU_QRT,0.001555887927861164
LIVE_CITY_NOT_WORK_CITY,FLAG_DOCUMENT_2,0.0015557308519510787
FLAG_DOCUMENT_3,BUREAU_MAX_OVERDUE_DAYS,0.0015546377059471746
OVERDUE_SEVERITY,WALLSMATERIAL_MODE_Wooden,0.0015526619573389489
ORGANIZATION_TYPE,FLAG_DOCUMENT_19,0.0015525874899378145
REG_CITY_NOT_LIVE_CITY,BUREAU_TOTAL_OVERDUE_MONTHS,0.001551602241176576
REG_REGION_NOT_WORK_REGION,FLAG_DOCUMENT_15,0.0015513984003499473
DAYS_REGISTRATION,AVG_PAYMENT_DELAY,0.0015507373454846979
AMT_REQ_CREDIT_BUREAU_QRT,BUREAU_OVERDUE_RATIO,0.0015494289960897138
FLAG_DOCUMENT_4,CREDIT_INCOME_RATIO,0.0015463736384663791
FLAG_DOCUMENT_13,BUREAU_ACTIVE_COUNT,0.001545461064716775
ORGANIZATION_TYPE,FLAG_DOCUMENT_15,0.0015422339230115715
DEBT_INCOME_GROUP,WALLSMATERIAL_MODE_Others,0.0015396780594776809
AMT_CREDIT,YEARS_BEGINEXPLUATATION_MEDI,0.0015396397187607644
FLAG_DOCUMENT_17,BUREAU_OVERDUE_COUNT,0.0015389890977219511
FLAG_DOCUMENT_11,FLAG_DOCUMENT_19,0.0015387219869779905
FLAG_DOCUMENT_21,WALLSMATERIAL_MODE_Mixed,0.001538308439780022
FLAG_DOCUMENT_9,FLAG_DOCUMENT_19,0.0015354700371927365
CODE_GENDER,BUREAU_ACTIVE_RATIO,0.00153285943327618
AMT_REQ_CREDIT_BUREAU_HOUR,WALLSMATERIAL_MODE_Others,0.0015313822042099029
PREVIOUS_UNUSED_COUNT,WALLSMATERIAL_MODE_Mixed,0.001530925112801945
OCCUPATION_TYPE,BUREAU_OVERDUE_COUNT,0.0015297265573012981
FLAG_DOCUMENT_19,BUREAU_ACTIVE_COUNT,0.001521567317054047
ORGANIZATION_TYPE,BUREAU_AVG_SEVERE_OVERDUE_RATIO,0.0015207576833324715
FLAG_DOCUMENT_5,HAS_BUREAU_OVERDUE,0.0015201433381621535
PREVIOUS_AVG_APPLICATION,WALLSMATERIAL_MODE_Others,0.0015172463681348632
FLOORSMAX_MEDI,FLAG_DOCUMENT_20,0.0015172042975875376
REG_REGION_NOT_LIVE_REGION,BUREAU_TOTAL_SEVERE_OVERDUE_MONTHS,0.0015138121405582521
YEARS_BEGINEXPLUATATION_MEDI,BUREAU_AVG_OVERDUE_RATIO,0.0015091363681064918
DEF_60_CNT_SOCIAL_CIRCLE,BUREAU_MAX_OVERDUE_DAYS,0.0015029010159483798
REGION_POPULATION_RELATIVE,NAME_INCOME_TYPE_Other,0.0015020301769535132
FLAG_PHONE,ORGANIZATION_TYPE,0.0015011634047126087
BUREAU_OVERDUE_RATIO,WALLSMATERIAL_MODE_Wooden,0.001498926555285653
DEBT_INCOME_GROUP,"WALLSMATERIAL_MODE_Stone, brick",0.0014982292809954923
DAYS_LAST_PHONE_CHANGE,FLAG_DOCUMENT_4,0.0014956398850325965
DAYS_BIRTH,WALLSMATERIAL_MODE_Others,0.00149499111547269
AGE_YEARS,WALLSMATERIAL_MODE_Others,0.0014949911154724894
AMT_REQ_CREDIT_BUREAU_HOUR,AMT_REQ_CREDIT_BUREAU_QRT,0.001489898100870744
REGION_POPULATION_RELATIVE,FLAG_MOBIL,0.001488716846987356
FLAG_DOCUMENT_14,BUREAU_AVG_SEVERE_OVERDUE_RATIO,0.0014850588540616329
CNT_FAM_MEMBERS,AMT_REQ_CREDIT_BUREAU_HOUR,0.0014843904503087557
AVG_PAYMENT_DELAY,WALLSMATERIAL_MODE_Missing,0.001484101916990866
NAME_INCOME_TYPE_Other,WALLSMATERIAL_MODE_Missing,0.0014797685665050343
FLAG_CONT_MOBILE,WALLSMATERIAL_MODE_Wooden,0.0014774562046092905
REG_CITY_NOT_WORK_CITY,BUREAU_MAX_OVERDUE_DAYS,0.0014762630633931386
OBS_60_CNT_SOCIAL_CIRCLE,AMT_REQ_CREDIT_BUREAU_DAY,0.0014761714601020702
YEARS_BEGINEXPLUATATION_MEDI,FLAG_DOCUMENT_19,0.0014749339871483976
FLAG_DOCUMENT_2,BUREAU_MAX_OVERDUE_RATIO,0.0014733675688286278
FLAG_DOCUMENT_5,BUREAU_MAX_OVERDUE_DAYS,0.001470812603077034
DEF_60_CNT_SOCIAL_CIRCLE,FLAG_DOCUMENT_17,0.0014683291118679862
CNT_FAM_MEMBERS,BUREAU_MAX_OVERDUE_DAYS,0.0014651335553728974
FLAG_DOCUMENT_4,AMT_REQ_CREDIT_BUREAU_WEEK,0.0014648365194856363
FLAG_DOCUMENT_8,NAME_INCOME_TYPE_Other,0.001464029578553241
FLAG_DOCUMENT_3,AMT_REQ_CREDIT_BUREAU_DAY,0.0014592958492698673
REGION_RATING_CLIENT,AMT_REQ_CREDIT_BUREAU_WEEK,0.0014588058514550608
FLAG_DOCUMENT_9,FLAG_DOCUMENT_14,0.0014585660646057705
AMT_GOODS_PRICE,BUREAU_AVG_SEVERE_OVERDUE_RATIO,0.001458212920740558
FLAG_OWN_REALTY,BUREAU_MAX_OVERDUE_DAYS,0.0014555706040762725
FLAG_CONT_MOBILE,BUREAU_TOTAL_SEVERE_OVERDUE_MONTHS,0.0014553460706915053
CREDIT_INCOME_RATIO,PREVIOUS_AVG_APPLICATION,0.0014542021198584673
FLAG_DOCUMENT_7,PREVIOUS_AVG_CREDIT,0.001454189102971186
FLAG_EMAIL,FLAG_DOCUMENT_21,0.001453401052656789
FLAG_DOCUMENT_7,BUREAU_CREDIT_GROUP,0.0014451245829021047
REGION_POPULATION_RELATIVE,FLAG_DOCUMENT_12,0.00144164467213968
TOTALAREA_MODE,HAS_BUREAU_BALANCE_HISTORY,0.0014391646036821316
FLAG_DOCUMENT_13,FLAG_DOCUMENT_19,0.0014388851908155103
FLAG_DOCUMENT_17,OVERDUE_SEVERITY,0.001437625905133033
FLAG_DOCUMENT_21,NAME_INCOME_TYPE_State servant,0.0014339904746205976
FLAG_DOCUMENT_7,HAS_BUREAU_OVERDUE,0.0014311464766225035
LIVE_REGION_NOT_WORK_REGION,FLAG_DOCUMENT_21,0.001430378792863611
FLAG_DOCUMENT_17,FLAG_DOCUMENT_18,0.001426513665924787
FLAG_PHONE,WALLSMATERIAL_MODE_Monolithic,0.0014248186419792864
FLAG_DOCUMENT_16,WALLSMATERIAL_MODE_Mixed,0.0014246250748193824
FLAG_DOCUMENT_12,DEBT_INCOME_GROUP,0.001424243087210594
REG_REGION_NOT_LIVE_REGION,PREVIOUS_AVG_APPLICATION,0.001423524333829047
DAYS_REGISTRATION,AMT_REQ_CREDIT_BUREAU_QRT,0.0014171231949248449
FLAG_DOCUMENT_4,HAS_BUREAU_HISTORY,0.0014132498054186527
OBS_60_CNT_SOCIAL_CIRCLE,BUREAU_OVERDUE_COUNT,0.0014065757608630308
FLAG_DOCUMENT_5,BUREAU_AVG_SEVERE_OVERDUE_RATIO,0.0014063924831272073
REG_REGION_NOT_LIVE_REGION,BUREAU_MAX_OVERDUE_DAYS,0.0014048240675911285
AVG_PAYMENT_DELAY,EMERGENCYSTATE_MODE_No,0.0014014404239831933
AMT_REQ_CREDIT_BUREAU_DAY,PREVIOUS_APP_COUNT,0.0014006066949711462
EXT_SOURCE_3,FLAG_DOCUMENT_15,0.00139989640960018
FLAG_OWN_CAR,AMT_REQ_CREDIT_BUREAU_WEEK,0.0013991864260301248
FLAG_DOCUMENT_11,FLAG_DOCUMENT_20,0.0013989507002713408
AMT_REQ_CREDIT_BUREAU_MON,BUREAU_OVERDUE_RATIO,0.0013984259536311385
FLAG_EMAIL,FLAG_DOCUMENT_4,0.0013971023262150768
FLAG_DOCUMENT_9,FLAG_DOCUMENT_20,0.0013959941444621846
FLAG_DOCUMENT_9,BUREAU_AVG_SEVERE_OVERDUE_RATIO,0.0013929310214696956
FLAG_DOCUMENT_5,AMT_REQ_CREDIT_BUREAU_HOUR,0.0013910758061182191
FLAG_DOCUMENT_21,BUREAU_OVERDUE_RATIO,0.001390330627964384
CNT_CHILDREN,OVERDUE_SEVERITY,0.0013894642560929628
FLAG_DOCUMENT_9,AMT_REQ_CREDIT_BUREAU_WEEK,0.0013894357036144964
REG_REGION_NOT_LIVE_REGION,FLOORSMAX_MEDI,0.0013874394698016044
TOTALAREA_MODE,FLAG_DOCUMENT_10,0.001387282335107083
FLAG_DOCUMENT_8,AMT_REQ_CREDIT_BUREAU_DAY,0.0013852536445961375
FLAG_DOCUMENT_12,BUREAU_ACTIVE_COUNT,0.0013839893941185073
FLAG_OWN_CAR,BUREAU_OVERDUE_COUNT,0.0013826756840201048
REG_REGION_NOT_LIVE_REGION,FLAG_DOCUMENT_15,0.0013817301794396583
AMT_INCOME_TOTAL,BUREAU_OVERDUE_COUNT,0.0013808554923255352
FLAG_DOCUMENT_21,WALLSMATERIAL_MODE_Monolithic,0.0013776764057483316
OBS_30_CNT_SOCIAL_CIRCLE,AMT_REQ_CREDIT_BUREAU_DAY,0.0013773869799833527
FLAG_DOCUMENT_7,FLAG_DOCUMENT_16,0.0013758324362312178
HOUR_APPR_PROCESS_START,BUREAU_DEBT_INCOME_RATIO,0.0013750132062593384
DAYS_ID_PUBLISH,YEARS_BEGINEXPLUATATION_MEDI,0.0013746249589169657
FLAG_DOCUMENT_17,EMERGENCYSTATE_MODE_Yes,0.0013734752913087162
DAYS_ID_PUBLISH,NAME_INCOME_TYPE_Other,0.0013720236886879719
OBS_60_CNT_SOCIAL_CIRCLE,FLAG_DOCUMENT_19,0.0013691074557198746
BUREAU_TOTAL_SEVERE_OVERDUE_MONTHS,EMERGENCYSTATE_MODE_Yes,0.0013658761621982026
REG_REGION_NOT_WORK_REGION,BUREAU_TOTAL_SEVERE_OVERDUE_MONTHS,0.0013642586549259365
FLAG_OWN_CAR,FLAG_DOCUMENT_10,0.001363809718258587
AMT_ANNUITY,LATE_PAYMENT_COUNT,0.0013593282969816276
DEF_60_CNT_SOCIAL_CIRCLE,BUREAU_OVERDUE_RATIO,0.0013566212166515508
FLAG_DOCUMENT_17,"WALLSMATERIAL_MODE_Stone, brick",0.0013547375957340356
OBS_60_CNT_SOCIAL_CIRCLE,HAS_BUREAU_OVERDUE,0.0013518887414244662
FLAG_DOCUMENT_17,WALLSMATERIAL_MODE_Mixed,0.0013516956052982054
DAYS_ID_PUBLISH,FLAG_CONT_MOBILE,0.001351521417010034
ORGANIZATION_TYPE,FLAG_DOCUMENT_4,0.001350375772856273
FLAG_WORK_PHONE,FLAG_DOCUMENT_7,0.0013495584281860813
FLAG_DOCUMENT_7,BUREAU_TOTAL_DEBT,0.0013492860527259504
AMT_REQ_CREDIT_BUREAU_DAY,PREVIOUS_AVG_APPLICATION,0.0013479548288125804
AMT_INCOME_TOTAL,AMT_REQ_CREDIT_BUREAU_HOUR,0.0013468953094046413
BUREAU_TOTAL_OVERDUE_MONTHS,NAME_INCOME_TYPE_Working,0.0013463751813147019
AMT_REQ_CREDIT_BUREAU_HOUR,WALLSMATERIAL_MODE_Wooden,0.0013453027174909604
FLAG_OWN_REALTY,FLAG_DOCUMENT_7,0.00134386187492475
FLAG_DOCUMENT_14,FLAG_DOCUMENT_19,0.0013438132790814395
FLOORSMAX_MEDI,FLAG_DOCUMENT_19,0.0013425248669780042
FLAG_OWN_REALTY,FLAG_DOCUMENT_12,0.001339280723350147
FLAG_OWN_REALTY,FLAG_MOBIL,0.0013392807233482914
FLAG_DOCUMENT_7,BUREAU_OVERDUE_COUNT,0.0013363994815341462
HAS_BUREAU_OVERDUE,NAME_INCOME_TYPE_Other,0.001334534693518266
LATE_PAYMENT_COUNT,WALLSMATERIAL_MODE_Missing,0.0013330389941272633
FLAG_DOCUMENT_15,NAME_INCOME_TYPE_Working,0.0013295290048668243
AMT_REQ_CREDIT_BUREAU_DAY,WALLSMATERIAL_MODE_Wooden,0.0013279484423916403
FLAG_DOCUMENT_19,BUREAU_AVG_SEVERE_OVERDUE_RATIO,0.0013276689301797934
FLAG_DOCUMENT_15,DEBT_INCOME_GROUP,0.0013263554948366055
HOUR_APPR_PROCESS_START,HAS_BUREAU_OVERDUE,0.001324099254852773
BUREAU_AVG_SEVERE_OVERDUE_RATIO,WALLSMATERIAL_MODE_Mixed,0.0013239311006720445
HAS_BUREAU_BALANCE_HISTORY,WALLSMATERIAL_MODE_Mixed,0.001323165639890714
DEF_30_CNT_SOCIAL_CIRCLE,FLAG_DOCUMENT_20,0.0013226950417268434
REG_REGION_NOT_LIVE_REGION,AMT_REQ_CREDIT_BUREAU_WEEK,0.001322310291978899
CODE_GENDER,WALLSMATERIAL_MODE_Mixed,0.001321871277252345
OBS_30_CNT_SOCIAL_CIRCLE,FLAG_DOCUMENT_19,0.001320893949273523
FLAG_DOCUMENT_8,AMT_REQ_CREDIT_BUREAU_WEEK,0.0013201866604613652
FLAG_MOBIL,HAS_BUREAU_BALANCE_HISTORY,0.0013181482202911292
DEF_30_CNT_SOCIAL_CIRCLE,FLAG_DOCUMENT_11,0.0013179687875801737
FLAG_OWN_REALTY,HAS_BUREAU_BALANCE_HISTORY,0.001316348375416389
FLAG_DOCUMENT_14,EMERGENCYSTATE_MODE_Yes,0.0013157970523350359
FLAG_MOBIL,CREDIT_INCOME_RATIO,0.001311443632452185
FLAG_DOCUMENT_19,BUREAU_TOTAL_SEVERE_OVERDUE_MONTHS,0.0013109821349651478
FLAG_DOCUMENT_21,WALLSMATERIAL_MODE_Others,0.0013103748860408089
REG_REGION_NOT_LIVE_REGION,TOTALAREA_MODE,0.0013102148147319012
FLAG_DOCUMENT_8,BUREAU_MAX_OVERDUE_DAYS,0.0013069965679598668
FLOORSMAX_MEDI,FLAG_DOCUMENT_4,0.0013063203114432843
FLAG_EMP_PHONE,PREVIOUS_REFUSED_COUNT,0.001304696218426173
OBS_60_CNT_SOCIAL_CIRCLE,BUREAU_OVERDUE_RATIO,0.001304385138183182
AMT_REQ_CREDIT_BUREAU_HOUR,PREVIOUS_REFUSED_COUNT,0.00130354345209248
FLAG_DOCUMENT_4,PREVIOUS_APPROVED_COUNT,0.0013008778109609648
OBS_30_CNT_SOCIAL_CIRCLE,BUREAU_OVERDUE_COUNT,0.0012986906913412214
CREDIT_INCOME_RATIO,PREVIOUS_AVG_CREDIT,0.0012956702716281998
FLAG_DOCUMENT_4,BUREAU_MAX_OVERDUE_RATIO,0.001295186153852633
FLAG_DOCUMENT_17,NAME_INCOME_TYPE_Working,0.0012923510005953555
CNT_CHILDREN,FLAG_DOCUMENT_17,0.0012914293113684705
DEF_30_CNT_SOCIAL_CIRCLE,FLAG_DOCUMENT_10,0.0012891274527659408
OCCUPATION_TYPE,FLAG_DOCUMENT_21,0.0012878584022215863
FLAG_WORK_PHONE,WALLSMATERIAL_MODE_Others,0.0012838705605778917
FLAG_DOCUMENT_16,NAME_INCOME_TYPE_Other,0.0012829547140076419
BUREAU_CREDIT_COUNT,EMERGENCYSTATE_MODE_Yes,0.001279995527525764
NAME_CONTRACT_TYPE,EMERGENCYSTATE_MODE_Yes,0.001279150419767888
AMT_REQ_CREDIT_BUREAU_QRT,WALLSMATERIAL_MODE_Others,0.0012759121023922298
BUREAU_ACTIVE_COUNT,NAME_INCOME_TYPE_Working,0.0012732084604364033
FLAG_DOCUMENT_3,BUREAU_TOTAL_DEBT,0.0012689132541003289
LATE_PAYMENT_RATE,NAME_INCOME_TYPE_State servant,0.0012682118785870189
FLAG_DOCUMENT_6,WALLSMATERIAL_MODE_Panel,0.0012656912567704241
FLAG_DOCUMENT_7,DEBT_INCOME_GROUP,0.0012642002983538762
FLAG_DOCUMENT_10,AMT_REQ_CREDIT_BUREAU_MON,0.001263688799490413
FLAG_DOCUMENT_21,AMT_REQ_CREDIT_BUREAU_HOUR,0.0012633173126681148
PREVIOUS_REFUSED_COUNT,NAME_INCOME_TYPE_Pensioner,0.0012632576684898146
DEF_60_CNT_SOCIAL_CIRCLE,EMERGENCYSTATE_MODE_Yes,0.0012606149102329098
FLAG_PHONE,FLAG_DOCUMENT_12,0.001260238463887033
FLAG_MOBIL,FLAG_PHONE,0.00126023846387948
FLAG_DOCUMENT_4,WALLSMATERIAL_MODE_Wooden,0.0012601820882929945
FLAG_DOCUMENT_13,AVG_PAYMENT_DELAY,0.0012568615390332139
AMT_REQ_CREDIT_BUREAU_WEEK,NAME_INCOME_TYPE_State servant,0.001254076563048548
FLAG_CONT_MOBILE,HOUR_APPR_PROCESS_START,0.0012535314434016468
FLAG_DOCUMENT_12,PREVIOUS_APP_COUNT,0.001252972631077018
LIVE_REGION_NOT_WORK_REGION,BUREAU_MAX_OVERDUE_DAYS,0.0012520030844065228
FLAG_DOCUMENT_6,FLAG_DOCUMENT_10,0.0012503600282469584
FLAG_DOCUMENT_7,OVERDUE_SEVERITY,0.0012483795480445986
REGION_RATING_CLIENT,BUREAU_TOTAL_SEVERE_OVERDUE_MONTHS,0.0012481533786279368
BUREAU_OVERDUE_COUNT,NAME_INCOME_TYPE_Other,0.0012461837426425068
LATE_PAYMENT_COUNT,WALLSMATERIAL_MODE_Monolithic,0.001245748666902839
NAME_CONTRACT_TYPE,YEARS_BEGINEXPLUATATION_MEDI,0.0012427922412648316
FLAG_DOCUMENT_19,AMT_REQ_CREDIT_BUREAU_WEEK,0.0012423177037749853
AMT_CREDIT,BUREAU_AVG_SEVERE_OVERDUE_RATIO,0.0012390278095937128
FLAG_DOCUMENT_7,FLAG_DOCUMENT_18,0.0012387301030040321
HAS_BUREAU_BALANCE_HISTORY,EMERGENCYSTATE_MODE_Yes,0.0012376728167810013
LATE_PAYMENT_COUNT,EMERGENCYSTATE_MODE_No,0.0012369356207197842
FLOORSMAX_MEDI,AMT_REQ_CREDIT_BUREAU_QRT,0.0012293527341329942
LIVE_REGION_NOT_WORK_REGION,BUREAU_AVG_MONTHS_REPORTED,0.0012269833306610461
CNT_FAM_MEMBERS,FLAG_DOCUMENT_20,0.0012260877713795297
OBS_30_CNT_SOCIAL_CIRCLE,HAS_BUREAU_OVERDUE,0.0012255309824488055
ORGANIZATION_TYPE,EXT_SOURCE_2,0.0012238587959232615
FLAG_DOCUMENT_17,BUREAU_OVERDUE_RATIO,0.0012216690431729714
CNT_CHILDREN,BUREAU_TOTAL_SEVERE_OVERDUE_MONTHS,0.0012202301805865291
OBS_30_CNT_SOCIAL_CIRCLE,BUREAU_MAX_OVERDUE_DAYS,0.0012186171318987352
OBS_60_CNT_SOCIAL_CIRCLE,BUREAU_MAX_OVERDUE_DAYS,0.0012180234048463862
CNT_FAM_MEMBERS,AMT_REQ_CREDIT_BUREAU_DAY,0.0012173514773945434
FLAG_DOCUMENT_7,LATE_PAYMENT_COUNT,0.0012141855903949597
AMT_GOODS_PRICE,FLAG_DOCUMENT_10,0.0012123483214145532
FLAG_DOCUMENT_17,WALLSMATERIAL_MODE_Monolithic,0.001210549909899354
FLAG_DOCUMENT_20,BUREAU_AVG_SEVERE_OVERDUE_RATIO,0.001207068850202967
REG_REGION_NOT_WORK_REGION,FLAG_DOCUMENT_2,0.0012067139439453413
AMT_REQ_CREDIT_BUREAU_DAY,PREVIOUS_UNUSED_COUNT,0.0012051921962720471
YEARS_BEGINEXPLUATATION_MEDI,BUREAU_MAX_OVERDUE_RATIO,0.0012045457988208213
FLAG_DOCUMENT_8,FLAG_DOCUMENT_10,0.0012002830641644727
HOUR_APPR_PROCESS_START,FLAG_DOCUMENT_7,0.0011995421600915054
FLAG_OWN_REALTY,BUREAU_OVERDUE_COUNT,0.0011984528911704075
FLAG_DOCUMENT_7,BUREAU_ACTIVE_RATIO,0.0011984472610771966
FLAG_DOCUMENT_9,BUREAU_OVERDUE_COUNT,0.0011974599205711912
FLAG_DOCUMENT_7,EMERGENCYSTATE_MODE_Yes,0.0011926735997817243
FLAG_DOCUMENT_20,BUREAU_TOTAL_SEVERE_OVERDUE_MONTHS,0.0011918978160276048
DAYS_ID_PUBLISH,AVG_PAYMENT_DELAY,0.0011887636612923794
BUREAU_OVERDUE_RATIO,WALLSMATERIAL_MODE_Monolithic,0.0011869201480156208
FLAG_MOBIL,OBS_30_CNT_SOCIAL_CIRCLE,0.001182428920066992
OBS_30_CNT_SOCIAL_CIRCLE,BUREAU_OVERDUE_RATIO,0.0011820551372813996
DAYS_BIRTH,BUREAU_TOTAL_OVERDUE_MONTHS,0.001181921160478327
AGE_YEARS,BUREAU_TOTAL_OVERDUE_MONTHS,0.0011819211604780933
YEARS_BEGINEXPLUATATION_MEDI,FLAG_DOCUMENT_8,0.001181205281521978
BUREAU_TOTAL_SEVERE_OVERDUE_MONTHS,NAME_INCOME_TYPE_Working,0.0011798996334261838
FLAG_MOBIL,OBS_60_CNT_SOCIAL_CIRCLE,0.0011787524559276946
BUREAU_OVERDUE_RATIO,WALLSMATERIAL_MODE_Mixed,0.0011764681946207077
FLAG_WORK_PHONE,FLAG_DOCUMENT_17,0.0011750717137108846
NAME_EDUCATION_TYPE,FLAG_DOCUMENT_12,0.0011745048358850626
FLAG_DOCUMENT_7,WALLSMATERIAL_MODE_Mixed,0.001173760950474783
BUREAU_OVERDUE_RATIO,WALLSMATERIAL_MODE_Panel,0.0011736055037009727
FLAG_DOCUMENT_4,BUREAU_AVG_OVERDUE_RATIO,0.0011734595076774421
FLAG_DOCUMENT_4,FLAG_DOCUMENT_5,0.0011715021579900154
FLAG_DOCUMENT_4,NAME_INCOME_TYPE_Working,0.0011708992937774268
FLAG_OWN_REALTY,REGION_RATING_CLIENT_W_CITY,0.00117017588288612
AMT_REQ_CREDIT_BUREAU_DAY,AVG_PAYMENT_DELAY,0.0011698644402976261
FLAG_MOBIL,PREVIOUS_REFUSAL_RATE,0.0011697354865379346
FLAG_DOCUMENT_12,PREVIOUS_REFUSAL_RATE,0.0011697354865377377
REG_REGION_NOT_LIVE_REGION,FLAG_DOCUMENT_4,0.0011678175815844646
CNT_CHILDREN,FLAG_MOBIL,0.0011668541236311922
CNT_CHILDREN,FLAG_DOCUMENT_12,0.0011668541236248629
OVERDUE_SEVERITY,NAME_INCOME_TYPE_Other,0.0011641057325424517
FLAG_DOCUMENT_15,WALLSMATERIAL_MODE_Mixed,0.0011617632005700366
FLAG_DOCUMENT_2,BUREAU_AVG_OVERDUE_RATIO,0.0011617384185767696
NAME_CONTRACT_TYPE,AMT_REQ_CREDIT_BUREAU_HOUR,0.0011606953097238802
FLAG_DOCUMENT_20,WALLSMATERIAL_MODE_Wooden,0.0011572324417487238
BUREAU_OVERDUE_COUNT,EMERGENCYSTATE_MODE_Yes,0.0011559117244793016
FLAG_DOCUMENT_18,NAME_INCOME_TYPE_Other,0.0011551076883937572
DAYS_REGISTRATION,HAS_BUREAU_OVERDUE,0.001152061820123978
FLAG_DOCUMENT_17,WALLSMATERIAL_MODE_Others,0.0011514127654449913
AMT_REQ_CREDIT_BUREAU_DAY,BUREAU_AVG_SEVERE_OVERDUE_RATIO,0.001151003879176935
AMT_REQ_CREDIT_BUREAU_YEAR,WALLSMATERIAL_MODE_Others,0.001148724709141235
DAYS_EMPLOYED,PREVIOUS_REFUSED_COUNT,0.0011465319340801332
BUREAU_DEBT_INCOME_RATIO,WALLSMATERIAL_MODE_Wooden,0.0011448746060752867
FLAG_DOCUMENT_10,PREVIOUS_APPROVED_COUNT,0.001143708096668178
OCCUPATION_TYPE,FLAG_DOCUMENT_10,0.001143067172797385
FLAG_DOCUMENT_18,BUREAU_CREDIT_GROUP,0.001141210752022827
TOTALAREA_MODE,PREVIOUS_UNUSED_COUNT,0.0011399624698714703
HOUR_APPR_PROCESS_START,BUREAU_OVERDUE_COUNT,0.0011398488123240678
AMT_REQ_CREDIT_BUREAU_WEEK,OVERDUE_SEVERITY,0.0011357317742674976
DEF_30_CNT_SOCIAL_CIRCLE,PREVIOUS_AVG_CREDIT,0.0011355175123357406
FLAG_CONT_MOBILE,AMT_REQ_CREDIT_BUREAU_DAY,0.0011347822990365177
YEARS_BEGINEXPLUATATION_MEDI,OBS_30_CNT_SOCIAL_CIRCLE,0.0011334624637999889
NAME_EDUCATION_TYPE,FLAG_MOBIL,0.00113256627291684
CNT_CHILDREN,BUREAU_MAX_OVERDUE_DAYS,0.0011296416044574193
FLAG_PHONE,AMT_REQ_CREDIT_BUREAU_DAY,0.001128927465651591
EXT_SOURCE_2,NAME_INCOME_TYPE_Other,0.001128616755694951
LATE_PAYMENT_COUNT,EMERGENCYSTATE_MODE_Yes,0.00112814583379663
YEARS_BEGINEXPLUATATION_MEDI,FLAG_DOCUMENT_16,0.0011262026708262107
HAS_BUREAU_HISTORY,WALLSMATERIAL_MODE_Mixed,0.0011260312550450562
CNT_CHILDREN,FLAG_DOCUMENT_9,0.00112578800112095
TOTALAREA_MODE,FLAG_DOCUMENT_20,0.001121671223134508
AMT_REQ_CREDIT_BUREAU_DAY,UNDERPAYMENT_RATE,0.0011211556533816194
DEF_60_CNT_SOCIAL_CIRCLE,CREDIT_INCOME_RATIO,0.0011185060352516204
FLAG_DOCUMENT_10,NAME_INCOME_TYPE_State servant,0.0011165227419876213
FLAG_DOCUMENT_11,FLAG_DOCUMENT_21,0.0011165170923400404
DAYS_LAST_PHONE_CHANGE,AMT_REQ_CREDIT_BUREAU_DAY,0.0011147034959011189
FLAG_DOCUMENT_9,FLAG_DOCUMENT_21,0.0011141574344230736
NAME_INCOME_TYPE_Other,EMERGENCYSTATE_MODE_Yes,0.0011121603015145757
FLAG_DOCUMENT_17,AMT_REQ_CREDIT_BUREAU_HOUR,0.0011100637658042274
DEF_60_CNT_SOCIAL_CIRCLE,FLAG_DOCUMENT_10,0.0011080399158044279
FLAG_DOCUMENT_18,AMT_REQ_CREDIT_BUREAU_HOUR,0.0011073841823093487
DAYS_ID_PUBLISH,FLAG_DOCUMENT_5,0.0011062141127699265
REG_CITY_NOT_WORK_CITY,FLAG_DOCUMENT_12,0.0011051583206284272
FLAG_MOBIL,REG_CITY_NOT_WORK_CITY,0.0011051583206250835
FLAG_DOCUMENT_18,EMERGENCYSTATE_MODE_Yes,0.0011041040568480478
LIVE_CITY_NOT_WORK_CITY,FLAG_DOCUMENT_13,0.0011034564807615565
AMT_REQ_CREDIT_BUREAU_HOUR,WALLSMATERIAL_MODE_Mixed,0.001103351241547174
BUREAU_MAX_OVERDUE_RATIO,NAME_INCOME_TYPE_Other,0.0011002852444907056
OBS_30_CNT_SOCIAL_CIRCLE,FLAG_DOCUMENT_4,0.0010997690735177527
FLAG_CONT_MOBILE,BUREAU_OVERDUE_RATIO,0.0010988910061711956
BUREAU_TOTAL_SEVERE_OVERDUE_MONTHS,WALLSMATERIAL_MODE_Wooden,0.0010983031224331304
REG_REGION_NOT_WORK_REGION,BUREAU_MAX_OVERDUE_DAYS,0.0010956849741832117
AMT_REQ_CREDIT_BUREAU_HOUR,PREVIOUS_REFUSAL_RATE,0.0010956508232631717
DEF_30_CNT_SOCIAL_CIRCLE,EMERGENCYSTATE_MODE_Yes,0.00109555661237814
NAME_INCOME_TYPE_Other,WALLSMATERIAL_MODE_Mixed,0.0010945243802034208
DEF_30_CNT_SOCIAL_CIRCLE,AGE_YEARS,0.0010942838529714896
DAYS_BIRTH,DEF_30_CNT_SOCIAL_CIRCLE,0.0010942838529714386
FLAG_MOBIL,UNDERPAYMENT_RATE,0.001091582556015087
FLAG_DOCUMENT_12,UNDERPAYMENT_RATE,0.0010915825560134382
AMT_GOODS_PRICE,FLAG_DOCUMENT_7,0.0010878821306436277
REGION_RATING_CLIENT,LATE_PAYMENT_RATE,0.0010868614070672778
FLAG_DOCUMENT_11,AMT_REQ_CREDIT_BUREAU_WEEK,0.0010845215038806303
REG_REGION_NOT_LIVE_REGION,WALLSMATERIAL_MODE_Others,0.0010818053593505364
REGION_POPULATION_RELATIVE,BUREAU_MAX_OVERDUE_DAYS,0.0010809225707596548
FLAG_DOCUMENT_11,BUREAU_ACTIVE_RATIO,0.0010772205296494062
OVERDUE_SEVERITY,NAME_INCOME_TYPE_Working,0.0010763714901729346
YEARS_BEGINEXPLUATATION_MEDI,PREVIOUS_UNUSED_COUNT,0.001076251585588636
TOTALAREA_MODE,FLAG_DOCUMENT_19,0.001073133650225451
FLAG_CONT_MOBILE,FLAG_DOCUMENT_19,0.0010714157177467822
REGION_RATING_CLIENT,AVG_PAYMENT_DELAY,0.0010709358346950597
FLAG_DOCUMENT_16,BUREAU_OVERDUE_COUNT,0.001070876511842096
LIVE_REGION_NOT_WORK_REGION,AMT_REQ_CREDIT_BUREAU_WEEK,0.0010688641866172857
YEARS_BEGINEXPLUATATION_MEDI,OBS_60_CNT_SOCIAL_CIRCLE,0.0010680910962820975
FLAG_DOCUMENT_16,BUREAU_TOTAL_SEVERE_OVERDUE_MONTHS,0.001066632321863555
FLAG_PHONE,BUREAU_TOTAL_SEVERE_OVERDUE_MONTHS,0.00106530990942184
FLAG_EMP_PHONE,BUREAU_OVERDUE_RATIO,0.0010645542023573853
FLAG_MOBIL,BUREAU_AVG_MONTHS_REPORTED,0.0010637518897671843
FLAG_DOCUMENT_7,BUREAU_OVERDUE_RATIO,0.0010608508392419775
FLAG_DOCUMENT_19,AVG_PAYMENT_DELAY,0.0010593025080974706
DAYS_LAST_PHONE_CHANGE,BUREAU_OVERDUE_COUNT,0.0010587790770651714
OCCUPATION_TYPE,EMERGENCYSTATE_MODE_Yes,0.0010565074525850972
FLAG_OWN_CAR,FLAG_DOCUMENT_19,0.001053110659953323
REG_CITY_NOT_LIVE_CITY,NAME_INCOME_TYPE_Other,0.001051762217832637
FLAG_DOCUMENT_7,WALLSMATERIAL_MODE_Monolithic,0.0010511954076577105
REGION_POPULATION_RELATIVE,BUREAU_MAX_OVERDUE_RATIO,0.0010508196980790981
AMT_GOODS_PRICE,AMT_REQ_CREDIT_BUREAU_HOUR,0.0010499146164176412
BUREAU_OVERDUE_RATIO,NAME_INCOME_TYPE_Pensioner,0.0010483060155465384
FLAG_DOCUMENT_20,PREVIOUS_CANCELED_COUNT,0.001046111684220595
OBS_60_CNT_SOCIAL_CIRCLE,FLAG_DOCUMENT_4,0.001042958323741398
LIVE_REGION_NOT_WORK_REGION,HAS_BUREAU_OVERDUE,0.0010420755775048568
FLAG_DOCUMENT_12,"WALLSMATERIAL_MODE_Stone, brick",0.001042045480595662
FLAG_MOBIL,"WALLSMATERIAL_MODE_Stone, brick",0.0010420454805949927
DEF_60_CNT_SOCIAL_CIRCLE,BUREAU_AVG_MONTHS_REPORTED,0.0010395397007963417
DEF_60_CNT_SOCIAL_CIRCLE,AGE_YEARS,0.001039372954368715
DAYS_BIRTH,DEF_60_CNT_SOCIAL_CIRCLE,0.0010393729543686984
LIVE_REGION_NOT_WORK_REGION,NAME_INCOME_TYPE_Other,0.0010380418798093699
FLAG_MOBIL,PREVIOUS_CANCELED_COUNT,0.001037970259732981
FLAG_DOCUMENT_12,PREVIOUS_CANCELED_COUNT,0.001037970259731959
FLAG_DOCUMENT_21,AMT_REQ_CREDIT_BUREAU_DAY,0.0010375832628018678
BUREAU_ACTIVE_RATIO,WALLSMATERIAL_MODE_Monolithic,0.001037559267373298
FLAG_DOCUMENT_2,AMT_REQ_CREDIT_BUREAU_WEEK,0.0010357726776796935
HOUR_APPR_PROCESS_START,BUREAU_TOTAL_OVERDUE_MONTHS,0.001035094173837347
BUREAU_OVERDUE_RATIO,WALLSMATERIAL_MODE_Others,0.0010344573992266928
DEF_60_CNT_SOCIAL_CIRCLE,HAS_BUREAU_HISTORY,0.0010303829864920008
OVERDUE_SEVERITY,WALLSMATERIAL_MODE_Others,0.001029538599868269
DAYS_LAST_PHONE_CHANGE,BUREAU_TOTAL_SEVERE_OVERDUE_MONTHS,0.0010284721469021102
FLAG_DOCUMENT_12,CREDIT_INCOME_RATIO,0.0010269472770992475
FLAG_DOCUMENT_5,AMT_REQ_CREDIT_BUREAU_DAY,0.0010257512900946806
YEARS_BEGINEXPLUATATION_MEDI,FLAG_DOCUMENT_17,0.0010240573327088918
DAYS_REGISTRATION,BUREAU_AVG_SEVERE_OVERDUE_RATIO,0.0010235186101124685
BUREAU_MAX_OVERDUE_DAYS,PREVIOUS_CANCELED_COUNT,0.0010230104591412023
FLAG_DOCUMENT_14,AMT_REQ_CREDIT_BUREAU_HOUR,0.0010210860709650618
DAYS_EMPLOYED,FLAG_DOCUMENT_12,0.0010190648413760694
PREVIOUS_CANCELED_COUNT,EMERGENCYSTATE_MODE_Yes,0.0010157641128172997
DEF_30_CNT_SOCIAL_CIRCLE,HAS_BUREAU_HISTORY,0.0010156791723108544
AMT_INCOME_TOTAL,BUREAU_AVG_SEVERE_OVERDUE_RATIO,0.0010134300910954771
FLAG_DOCUMENT_10,BUREAU_TOTAL_DEBT,0.001012792380568684
FLAG_DOCUMENT_16,BUREAU_MAX_OVERDUE_DAYS,0.0010120568237888484
AMT_REQ_CREDIT_BUREAU_WEEK,BUREAU_OVERDUE_COUNT,0.0010101309436309862
BUREAU_TOTAL_DEBT,LATE_PAYMENT_COUNT,0.0010098465610869595
FLAG_DOCUMENT_2,BUREAU_TOTAL_OVERDUE_MONTHS,0.0010094065599987963
EXT_SOURCE_2,FLAG_DOCUMENT_2,0.0010071037730950312
FLAG_MOBIL,FLAG_WORK_PHONE,0.0010070763413732079
FLAG_WORK_PHONE,FLAG_DOCUMENT_12,0.0010070763413728271
REG_REGION_NOT_LIVE_REGION,WALLSMATERIAL_MODE_Monolithic,0.001004291450071973
AMT_REQ_CREDIT_BUREAU_DAY,PREVIOUS_REFUSED_COUNT,0.0010022535637569919
BUREAU_MAX_OVERDUE_DAYS,WALLSMATERIAL_MODE_Mixed,0.0010017821998218194
FLAG_DOCUMENT_6,BUREAU_OVERDUE_COUNT,0.001000158208745444
FLAG_DOCUMENT_7,WALLSMATERIAL_MODE_Others,0.0009998429651322102
BUREAU_MAX_OVERDUE_DAYS,BUREAU_DEBT_INCOME_RATIO,0.0009997758825848729
FLAG_DOCUMENT_7,AVG_PAYMENT_DELAY,0.00099925544932253
FLAG_DOCUMENT_3,AMT_REQ_CREDIT_BUREAU_HOUR,0.0009965667731324853
FLAG_DOCUMENT_5,"WALLSMATERIAL_MODE_Stone, brick",0.00099593415073979
DAYS_EMPLOYED,BUREAU_OVERDUE_RATIO,0.0009933120419419773
DAYS_LAST_PHONE_CHANGE,FLAG_DOCUMENT_2,0.0009909196180914346
FLAG_DOCUMENT_4,HAS_BUREAU_OVERDUE,0.0009896812056075781
BUREAU_OVERDUE_RATIO,NAME_INCOME_TYPE_Other,0.0009892364427696572
HAS_BUREAU_OVERDUE,WALLSMATERIAL_MODE_Others,0.0009883955245785494
DAYS_EMPLOYED,FLAG_DOCUMENT_7,0.0009829538186231408
FLOORSMAX_MEDI,FLAG_DOCUMENT_2,0.000982802748275477
FLAG_DOCUMENT_11,FLAG_DOCUMENT_17,0.0009810719410550661
NAME_INCOME_TYPE_Other,WALLSMATERIAL_MODE_Monolithic,0.000980232816208324
FLAG_DOCUMENT_21,BUREAU_ACTIVE_COUNT,0.000979085678689348
FLAG_DOCUMENT_14,AMT_REQ_CREDIT_BUREAU_WEEK,0.0009790483955446122
DEBT_INCOME_GROUP,WALLSMATERIAL_MODE_Wooden,0.0009763419483769131
FLAG_DOCUMENT_14,FLAG_DOCUMENT_21,0.0009750887474836608
FLAG_CONT_MOBILE,FLAG_DOCUMENT_20,0.0009740926439658655
FLAG_DOCUMENT_5,BUREAU_CREDIT_GROUP,0.0009732744851753282
HAS_BUREAU_BALANCE_HISTORY,NAME_INCOME_TYPE_Working,0.0009686029853458604
FLAG_DOCUMENT_7,AMT_REQ_CREDIT_BUREAU_HOUR,0.0009639370696559668
FLAG_DOCUMENT_21,BUREAU_AVG_SEVERE_OVERDUE_RATIO,0.0009633741936877566
LIVE_CITY_NOT_WORK_CITY,AVG_PAYMENT_DELAY,0.0009625637019122939
CNT_CHILDREN,BUREAU_OVERDUE_RATIO,0.0009608519859020062
FLAG_MOBIL,BUREAU_BALANCE_CREDIT_COUNT,0.0009604907517546744
HAS_BUREAU_OVERDUE,EMERGENCYSTATE_MODE_Yes,0.0009603846523651506
AMT_INCOME_TOTAL,FLAG_DOCUMENT_2,0.0009555152651500244
BUREAU_AVG_SEVERE_OVERDUE_RATIO,NAME_INCOME_TYPE_Working,0.0009547149353792695
FLAG_DOCUMENT_17,AVG_PAYMENT_DELAY,0.000954089314596833
FLAG_DOCUMENT_17,BUREAU_CREDIT_COUNT,0.0009522433023390143
DEF_30_CNT_SOCIAL_CIRCLE,AMT_REQ_CREDIT_BUREAU_DAY,0.0009520655018212938
FLAG_DOCUMENT_4,FLAG_DOCUMENT_16,0.000951429868602095
FLAG_DOCUMENT_19,PREVIOUS_CANCELED_COUNT,0.0009513103310812562
FLAG_DOCUMENT_21,BUREAU_TOTAL_SEVERE_OVERDUE_MONTHS,0.0009512660336489783
FLAG_CONT_MOBILE,BUREAU_CREDIT_COUNT,0.0009472955029581521
BUREAU_OVERDUE_RATIO,PREVIOUS_UNUSED_COUNT,0.0009471987463167245
FLAG_DOCUMENT_4,NAME_INCOME_TYPE_State servant,0.0009470719874472411
FLAG_OWN_CAR,FLAG_DOCUMENT_2,0.0009470329337040442
ORGANIZATION_TYPE,YEARS_BEGINEXPLUATATION_MEDI,0.0009464220466407251
LIVE_CITY_NOT_WORK_CITY,FLAG_DOCUMENT_12,0.0009457683827216835
FLAG_MOBIL,LIVE_CITY_NOT_WORK_CITY,0.0009457683827169495
AMT_REQ_CREDIT_BUREAU_DAY,EMERGENCYSTATE_MODE_Yes,0.0009454624856889695
LIVE_REGION_NOT_WORK_REGION,WALLSMATERIAL_MODE_Mixed,0.0009434118658053653
FLAG_EMP_PHONE,FLAG_DOCUMENT_12,0.0009429585750339643
FLAG_MOBIL,FLAG_EMP_PHONE,0.0009429585750283919
FLAG_DOCUMENT_12,NAME_INCOME_TYPE_Pensioner,0.0009426982887119906
FLAG_MOBIL,NAME_INCOME_TYPE_Pensioner,0.0009426982887065594
FLAG_DOCUMENT_2,WALLSMATERIAL_MODE_Panel,0.0009423731779114837
DEBT_INCOME_GROUP,BUREAU_TOTAL_SEVERE_OVERDUE_MONTHS,0.0009419850173679268
DAYS_BIRTH,FLAG_DOCUMENT_7,0.0009381626526655915
FLAG_DOCUMENT_7,AGE_YEARS,0.0009381626526654325
FLAG_DOCUMENT_6,WALLSMATERIAL_MODE_Others,0.0009352884899748135
DEF_30_CNT_SOCIAL_CIRCLE,BUREAU_CREDIT_GROUP,0.0009339138650318561
NAME_INCOME_TYPE_Other,WALLSMATERIAL_MODE_Others,0.0009323470006984021
REGION_RATING_CLIENT,FLAG_DOCUMENT_7,0.000931282147990314
FLAG_DOCUMENT_4,PREVIOUS_CANCELED_COUNT,0.0009312281295395637
FLAG_DOCUMENT_3,FLAG_DOCUMENT_15,0.000927697592685975
OCCUPATION_TYPE,WALLSMATERIAL_MODE_Panel,0.0009250824837773208
FLAG_DOCUMENT_4,BUREAU_OVERDUE_COUNT,0.0009241607841423585
OBS_60_CNT_SOCIAL_CIRCLE,FLAG_DOCUMENT_7,0.0009215175311499861
FLAG_DOCUMENT_15,WALLSMATERIAL_MODE_Others,0.0009181692621522782
REGION_POPULATION_RELATIVE,AMT_REQ_CREDIT_BUREAU_WEEK,0.0009179529442808768
FLAG_DOCUMENT_13,FLAG_DOCUMENT_17,0.0009174171156683158
FLAG_WORK_PHONE,EMERGENCYSTATE_MODE_Yes,0.0009171321818859004
BUREAU_OVERDUE_RATIO,BUREAU_BALANCE_CREDIT_COUNT,0.0009168357982117458
DAYS_EMPLOYED,FLAG_MOBIL,0.0009128127594613052
OBS_60_CNT_SOCIAL_CIRCLE,FLAG_DOCUMENT_2,0.0009120217707581522
FLAG_DOCUMENT_17,AMT_REQ_CREDIT_BUREAU_DAY,0.0009117136070973948
FLAG_MOBIL,PREVIOUS_REFUSED_COUNT,0.0009067167603305587
FLAG_DOCUMENT_12,PREVIOUS_REFUSED_COUNT,0.0009067167603291693
REG_CITY_NOT_LIVE_CITY,HAS_BUREAU_BALANCE_HISTORY,0.0009032098018546572
FLAG_CONT_MOBILE,HAS_BUREAU_OVERDUE,0.0009026053231222561
FLAG_DOCUMENT_9,FLAG_DOCUMENT_13,0.000901419333830774
REG_REGION_NOT_LIVE_REGION,UNDERPAYMENT_RATE,0.0009004415665250804
AVG_PAYMENT_DELAY,NAME_INCOME_TYPE_Working,0.0008998482523357965
AMT_REQ_CREDIT_BUREAU_HOUR,NAME_INCOME_TYPE_Other,0.0008988649889004536
EXT_SOURCE_2,PREVIOUS_APPROVAL_RATE,0.0008972485675238372
AMT_REQ_CREDIT_BUREAU_DAY,CREDIT_INCOME_RATIO,0.0008950818526486423
YEARS_BEGINEXPLUATATION_MEDI,WALLSMATERIAL_MODE_Mixed,0.0008948946948651265
FLAG_DOCUMENT_5,BUREAU_AVG_OVERDUE_RATIO,0.000893278826442018
BUREAU_AVG_MONTHS_REPORTED,PREVIOUS_UNUSED_COUNT,0.000889885696922315
DEF_60_CNT_SOCIAL_CIRCLE,BUREAU_CREDIT_GROUP,0.0008891752100079686
FLAG_OWN_REALTY,BUREAU_OVERDUE_RATIO,0.0008887333573881664
FLAG_DOCUMENT_10,BUREAU_MAX_OVERDUE_RATIO,0.0008884614326938779
FLAG_DOCUMENT_21,BUREAU_MAX_OVERDUE_DAYS,0.0008872221934363304
FLAG_MOBIL,AMT_REQ_CREDIT_BUREAU_YEAR,0.0008870373630247918
FLAG_DOCUMENT_12,AMT_REQ_CREDIT_BUREAU_YEAR,0.0008870373630214071
REGION_POPULATION_RELATIVE,DEF_60_CNT_SOCIAL_CIRCLE,0.0008866262103928972
OBS_30_CNT_SOCIAL_CIRCLE,FLAG_DOCUMENT_7,0.000885834972945707
CNT_CHILDREN,AMT_REQ_CREDIT_BUREAU_WEEK,0.0008851578969484865
YEARS_BEGINEXPLUATATION_MEDI,FLAG_DOCUMENT_14,0.000884048539146564
AMT_REQ_CREDIT_BUREAU_WEEK,PREVIOUS_APPROVAL_RATE,0.0008822267288667549
AMT_ANNUITY,REG_CITY_NOT_WORK_CITY,0.0008762856994979053
NAME_CONTRACT_TYPE,PREVIOUS_UNUSED_COUNT,0.0008752414904818092
FLAG_PHONE,BUREAU_TOTAL_OVERDUE_MONTHS,0.0008743562549437014
DAYS_ID_PUBLISH,FLAG_DOCUMENT_10,0.000873830687385548
FLAG_EMAIL,FLAG_DOCUMENT_5,0.0008732630555502004
REG_CITY_NOT_WORK_CITY,FLAG_DOCUMENT_13,0.0008687173696815445
BUREAU_ACTIVE_COUNT,WALLSMATERIAL_MODE_Wooden,0.0008674850860073716
FLAG_DOCUMENT_17,AMT_REQ_CREDIT_BUREAU_QRT,0.0008669844307517772
LIVE_CITY_NOT_WORK_CITY,AMT_REQ_CREDIT_BUREAU_HOUR,0.0008661585928549032
FLAG_DOCUMENT_4,OVERDUE_SEVERITY,0.0008632923298531797
YEARS_BEGINEXPLUATATION_MEDI,FLAG_DOCUMENT_7,0.0008621259006764282
REGION_RATING_CLIENT,NAME_INCOME_TYPE_State servant,0.000862034001824346
BUREAU_TOTAL_SEVERE_OVERDUE_MONTHS,NAME_INCOME_TYPE_State servant,0.0008601987582051435
FLAG_OWN_CAR,FLAG_DOCUMENT_7,0.0008592405600625908
EXT_SOURCE_2,YEARS_BEGINEXPLUATATION_MEDI,0.0008582858974663776
OBS_30_CNT_SOCIAL_CIRCLE,FLAG_DOCUMENT_2,0.0008573035349839575
FLAG_DOCUMENT_14,FLAG_DOCUMENT_17,0.0008568003273373627
FLAG_DOCUMENT_4,FLAG_DOCUMENT_18,0.0008566194458701738
FLAG_DOCUMENT_4,LATE_PAYMENT_COUNT,0.0008564386043725431
DEF_60_CNT_SOCIAL_CIRCLE,NAME_INCOME_TYPE_Other,0.0008561546872181826
FLAG_DOCUMENT_15,FLAG_DOCUMENT_19,0.0008558554057545447
FLAG_CONT_MOBILE,BUREAU_MAX_OVERDUE_RATIO,0.0008546655719785839
ORGANIZATION_TYPE,FLAG_DOCUMENT_9,0.0008545491644431473
YEARS_BEGINEXPLUATATION_MEDI,BUREAU_AVG_SEVERE_OVERDUE_RATIO,0.0008530175570867745
FLAG_DOCUMENT_5,WALLSMATERIAL_MODE_Missing,0.0008522727577030137
FLAG_DOCUMENT_7,FLAG_DOCUMENT_11,0.0008519254849266992
YEARS_BEGINEXPLUATATION_MEDI,BUREAU_TOTAL_SEVERE_OVERDUE_MONTHS,0.0008517458595889214
FLAG_CONT_MOBILE,CNT_FAM_MEMBERS,0.0008512477796681116
FLAG_DOCUMENT_7,FLAG_DOCUMENT_9,0.0008501250174470522
DEF_60_CNT_SOCIAL_CIRCLE,FLAG_DOCUMENT_20,0.0008489658124718511
CODE_GENDER,DAYS_ID_PUBLISH,0.000847056589257233
FLAG_DOCUMENT_17,BUREAU_AVG_SEVERE_OVERDUE_RATIO,0.0008465068709183473
DAYS_BIRTH,WALLSMATERIAL_MODE_Mixed,0.0008463086116971312
AGE_YEARS,WALLSMATERIAL_MODE_Mixed,0.0008463086116970365
DEF_30_CNT_SOCIAL_CIRCLE,DAYS_LAST_PHONE_CHANGE,0.0008458557327476481
DAYS_BIRTH,NAME_INCOME_TYPE_Other,0.0008454327616193346
AGE_YEARS,NAME_INCOME_TYPE_Other,0.0008454327616193204
HOUR_APPR_PROCESS_START,DEBT_INCOME_GROUP,0.0008452254193495801
FLAG_DOCUMENT_4,PREVIOUS_UNUSED_COUNT,0.0008438648099839759
FLAG_DOCUMENT_18,WALLSMATERIAL_MODE_Others,0.0008433670839602086
REG_REGION_NOT_LIVE_REGION,HAS_BUREAU_BALANCE_HISTORY,0.0008426706318875952
FLOORSMAX_MEDI,FLAG_DOCUMENT_10,0.0008426045328743296
OBS_30_CNT_SOCIAL_CIRCLE,FLAG_DOCUMENT_20,0.0008422294118804896
AMT_REQ_CREDIT_BUREAU_HOUR,AVG_PAYMENT_DELAY,0.0008402931351713491
REG_REGION_NOT_WORK_REGION,AMT_REQ_CREDIT_BUREAU_WEEK,0.0008394565856074451
AMT_REQ_CREDIT_BUREAU_QRT,BUREAU_MAX_OVERDUE_DAYS,0.0008393585516425189
DAYS_ID_PUBLISH,FLAG_DOCUMENT_7,0.0008371082969985631
CNT_FAM_MEMBERS,BUREAU_TOTAL_SEVERE_OVERDUE_MONTHS,0.0008363546926813772
FLAG_DOCUMENT_17,BUREAU_TOTAL_SEVERE_OVERDUE_MONTHS,0.0008358675567928908
LIVE_REGION_NOT_WORK_REGION,FLAG_DOCUMENT_10,0.0008355983195114239
BUREAU_AVG_OVERDUE_RATIO,PREVIOUS_APPROVED_COUNT,0.0008343063849388518
REG_CITY_NOT_LIVE_CITY,FLAG_DOCUMENT_13,0.0008335522446081064
AMT_REQ_CREDIT_BUREAU_HOUR,PREVIOUS_AVG_CREDIT,0.0008329894070517486
PREVIOUS_REFUSED_COUNT,"WALLSMATERIAL_MODE_Stone, brick",0.0008301575312558374
REGION_POPULATION_RELATIVE,AMT_REQ_CREDIT_BUREAU_DAY,0.0008290941015978222
FLAG_DOCUMENT_2,FLAG_DOCUMENT_5,0.000828358599029826
AMT_INCOME_TOTAL,FLAG_DOCUMENT_5,0.0008282410960598803
REG_REGION_NOT_LIVE_REGION,FLAG_DOCUMENT_2,0.0008257532683195788
FLAG_DOCUMENT_4,EMERGENCYSTATE_MODE_Yes,0.0008247699766651262
FLAG_DOCUMENT_12,HAS_BUREAU_HISTORY,0.0008244620079339055
FLAG_DOCUMENT_20,NAME_INCOME_TYPE_State servant,0.0008239699608633414
AMT_REQ_CREDIT_BUREAU_QRT,OVERDUE_SEVERITY,0.000821235080358191
DAYS_EMPLOYED,HAS_BUREAU_OVERDUE,0.0008195959829880822
FLAG_DOCUMENT_9,BUREAU_TOTAL_SEVERE_OVERDUE_MONTHS,0.000819354769053613
LIVE_REGION_NOT_WORK_REGION,AMT_REQ_CREDIT_BUREAU_HOUR,0.0008192936772121883
HAS_BUREAU_OVERDUE,WALLSMATERIAL_MODE_Panel,0.0008190261054829744
OVERDUE_SEVERITY,WALLSMATERIAL_MODE_Monolithic,0.0008186298822539493
BUREAU_MAX_OVERDUE_DAYS,PREVIOUS_AVG_CREDIT,0.0008171308945852508
FLAG_DOCUMENT_12,PREVIOUS_APPROVED_COUNT,0.0008165740817339751
LIVE_REGION_NOT_WORK_REGION,FLAG_DOCUMENT_20,0.0008153074639969108
FLAG_DOCUMENT_7,WALLSMATERIAL_MODE_Missing,0.0008138290410106743
TOTALAREA_MODE,FLAG_DOCUMENT_2,0.0008133860389647344
NAME_EDUCATION_TYPE,AVG_PAYMENT_DELAY,0.0008130673318566733
FLAG_DOCUMENT_16,WALLSMATERIAL_MODE_Monolithic,0.0008124220035715769
FLAG_DOCUMENT_4,WALLSMATERIAL_MODE_Mixed,0.0008116913059119279
REG_REGION_NOT_LIVE_REGION,YEARS_BEGINEXPLUATATION_MEDI,0.0008103636099806384
FLAG_DOCUMENT_13,BUREAU_TOTAL_SEVERE_OVERDUE_MONTHS,0.0008087839529623352
CNT_FAM_MEMBERS,EXT_SOURCE_2,0.0008071885613003057
FLAG_MOBIL,BUREAU_DEBT_INCOME_RATIO,0.0008066193620011305
OCCUPATION_TYPE,BUREAU_OVERDUE_RATIO,0.0008054782796168501
DAYS_LAST_PHONE_CHANGE,WALLSMATERIAL_MODE_Monolithic,0.0008053075131780672
FLAG_DOCUMENT_18,NAME_INCOME_TYPE_Working,0.0008029986062959156
AMT_INCOME_TOTAL,FLAG_DOCUMENT_4,0.0008029779965308653
FLAG_MOBIL,AMT_REQ_CREDIT_BUREAU_QRT,0.0007987635586608025
FLAG_DOCUMENT_12,AMT_REQ_CREDIT_BUREAU_QRT,0.0007987635586599759
REG_REGION_NOT_WORK_REGION,BUREAU_TOTAL_OVERDUE_MONTHS,0.000798414799827874
FLAG_DOCUMENT_7,FLAG_DOCUMENT_13,0.0007966500604484028
FLAG_DOCUMENT_11,NAME_INCOME_TYPE_Other,0.0007944149215320918
REGION_RATING_CLIENT_W_CITY,AMT_REQ_CREDIT_BUREAU_WEEK,0.0007937305589086196
FLAG_DOCUMENT_9,NAME_INCOME_TYPE_Other,0.000792735997428
FLAG_OWN_CAR,FLAG_DOCUMENT_18,0.0007920593654897471
FLAG_DOCUMENT_7,AMT_REQ_CREDIT_BUREAU_DAY,0.0007916973509663709
YEARS_BEGINEXPLUATATION_MEDI,NAME_INCOME_TYPE_Other,0.0007895206512856226
FLAG_OWN_REALTY,REGION_RATING_CLIENT,0.0007863451603835185
FLAG_CONT_MOBILE,OVERDUE_SEVERITY,0.0007809055045315527
FLAG_DOCUMENT_17,BUREAU_MAX_OVERDUE_DAYS,0.0007795929013835461
FLAG_DOCUMENT_15,BUREAU_OVERDUE_RATIO,0.0007778860135407805
OVERDUE_SEVERITY,PREVIOUS_AVG_APPLICATION,0.0007772344479712286
BUREAU_CREDIT_GROUP,EMERGENCYSTATE_MODE_Yes,0.0007768187359833103
CNT_FAM_MEMBERS,FLAG_DOCUMENT_17,0.0007750279635868187
REGION_POPULATION_RELATIVE,FLAG_DOCUMENT_6,0.0007732305253781325
FLAG_DOCUMENT_15,BUREAU_ACTIVE_COUNT,0.0007729996983674704
DAYS_EMPLOYED,FLAG_DOCUMENT_10,0.0007653365222598927
FLAG_DOCUMENT_19,DEBT_INCOME_GROUP,0.0007621427391941774
FLAG_DOCUMENT_15,BUREAU_TOTAL_SEVERE_OVERDUE_MONTHS,0.0007557925786795862
FLOORSMAX_MEDI,NAME_INCOME_TYPE_State servant,0.0007526620639676208
CODE_GENDER,FLAG_DOCUMENT_14,0.0007510893924542908
FLAG_DOCUMENT_15,BUREAU_MAX_OVERDUE_DAYS,0.0007494117552760489
EXT_SOURCE_3,FLAG_DOCUMENT_2,0.0007490267027943492
FLAG_EMP_PHONE,HAS_BUREAU_OVERDUE,0.0007489720888663752
DAYS_BIRTH,FLAG_DOCUMENT_10,0.000746545092587251
FLAG_DOCUMENT_10,AGE_YEARS,0.0007465450925872494
OCCUPATION_TYPE,FLAG_DOCUMENT_7,0.0007459219439838574
FLAG_DOCUMENT_7,FLAG_DOCUMENT_14,0.0007440127515697336
FLAG_DOCUMENT_13,NAME_INCOME_TYPE_Other,0.000742870951106872
FLAG_DOCUMENT_10,NAME_INCOME_TYPE_Pensioner,0.0007419623741546492
FLAG_EMP_PHONE,FLAG_DOCUMENT_10,0.0007409768131710457
AMT_REQ_CREDIT_BUREAU_HOUR,PREVIOUS_CANCELED_COUNT,0.0007389995685960051
AMT_REQ_CREDIT_BUREAU_DAY,NAME_INCOME_TYPE_Other,0.0007382525820309693
REG_CITY_NOT_WORK_CITY,BUREAU_DEBT_INCOME_RATIO,0.0007375741425579088
FLAG_DOCUMENT_7,BUREAU_AVG_SEVERE_OVERDUE_RATIO,0.0007350743062994185
FLAG_DOCUMENT_4,BUREAU_OVERDUE_RATIO,0.0007336105386141767
REG_REGION_NOT_LIVE_REGION,AVG_PAYMENT_DELAY,0.0007330859317866413
LIVE_CITY_NOT_WORK_CITY,FLAG_DOCUMENT_10,0.0007303584732510687
BUREAU_TOTAL_SEVERE_OVERDUE_MONTHS,WALLSMATERIAL_MODE_Panel,0.0007277517447047072
FLAG_DOCUMENT_4,WALLSMATERIAL_MODE_Monolithic,0.0007269335147545974
HAS_BUREAU_OVERDUE,NAME_INCOME_TYPE_Pensioner,0.0007269307507269961
LATE_PAYMENT_COUNT,WALLSMATERIAL_MODE_Mixed,0.0007263795568059735
FLAG_DOCUMENT_7,BUREAU_TOTAL_SEVERE_OVERDUE_MONTHS,0.0007258355313774843
FLAG_CONT_MOBILE,REG_REGION_NOT_LIVE_REGION,0.0007249498044909807
PREVIOUS_APPROVED_COUNT,WALLSMATERIAL_MODE_Panel,0.000724597424952124
REGION_RATING_CLIENT,BUREAU_AVG_OVERDUE_RATIO,0.0007238779544634615
FLAG_DOCUMENT_15,BUREAU_DEBT_INCOME_RATIO,0.0007235491678154193
BUREAU_MAX_OVERDUE_DAYS,BUREAU_TOTAL_DEBT,0.000723401286901495
FLAG_DOCUMENT_10,AVG_PAYMENT_DELAY,0.0007212411174880809
BUREAU_AVG_OVERDUE_RATIO,PREVIOUS_UNUSED_COUNT,0.000721157501886298
FLAG_DOCUMENT_6,BUREAU_OVERDUE_RATIO,0.000720170376136193
REG_REGION_NOT_LIVE_REGION,BUREAU_TOTAL_OVERDUE_MONTHS,0.0007181441257412174
FLAG_DOCUMENT_2,WALLSMATERIAL_MODE_Missing,0.0007151527102990255
CREDIT_INCOME_RATIO,WALLSMATERIAL_MODE_Wooden,0.0007151055671293355
FLAG_MOBIL,BUREAU_TOTAL_DEBT,0.0007129844803618939
OVERDUE_SEVERITY,PREVIOUS_AVG_CREDIT,0.0007119624518701727
YEARS_BEGINEXPLUATATION_MEDI,FLAG_DOCUMENT_13,0.0007116853159524598
FLAG_OWN_CAR,AMT_REQ_CREDIT_BUREAU_DAY,0.0007085735785956983
OBS_60_CNT_SOCIAL_CIRCLE,FLAG_DOCUMENT_20,0.00070546410244887
DEBT_INCOME_GROUP,EMERGENCYSTATE_MODE_Yes,0.0007041416107100791
FLAG_OWN_REALTY,LATE_PAYMENT_COUNT,0.0007035759679266989
REGION_POPULATION_RELATIVE,BUREAU_TOTAL_SEVERE_OVERDUE_MONTHS,0.0007012091832186031
DAYS_REGISTRATION,AMT_REQ_CREDIT_BUREAU_DAY,0.0007010794117352653
FLAG_DOCUMENT_10,BUREAU_AVG_OVERDUE_RATIO,0.0007005446581160129
AMT_REQ_CREDIT_BUREAU_HOUR,AMT_REQ_CREDIT_BUREAU_YEAR,0.0007004497330457001
BUREAU_OVERDUE_COUNT,WALLSMATERIAL_MODE_Others,0.0007001117136979731
FLAG_DOCUMENT_2,HAS_BUREAU_OVERDUE,0.0006997946451672109
EXT_SOURCE_3,FLAG_DOCUMENT_19,0.0006995181640806323
REG_CITY_NOT_LIVE_CITY,FLAG_DOCUMENT_5,0.00069825563925288
CNT_FAM_MEMBERS,OVERDUE_SEVERITY,0.0006952985606589661
AMT_INCOME_TOTAL,ORGANIZATION_TYPE,0.0006944792159426978
FLAG_DOCUMENT_14,NAME_INCOME_TYPE_Other,0.0006937870061582055
TOTALAREA_MODE,DEBT_INCOME_GROUP,0.0006933610455673199
TOTALAREA_MODE,AMT_REQ_CREDIT_BUREAU_WEEK,0.0006930614122246933
FLAG_DOCUMENT_4,WALLSMATERIAL_MODE_Others,0.0006914217428572285
DAYS_REGISTRATION,FLAG_DOCUMENT_10,0.0006909252110156968
DAYS_REGISTRATION,TOTALAREA_MODE,0.0006861630270589721
BUREAU_AVG_SEVERE_OVERDUE_RATIO,NAME_INCOME_TYPE_Other,0.0006854519646273425
FLAG_CONT_MOBILE,WALLSMATERIAL_MODE_Mixed,0.0006848675809312515
BUREAU_TOTAL_OVERDUE_MONTHS,WALLSMATERIAL_MODE_Others,0.0006842815889931088
FLAG_DOCUMENT_5,BUREAU_TOTAL_OVERDUE_MONTHS,0.0006839462406618802
FLAG_DOCUMENT_21,BUREAU_TOTAL_DEBT,0.0006825824793978702
FLAG_WORK_PHONE,YEARS_BEGINEXPLUATATION_MEDI,0.0006824234580839127
AMT_REQ_CREDIT_BUREAU_DAY,LATE_PAYMENT_COUNT,0.0006778482841889066
FLAG_WORK_PHONE,FLAG_DOCUMENT_13,0.0006770832656665817
FLAG_DOCUMENT_7,BUREAU_MAX_OVERDUE_DAYS,0.0006769687652490863
BUREAU_TOTAL_SEVERE_OVERDUE_MONTHS,NAME_INCOME_TYPE_Other,0.00067683686766815
BUREAU_MAX_OVERDUE_DAYS,EMERGENCYSTATE_MODE_No,0.0006758185290962973
FLAG_DOCUMENT_4,BUREAU_AVG_MONTHS_REPORTED,0.0006755212292204702
AGE_YEARS,PREVIOUS_APPROVAL_RATE,0.0006751567098320548
DAYS_BIRTH,PREVIOUS_APPROVAL_RATE,0.0006751567098320233
REG_REGION_NOT_LIVE_REGION,FLAG_DOCUMENT_14,0.0006750002562833847
CNT_FAM_MEMBERS,FLAG_DOCUMENT_10,0.0006749269069185863
FLAG_DOCUMENT_2,FLAG_DOCUMENT_16,0.0006727474701221148
FLAG_DOCUMENT_16,BUREAU_AVG_SEVERE_OVERDUE_RATIO,0.000672741440265831
DAYS_REGISTRATION,WALLSMATERIAL_MODE_Others,0.000670277144196704
LIVE_CITY_NOT_WORK_CITY,FLAG_DOCUMENT_17,0.0006701637018092454
AMT_REQ_CREDIT_BUREAU_WEEK,WALLSMATERIAL_MODE_Wooden,0.0006682951855312635
AMT_INCOME_TOTAL,FLAG_DOCUMENT_21,0.000667494080858115
FLAG_DOCUMENT_4,AMT_REQ_CREDIT_BUREAU_HOUR,0.0006665917268498934
LIVE_REGION_NOT_WORK_REGION,FLAG_DOCUMENT_17,0.000664737172767343
NAME_EDUCATION_TYPE,AMT_REQ_CREDIT_BUREAU_QRT,0.0006642643089765156
DEF_30_CNT_SOCIAL_CIRCLE,FLAG_DOCUMENT_21,0.0006581108957862738
NAME_CONTRACT_TYPE,FLAG_MOBIL,0.000654418569122307
NAME_CONTRACT_TYPE,FLAG_DOCUMENT_12,0.000654418569122176
FLAG_DOCUMENT_2,BUREAU_OVERDUE_COUNT,0.0006534657466990217
FLAG_CONT_MOBILE,BUREAU_MAX_OVERDUE_DAYS,0.0006488650958038578
BUREAU_MAX_OVERDUE_DAYS,PREVIOUS_AVG_APPLICATION,0.0006485364618103524
FLAG_DOCUMENT_19,AMT_REQ_CREDIT_BUREAU_QRT,0.0006482577739017092
FLAG_MOBIL,DEF_30_CNT_SOCIAL_CIRCLE,0.000644559796221514
DEF_30_CNT_SOCIAL_CIRCLE,FLAG_DOCUMENT_12,0.0006445597962161967
FLAG_DOCUMENT_20,WALLSMATERIAL_MODE_Monolithic,0.0006438032822289513
LATE_PAYMENT_COUNT,WALLSMATERIAL_MODE_Panel,0.0006413206774851513
FLAG_DOCUMENT_7,WALLSMATERIAL_MODE_Panel,0.000639116614082893
DEF_30_CNT_SOCIAL_CIRCLE,FLAG_DOCUMENT_18,0.0006373270572901345
CNT_FAM_MEMBERS,EMERGENCYSTATE_MODE_Yes,0.0006363959127358206
FLAG_DOCUMENT_4,PREVIOUS_APP_COUNT,0.0006345915163749451
BUREAU_MAX_OVERDUE_DAYS,NAME_INCOME_TYPE_Other,0.0006312689290793301
HAS_BUREAU_HISTORY,WALLSMATERIAL_MODE_Wooden,0.0006302998056490736
TOTALAREA_MODE,FLAG_DOCUMENT_7,0.0006283836201475915
BUREAU_CREDIT_COUNT,WALLSMATERIAL_MODE_Wooden,0.0006278830063347074
FLAG_DOCUMENT_6,AMT_REQ_CREDIT_BUREAU_HOUR,0.0006266321768333823
FLAG_DOCUMENT_14,HAS_BUREAU_OVERDUE,0.000626004882983092
FLAG_DOCUMENT_6,FLAG_DOCUMENT_12,0.0006251762021470646
FLAG_MOBIL,FLAG_DOCUMENT_6,0.0006251762021422595
DAYS_LAST_PHONE_CHANGE,FLAG_DOCUMENT_12,0.0006250935174834846
FLAG_DOCUMENT_10,AMT_REQ_CREDIT_BUREAU_WEEK,0.0006245855390234449
FLAG_MOBIL,YEARS_BEGINEXPLUATATION_MEDI,0.0006210392686140679
FLAG_DOCUMENT_15,FLAG_DOCUMENT_21,0.0006210200394765683
DAYS_ID_PUBLISH,FLAG_DOCUMENT_2,0.0006208365542744095
AMT_REQ_CREDIT_BUREAU_YEAR,OVERDUE_SEVERITY,0.0006180868249151862
CODE_GENDER,BUREAU_OVERDUE_COUNT,0.0006167328490706692
YEARS_BEGINEXPLUATATION_MEDI,BUREAU_ACTIVE_RATIO,0.000616329429168774
BUREAU_CREDIT_COUNT,BUREAU_OVERDUE_RATIO,0.0006142053247034093
BUREAU_AVG_SEVERE_OVERDUE_RATIO,WALLSMATERIAL_MODE_Wooden,0.0006116095013913835
AMT_GOODS_PRICE,OBS_60_CNT_SOCIAL_CIRCLE,0.0006115739777192482
FLAG_DOCUMENT_2,OVERDUE_SEVERITY,0.0006104262122208382
FLAG_DOCUMENT_5,PREVIOUS_REFUSAL_RATE,0.0006098393052393349
FLAG_DOCUMENT_10,BUREAU_TOTAL_OVERDUE_MONTHS,0.0006086863980453548
AMT_REQ_CREDIT_BUREAU_HOUR,LATE_PAYMENT_COUNT,0.000607904114265502
REGION_RATING_CLIENT_W_CITY,BUREAU_AVG_OVERDUE_RATIO,0.0006064231386688111
FLAG_DOCUMENT_2,FLAG_DOCUMENT_18,0.0006057078762024559
AMT_CREDIT,BUREAU_MAX_OVERDUE_DAYS,0.0006044868396615643
AMT_CREDIT,OBS_60_CNT_SOCIAL_CIRCLE,0.0006035837914699235
FLAG_DOCUMENT_15,AMT_REQ_CREDIT_BUREAU_HOUR,0.0006020910973134866
OBS_60_CNT_SOCIAL_CIRCLE,FLAG_DOCUMENT_21,0.0006019899995390415
ORGANIZATION_TYPE,FLAG_DOCUMENT_2,0.0006003308205258361
ORGANIZATION_TYPE,AMT_REQ_CREDIT_BUREAU_WEEK,0.0005970819655010181
BUREAU_TOTAL_OVERDUE_MONTHS,"WALLSMATERIAL_MODE_Stone, brick",0.0005956769159717902
AMT_REQ_CREDIT_BUREAU_DAY,BUREAU_MAX_OVERDUE_DAYS,0.0005937210517338578
FLAG_DOCUMENT_21,PREVIOUS_UNUSED_COUNT,0.0005935868815508187
AMT_REQ_CREDIT_BUREAU_DAY,BUREAU_TOTAL_SEVERE_OVERDUE_MONTHS,0.000591484862085979
FLAG_OWN_REALTY,OVERDUE_SEVERITY,0.0005899198548141706
FLAG_CONT_MOBILE,WALLSMATERIAL_MODE_Others,0.0005892425870883034
FLAG_DOCUMENT_4,FLAG_DOCUMENT_11,0.0005891323178881583
FLAG_DOCUMENT_4,FLAG_DOCUMENT_9,0.0005878872400047815
AVG_PAYMENT_DELAY,WALLSMATERIAL_MODE_Others,0.0005873947899699265
REG_CITY_NOT_LIVE_CITY,FLAG_DOCUMENT_12,0.0005859943271360376
FLAG_MOBIL,REG_CITY_NOT_LIVE_CITY,0.0005859943271327343
FLAG_DOCUMENT_2,PREVIOUS_APPROVAL_RATE,0.0005849118955626051
FLAG_DOCUMENT_12,PREVIOUS_AVG_CREDIT,0.0005832689552347286
FLAG_CONT_MOBILE,REG_REGION_NOT_WORK_REGION,0.0005827417462099925
FLAG_MOBIL,HOUR_APPR_PROCESS_START,0.0005796759277348947
NAME_EDUCATION_TYPE,FLAG_DOCUMENT_21,0.0005758190123028951
HAS_BUREAU_HISTORY,UNDERPAYMENT_RATE,0.0005756800178419061
FLAG_DOCUMENT_9,OVERDUE_SEVERITY,0.0005755893415568301
FLAG_DOCUMENT_2,WALLSMATERIAL_MODE_Mixed,0.0005739395940708487
BUREAU_AVG_SEVERE_OVERDUE_RATIO,WALLSMATERIAL_MODE_Panel,0.0005697775104185279
REGION_POPULATION_RELATIVE,HAS_BUREAU_BALANCE_HISTORY,0.0005661284027663387
OBS_30_CNT_SOCIAL_CIRCLE,FLAG_DOCUMENT_21,0.0005654516515749682
FLAG_DOCUMENT_7,AMT_REQ_CREDIT_BUREAU_WEEK,0.0005634333210692005
FLAG_DOCUMENT_14,BUREAU_CREDIT_GROUP,0.0005622689727008579
FLAG_DOCUMENT_5,BUREAU_CREDIT_COUNT,0.0005621069666617784
FLAG_CONT_MOBILE,BUREAU_AVG_SEVERE_OVERDUE_RATIO,0.0005616059081918135
ORGANIZATION_TYPE,BUREAU_TOTAL_SEVERE_OVERDUE_MONTHS,0.0005605636165295487
CREDIT_INCOME_RATIO,EMERGENCYSTATE_MODE_Yes,0.0005602660182864645
HOUR_APPR_PROCESS_START,BUREAU_AVG_MONTHS_REPORTED,0.0005598784113374035
FLAG_DOCUMENT_15,BUREAU_AVG_OVERDUE_RATIO,0.0005588427650416582
FLAG_PHONE,BUREAU_AVG_MONTHS_REPORTED,0.0005582974505254631
FLAG_MOBIL,NAME_INCOME_TYPE_State servant,0.0005582579670522372
FLAG_DOCUMENT_10,BUREAU_DEBT_INCOME_RATIO,0.0005570284637425046
FLAG_MOBIL,DEF_60_CNT_SOCIAL_CIRCLE,0.0005540165798221092
DEF_60_CNT_SOCIAL_CIRCLE,FLAG_DOCUMENT_12,0.0005540165798175535
FLAG_CONT_MOBILE,NAME_INCOME_TYPE_Other,0.0005531529675573652
FLAG_DOCUMENT_4,FLAG_DOCUMENT_13,0.0005509076849580355
AMT_REQ_CREDIT_BUREAU_HOUR,EMERGENCYSTATE_MODE_Yes,0.0005478141228160678
FLAG_DOCUMENT_4,AMT_REQ_CREDIT_BUREAU_DAY,0.0005474827360996957
FLAG_DOCUMENT_15,FLAG_DOCUMENT_17,0.000545683841065498
FLAG_MOBIL,EXT_SOURCE_2,0.0005443046792674859
FLAG_MOBIL,AMT_REQ_CREDIT_BUREAU_MON,0.0005426224543423449
FLAG_DOCUMENT_12,AMT_REQ_CREDIT_BUREAU_MON,0.0005426224543413812
EXT_SOURCE_3,WALLSMATERIAL_MODE_Others,0.0005421056267996504
FLAG_DOCUMENT_13,BUREAU_AVG_SEVERE_OVERDUE_RATIO,0.0005420758773569371
AMT_GOODS_PRICE,OBS_30_CNT_SOCIAL_CIRCLE,0.0005411029522666973
DAYS_BIRTH,FLAG_DOCUMENT_2,0.000540952809099443
FLAG_DOCUMENT_2,AGE_YEARS,0.000540952809099241
BUREAU_MAX_OVERDUE_DAYS,WALLSMATERIAL_MODE_Missing,0.0005407292348510293
REG_REGION_NOT_LIVE_REGION,PREVIOUS_AVG_CREDIT,0.0005385262082793453
LIVE_CITY_NOT_WORK_CITY,OBS_30_CNT_SOCIAL_CIRCLE,0.0005381092687480766
BUREAU_TOTAL_DEBT,WALLSMATERIAL_MODE_Wooden,0.0005378688046672776
FLAG_DOCUMENT_10,WALLSMATERIAL_MODE_Wooden,0.0005373237889785349
REGION_POPULATION_RELATIVE,FLAG_DOCUMENT_20,0.000536230560148838
PREVIOUS_APP_COUNT,WALLSMATERIAL_MODE_Panel,0.0005353700092772314
YEARS_BEGINEXPLUATATION_MEDI,FLAG_DOCUMENT_12,0.0005331522047501865
EXT_SOURCE_2,FLAG_DOCUMENT_7,0.0005322945968703827
FLAG_DOCUMENT_7,BUREAU_CREDIT_COUNT,0.0005306295010593169
PREVIOUS_APPROVED_COUNT,"WALLSMATERIAL_MODE_Stone, brick",0.0005289401398442513
FLAG_CONT_MOBILE,EMERGENCYSTATE_MODE_Yes,0.0005287285693562802
FLAG_DOCUMENT_4,BUREAU_TOTAL_OVERDUE_MONTHS,0.0005279802892583654
HOUR_APPR_PROCESS_START,PREVIOUS_AVG_APPLICATION,0.0005254011445811505
FLAG_DOCUMENT_20,AMT_REQ_CREDIT_BUREAU_QRT,0.0005244361547219248
AVG_PAYMENT_DELAY,WALLSMATERIAL_MODE_Monolithic,0.0005232431070957669
FLAG_MOBIL,TOTALAREA_MODE,0.0005224705889280588
FLAG_OWN_REALTY,NAME_INCOME_TYPE_Other,0.0005212541422930055
FLAG_DOCUMENT_10,DEBT_INCOME_GROUP,0.0005191815984476118
FLAG_DOCUMENT_2,BUREAU_OVERDUE_RATIO,0.0005187293884653158
FLAG_OWN_REALTY,HAS_BUREAU_OVERDUE,0.0005181445091447025
DEF_60_CNT_SOCIAL_CIRCLE,BUREAU_DEBT_INCOME_RATIO,0.0005146930940226666
FLAG_DOCUMENT_4,FLAG_DOCUMENT_14,0.0005145073889981439
ORGANIZATION_TYPE,PREVIOUS_REFUSAL_RATE,0.0005143097947064826
FLAG_DOCUMENT_2,WALLSMATERIAL_MODE_Monolithic,0.0005140081251775807
AMT_REQ_CREDIT_BUREAU_WEEK,WALLSMATERIAL_MODE_Others,0.0005083415966516251
FLAG_DOCUMENT_4,BUREAU_AVG_SEVERE_OVERDUE_RATIO,0.0005083261829260362
BUREAU_ACTIVE_COUNT,EMERGENCYSTATE_MODE_Yes,0.000507471194209467
PREVIOUS_APPROVAL_RATE,EMERGENCYSTATE_MODE_Yes,0.0005046160747767352
DAYS_REGISTRATION,AMT_REQ_CREDIT_BUREAU_WEEK,0.000504614626706853
BUREAU_OVERDUE_RATIO,EMERGENCYSTATE_MODE_Yes,0.0005035070366006516
AMT_INCOME_TOTAL,FLAG_PHONE,0.0005022498277197437
FLAG_DOCUMENT_4,BUREAU_TOTAL_SEVERE_OVERDUE_MONTHS,0.0005019372897886601
AMT_CREDIT,LIVE_CITY_NOT_WORK_CITY,0.0005018389911169145
FLAG_MOBIL,DAYS_LAST_PHONE_CHANGE,0.0005015295509803128
CNT_CHILDREN,AMT_REQ_CREDIT_BUREAU_HOUR,0.000501137417276582
AMT_CREDIT,OBS_30_CNT_SOCIAL_CIRCLE,0.0005009609739652465
AMT_REQ_CREDIT_BUREAU_WEEK,WALLSMATERIAL_MODE_Monolithic,0.0004997810938692319
FLAG_DOCUMENT_5,FLAG_DOCUMENT_10,0.0004995119230589942
PREVIOUS_APPROVED_COUNT,EMERGENCYSTATE_MODE_No,0.0004982356000248566
AMT_REQ_CREDIT_BUREAU_DAY,NAME_INCOME_TYPE_Pensioner,0.0004956590800207038
FLAG_MOBIL,FLAG_EMAIL,0.0004944593397876941
FLAG_EMAIL,FLAG_DOCUMENT_12,0.0004944593397876165
FLAG_DOCUMENT_9,BUREAU_ACTIVE_RATIO,0.0004941870637070915
HOUR_APPR_PROCESS_START,BUREAU_TOTAL_SEVERE_OVERDUE_MONTHS,0.0004937682273956576
AMT_INCOME_TOTAL,FLAG_DOCUMENT_20,0.0004920501078789816
DAYS_EMPLOYED,AMT_REQ_CREDIT_BUREAU_DAY,0.0004913320879222786
DEF_60_CNT_SOCIAL_CIRCLE,BUREAU_CREDIT_COUNT,0.0004912105050368399
FLAG_DOCUMENT_2,WALLSMATERIAL_MODE_Others,0.000488898071886315
DAYS_LAST_PHONE_CHANGE,WALLSMATERIAL_MODE_Others,0.00048788312022134627
FLAG_EMP_PHONE,AMT_REQ_CREDIT_BUREAU_DAY,0.0004833071214848676
FLAG_DOCUMENT_20,PREVIOUS_UNUSED_COUNT,0.00048226446231621037
FLAG_DOCUMENT_19,WALLSMATERIAL_MODE_Wooden,0.00048171611950136907
OBS_30_CNT_SOCIAL_CIRCLE,FLAG_DOCUMENT_15,0.0004792168637005925
FLAG_DOCUMENT_8,FLAG_DOCUMENT_19,0.0004765090469309335
FLAG_DOCUMENT_2,"WALLSMATERIAL_MODE_Stone, brick",0.0004753696075505404
OBS_60_CNT_SOCIAL_CIRCLE,OVERDUE_SEVERITY,0.0004744642233543078
FLAG_DOCUMENT_7,FLAG_DOCUMENT_15,0.0004738510515512544
CNT_CHILDREN,FLAG_CONT_MOBILE,0.00047224115018258326
LIVE_REGION_NOT_WORK_REGION,OVERDUE_SEVERITY,0.00047159652107649637
FLAG_DOCUMENT_2,AMT_REQ_CREDIT_BUREAU_HOUR,0.00047134099174485507
BUREAU_MAX_OVERDUE_DAYS,"WALLSMATERIAL_MODE_Stone, brick",0.0004704866753238215
FLAG_DOCUMENT_4,AMT_REQ_CREDIT_BUREAU_YEAR,0.0004687533324378941
FLAG_PHONE,FLAG_DOCUMENT_20,0.00046868520326384444
FLAG_MOBIL,PREVIOUS_UNUSED_COUNT,0.00046820839275715044
FLAG_DOCUMENT_12,PREVIOUS_UNUSED_COUNT,0.0004682083927549572
FLAG_DOCUMENT_4,BUREAU_MAX_OVERDUE_DAYS,0.0004681444385284458
REG_REGION_NOT_WORK_REGION,FLAG_DOCUMENT_12,0.00046812611437704876
FLAG_MOBIL,REG_REGION_NOT_WORK_REGION,0.00046812611437053336
FLAG_DOCUMENT_5,WALLSMATERIAL_MODE_Mixed,0.0004649094915218118
NAME_EDUCATION_TYPE,HAS_BUREAU_OVERDUE,0.000461808833250628
DAYS_REGISTRATION,BUREAU_OVERDUE_RATIO,0.0004606534998938706
EXT_SOURCE_3,FLAG_DOCUMENT_12,0.00046016631878015497
REG_CITY_NOT_LIVE_CITY,FLAG_DOCUMENT_4,0.0004591925118846031
FLAG_DOCUMENT_20,AMT_REQ_CREDIT_BUREAU_DAY,0.0004581062554973449
HOUR_APPR_PROCESS_START,OVERDUE_SEVERITY,0.0004579228825847864
FLAG_DOCUMENT_15,AMT_REQ_CREDIT_BUREAU_WEEK,0.0004527213208006202
FLAG_DOCUMENT_12,LATE_PAYMENT_RATE,0.00045210275009706786
FLAG_MOBIL,LATE_PAYMENT_RATE,0.00045210275009642016
REG_CITY_NOT_LIVE_CITY,BUREAU_TOTAL_DEBT,0.00045062769047680105
FLAG_DOCUMENT_7,WALLSMATERIAL_MODE_Wooden,0.00044835939049749454
FLAG_DOCUMENT_9,BUREAU_AVG_OVERDUE_RATIO,0.00044808471200197107
BUREAU_MAX_OVERDUE_RATIO,EMERGENCYSTATE_MODE_No,0.0004471265294749591
YEARS_BEGINEXPLUATATION_MEDI,AMT_REQ_CREDIT_BUREAU_HOUR,0.00044457216699446384
FLAG_MOBIL,BUREAU_MAX_OVERDUE_RATIO,0.0004442280076936424
FLAG_DOCUMENT_12,BUREAU_MAX_OVERDUE_RATIO,0.00044422800769188084
NAME_INCOME_TYPE_Other,"WALLSMATERIAL_MODE_Stone, brick",0.0004435089364555467
FLAG_MOBIL,LATE_PAYMENT_COUNT,0.0004431995286963149
FLAG_DOCUMENT_12,LATE_PAYMENT_COUNT,0.00044319952869393317
FLAG_DOCUMENT_19,FLAG_DOCUMENT_21,0.0004427026595654314
FLAG_DOCUMENT_15,NAME_INCOME_TYPE_Other,0.000441862994588531
BUREAU_AVG_SEVERE_OVERDUE_RATIO,PREVIOUS_CANCELED_COUNT,0.0004389846052332992
REG_REGION_NOT_WORK_REGION,WALLSMATERIAL_MODE_Mixed,0.00043828853943209746
AMT_INCOME_TOTAL,FLAG_DOCUMENT_10,0.00043633733567031546
FLAG_DOCUMENT_19,NAME_INCOME_TYPE_State servant,0.00043627685598874287
FLAG_DOCUMENT_20,PREVIOUS_REFUSAL_RATE,0.0004336130812179805
OBS_60_CNT_SOCIAL_CIRCLE,FLAG_DOCUMENT_15,0.0004332958527113787
DAYS_REGISTRATION,FLAG_DOCUMENT_5,0.0004332536338082987
FLAG_DOCUMENT_20,AVG_PAYMENT_DELAY,0.00043307235073211973
DAYS_ID_PUBLISH,FLAG_DOCUMENT_20,0.0004330609436612678
NAME_CONTRACT_TYPE,WALLSMATERIAL_MODE_Wooden,0.0004321712621336359
FLAG_OWN_CAR,FLAG_DOCUMENT_4,0.00043176254771419163
FLAG_DOCUMENT_7,BUREAU_DEBT_INCOME_RATIO,0.0004317124318781496
BUREAU_MAX_OVERDUE_RATIO,"WALLSMATERIAL_MODE_Stone, brick",0.00042813230541142154
BUREAU_MAX_OVERDUE_RATIO,WALLSMATERIAL_MODE_Panel,0.0004275258125170453
AMT_REQ_CREDIT_BUREAU_HOUR,PREVIOUS_APPROVED_COUNT,0.0004262242944229775
FLAG_DOCUMENT_20,PREVIOUS_REFUSED_COUNT,0.00042398268456299553
FLAG_DOCUMENT_10,HAS_BUREAU_OVERDUE,0.0004219860448883876
AVG_PAYMENT_DELAY,EMERGENCYSTATE_MODE_Yes,0.00042045829832576347
FLAG_DOCUMENT_19,BUREAU_ACTIVE_RATIO,0.00041969117946598556
REGION_RATING_CLIENT_W_CITY,FLAG_DOCUMENT_2,0.00041860411022607197
LIVE_REGION_NOT_WORK_REGION,FLAG_DOCUMENT_12,0.00041779661226457444
FLAG_MOBIL,LIVE_REGION_NOT_WORK_REGION,0.0004177966122623225
FLAG_DOCUMENT_2,FLAG_DOCUMENT_11,0.0004165701430088066
FLAG_DOCUMENT_2,FLAG_DOCUMENT_9,0.00041568975967863484
REGION_RATING_CLIENT,FLAG_DOCUMENT_10,0.00041445577415240753
FLAG_DOCUMENT_9,AMT_REQ_CREDIT_BUREAU_DAY,0.0004124199776158163
LIVE_REGION_NOT_WORK_REGION,BUREAU_AVG_SEVERE_OVERDUE_RATIO,0.0004118650036658189
FLAG_CONT_MOBILE,BUREAU_OVERDUE_COUNT,0.00041181435289834714
HOUR_APPR_PROCESS_START,BUREAU_OVERDUE_RATIO,0.0004106493843997157
FLAG_CONT_MOBILE,FLAG_DOCUMENT_4,0.0004102142105980932
FLAG_DOCUMENT_17,BUREAU_ACTIVE_RATIO,0.0004095241765934785
DAYS_ID_PUBLISH,FLAG_DOCUMENT_4,0.000408786792504184
FLAG_DOCUMENT_17,PREVIOUS_UNUSED_COUNT,0.0004084880848017742
FLAG_DOCUMENT_4,BUREAU_CREDIT_COUNT,0.0004070709107802838
FLAG_PHONE,FLAG_DOCUMENT_21,0.00040662816633962786
FLAG_DOCUMENT_10,FLAG_DOCUMENT_16,0.0004056762167102023
YEARS_BEGINEXPLUATATION_MEDI,FLAG_DOCUMENT_20,0.0004056428756224485
FLAG_DOCUMENT_21,AMT_REQ_CREDIT_BUREAU_WEEK,0.00040310427451491215
FLAG_DOCUMENT_12,PREVIOUS_AVG_APPLICATION,0.0004028021751788571
FLAG_OWN_REALTY,FLAG_DOCUMENT_21,0.00040033862306528337
BUREAU_OVERDUE_RATIO,NAME_INCOME_TYPE_State servant,0.0003999393398641245
REGION_RATING_CLIENT_W_CITY,FLAG_DOCUMENT_20,0.0003958849786832537
FLAG_DOCUMENT_10,BUREAU_OVERDUE_COUNT,0.0003940490654278283
AMT_REQ_CREDIT_BUREAU_HOUR,PREVIOUS_AVG_APPLICATION,0.00039196529975523385
FLAG_DOCUMENT_2,FLAG_DOCUMENT_13,0.0003895418501742836
FLAG_DOCUMENT_17,FLAG_DOCUMENT_19,0.0003889982164266067
FLAG_DOCUMENT_2,AMT_REQ_CREDIT_BUREAU_DAY,0.00038712009975864586
DEF_60_CNT_SOCIAL_CIRCLE,AMT_REQ_CREDIT_BUREAU_QRT,0.00038487118348428577
CNT_FAM_MEMBERS,AMT_REQ_CREDIT_BUREAU_WEEK,0.00038284809686901257
LIVE_REGION_NOT_WORK_REGION,BUREAU_TOTAL_OVERDUE_MONTHS,0.00037951918732896737
CNT_CHILDREN,AMT_REQ_CREDIT_BUREAU_DAY,0.0003769277335100551
OBS_30_CNT_SOCIAL_CIRCLE,OVERDUE_SEVERITY,0.0003758124703412257
EXT_SOURCE_2,PREVIOUS_UNUSED_COUNT,0.0003740220867766168
AMT_ANNUITY,FLAG_DOCUMENT_17,0.0003734052239352485
FLAG_DOCUMENT_7,PREVIOUS_UNUSED_COUNT,0.0003700476528080534
AMT_REQ_CREDIT_BUREAU_WEEK,AVG_PAYMENT_DELAY,0.00036847755951498006
DEF_30_CNT_SOCIAL_CIRCLE,WALLSMATERIAL_MODE_Others,0.00036813687059022754
FLAG_DOCUMENT_10,OVERDUE_SEVERITY,0.0003680956188650048
FLAG_OWN_CAR,UNDERPAYMENT_RATE,0.0003667991373932136
FLAG_DOCUMENT_10,FLAG_DOCUMENT_18,0.0003652503956719164
CODE_GENDER,AMT_REQ_CREDIT_BUREAU_DAY,0.0003643641596958843
FLAG_DOCUMENT_2,FLAG_DOCUMENT_14,0.0003638035295404354
FLAG_DOCUMENT_15,BUREAU_TOTAL_OVERDUE_MONTHS,0.0003635920734000133
FLAG_DOCUMENT_5,FLAG_DOCUMENT_21,0.00036066580706470226
FLAG_DOCUMENT_14,BUREAU_OVERDUE_RATIO,0.0003604080768257745
FLAG_DOCUMENT_2,BUREAU_AVG_SEVERE_OVERDUE_RATIO,0.0003594328545337434
FLAG_DOCUMENT_8,FLAG_DOCUMENT_21,0.00035672668693804613
FLAG_DOCUMENT_2,BUREAU_TOTAL_SEVERE_OVERDUE_MONTHS,0.000354915325878321
BUREAU_AVG_OVERDUE_RATIO,NAME_INCOME_TYPE_Other,0.0003547417762813663
FLAG_DOCUMENT_15,AVG_PAYMENT_DELAY,0.0003529812094595721
FLAG_DOCUMENT_10,EMERGENCYSTATE_MODE_Yes,0.000351670233226177
FLAG_MOBIL,BUREAU_AVG_OVERDUE_RATIO,0.00035027019330701023
FLAG_DOCUMENT_12,BUREAU_AVG_OVERDUE_RATIO,0.0003502701933053817
OBS_30_CNT_SOCIAL_CIRCLE,FLAG_DOCUMENT_12,0.00034821763127339055
BUREAU_MAX_OVERDUE_RATIO,WALLSMATERIAL_MODE_Others,0.0003467069393321561
FLAG_DOCUMENT_10,WALLSMATERIAL_MODE_Mixed,0.00034609367330742496
FLAG_DOCUMENT_4,PREVIOUS_AVG_CREDIT,0.0003458589998456641
AMT_REQ_CREDIT_BUREAU_WEEK,UNDERPAYMENT_RATE,0.0003453005693716753
FLAG_DOCUMENT_10,WALLSMATERIAL_MODE_Panel,0.0003451308721326516
CNT_FAM_MEMBERS,BUREAU_OVERDUE_RATIO,0.00034501001679740383
EXT_SOURCE_3,FLAG_DOCUMENT_7,0.00034126247573180855
FLAG_DOCUMENT_12,BUREAU_ACTIVE_RATIO,0.00034062626316203845
FLAG_DOCUMENT_7,FLAG_DOCUMENT_19,0.00033779122640940754
FLAG_MOBIL,CNT_FAM_MEMBERS,0.00033746139581426797
CNT_FAM_MEMBERS,FLAG_DOCUMENT_12,0.00033746139580751166
OBS_60_CNT_SOCIAL_CIRCLE,FLAG_DOCUMENT_12,0.0003371182690723057
HAS_BUREAU_OVERDUE,WALLSMATERIAL_MODE_Monolithic,0.0003359017083875075
AMT_INCOME_TOTAL,FLAG_MOBIL,0.0003336387348447138
FLAG_DOCUMENT_2,BUREAU_MAX_OVERDUE_DAYS,0.00033102070585031235
PREVIOUS_REFUSED_COUNT,LATE_PAYMENT_RATE,0.0003299209572239153
FLAG_DOCUMENT_17,AMT_REQ_CREDIT_BUREAU_MON,0.00032831785228262713
BUREAU_ACTIVE_RATIO,PREVIOUS_CANCELED_COUNT,0.0003277364775954944
FLAG_DOCUMENT_4,FLAG_DOCUMENT_15,0.0003276823774771123
REGION_RATING_CLIENT_W_CITY,FLAG_DOCUMENT_7,0.00032694931223167567
BUREAU_AVG_SEVERE_OVERDUE_RATIO,PREVIOUS_AVG_CREDIT,0.00032289458770406727
FLAG_DOCUMENT_4,LATE_PAYMENT_RATE,0.0003222597112145615
DEF_60_CNT_SOCIAL_CIRCLE,AMT_REQ_CREDIT_BUREAU_HOUR,0.0003216229014044354
FLAG_DOCUMENT_7,BUREAU_ACTIVE_COUNT,0.0003192131866617412
FLAG_DOCUMENT_5,BUREAU_OVERDUE_RATIO,0.0003192030993126145
FLAG_DOCUMENT_7,NAME_INCOME_TYPE_State servant,0.00031861523010049916
AMT_REQ_CREDIT_BUREAU_QRT,CREDIT_INCOME_RATIO,0.0003185531294564419
FLAG_DOCUMENT_19,NAME_INCOME_TYPE_Other,0.0003149881009198312
FLAG_DOCUMENT_10,BUREAU_OVERDUE_RATIO,0.0003128011403310143
FLAG_DOCUMENT_12,AMT_REQ_CREDIT_BUREAU_WEEK,0.0003122908653358947
FLAG_MOBIL,AMT_REQ_CREDIT_BUREAU_WEEK,0.00031229086533244844
FLAG_DOCUMENT_10,WALLSMATERIAL_MODE_Monolithic,0.00030995415195317436
FLAG_DOCUMENT_7,FLAG_DOCUMENT_20,0.0003071076365517039
FLAG_DOCUMENT_16,BUREAU_ACTIVE_RATIO,0.00030666586429768823
FLAG_MOBIL,BUREAU_TOTAL_OVERDUE_MONTHS,0.00030434134332020497
FLAG_DOCUMENT_12,BUREAU_TOTAL_OVERDUE_MONTHS,0.0003043413433186127
YEARS_BEGINEXPLUATATION_MEDI,BUREAU_TOTAL_OVERDUE_MONTHS,0.0003020000523449974
FLAG_OWN_REALTY,BUREAU_TOTAL_SEVERE_OVERDUE_MONTHS,0.0003006126142337435
AMT_GOODS_PRICE,BUREAU_MAX_OVERDUE_DAYS,0.00030025206536812057
FLAG_DOCUMENT_10,WALLSMATERIAL_MODE_Others,0.0002948124355246583
AVG_PAYMENT_DELAY,NAME_INCOME_TYPE_State servant,0.0002910650401936848
FLAG_CONT_MOBILE,FLAG_DOCUMENT_2,0.0002900587647026768
FLAG_DOCUMENT_20,NAME_INCOME_TYPE_Other,0.0002863758548250613
FLAG_DOCUMENT_4,WALLSMATERIAL_MODE_Panel,0.0002861197818980415
FLAG_DOCUMENT_7,UNDERPAYMENT_RATE,0.0002857769000350743
FLAG_DOCUMENT_10,AMT_REQ_CREDIT_BUREAU_HOUR,0.0002842252684752214
FLAG_DOCUMENT_17,FLAG_DOCUMENT_21,0.000282262267781781
REG_REGION_NOT_WORK_REGION,FLAG_DOCUMENT_20,0.00028191596340419424
DEF_30_CNT_SOCIAL_CIRCLE,FLAG_DOCUMENT_7,0.0002802336091017052
BUREAU_MAX_OVERDUE_DAYS,BUREAU_BALANCE_CREDIT_COUNT,0.0002756388582161526
AMT_REQ_CREDIT_BUREAU_HOUR,PREVIOUS_APP_COUNT,0.00027494723143730974
DAYS_REGISTRATION,WALLSMATERIAL_MODE_Wooden,0.0002748692855325848
FLAG_DOCUMENT_12,AVG_PAYMENT_DELAY,0.000273975779476168
HAS_BUREAU_HISTORY,EMERGENCYSTATE_MODE_Yes,0.0002735421389969741
YEARS_BEGINEXPLUATATION_MEDI,OVERDUE_SEVERITY,0.00027228649823301306
FLAG_OWN_REALTY,BUREAU_AVG_SEVERE_OVERDUE_RATIO,0.00027146913497646933
BUREAU_DEBT_INCOME_RATIO,LATE_PAYMENT_COUNT,0.0002703087201067091
FLAG_DOCUMENT_2,PREVIOUS_CANCELED_COUNT,0.0002695919515406088
DAYS_ID_PUBLISH,FLAG_DOCUMENT_15,0.00026869663920021605
FLAG_MOBIL,WALLSMATERIAL_MODE_Wooden,0.0002686602563486905
FLAG_DOCUMENT_12,WALLSMATERIAL_MODE_Wooden,0.0002686602563486066
FLAG_MOBIL,AVG_PAYMENT_DELAY,0.0002669562490703334
BUREAU_TOTAL_SEVERE_OVERDUE_MONTHS,WALLSMATERIAL_MODE_Others,0.0002653758038445996
EXT_SOURCE_3,FLAG_DOCUMENT_17,0.0002612896894837545
OVERDUE_SEVERITY,WALLSMATERIAL_MODE_Panel,0.00025972080384864077
LIVE_CITY_NOT_WORK_CITY,OBS_60_CNT_SOCIAL_CIRCLE,0.0002537977487687913
FLAG_DOCUMENT_14,BUREAU_OVERDUE_COUNT,0.0002513767561413628
FLAG_DOCUMENT_10,FLAG_DOCUMENT_11,0.000251197673890261
YEARS_BEGINEXPLUATATION_MEDI,FLAG_DOCUMENT_2,0.00025085754342719707
FLAG_DOCUMENT_9,FLAG_DOCUMENT_10,0.0002506667903202807
FLAG_MOBIL,FLAG_DOCUMENT_5,0.0002497544386674863
FLAG_DOCUMENT_5,FLAG_DOCUMENT_12,0.00024975443866598465
REG_REGION_NOT_LIVE_REGION,FLAG_DOCUMENT_12,0.00024896891786637516
FLAG_MOBIL,REG_REGION_NOT_LIVE_REGION,0.00024896891786119776
HOUR_APPR_PROCESS_START,HAS_BUREAU_BALANCE_HISTORY,0.00024603982835644033
AMT_REQ_CREDIT_BUREAU_WEEK,EMERGENCYSTATE_MODE_Yes,0.0002452792259013012
FLAG_DOCUMENT_7,FLAG_DOCUMENT_21,0.00024510579631693033
REG_REGION_NOT_WORK_REGION,FLAG_DOCUMENT_19,0.0002444734539122004
NAME_EDUCATION_TYPE,BUREAU_AVG_SEVERE_OVERDUE_RATIO,0.00024413402621440526
LIVE_CITY_NOT_WORK_CITY,FLAG_DOCUMENT_15,0.0002424969240591842
LATE_PAYMENT_COUNT,WALLSMATERIAL_MODE_Others,0.0002419046703656345
FLAG_DOCUMENT_14,BUREAU_MAX_OVERDUE_DAYS,0.00023657592863232158
YEARS_BEGINEXPLUATATION_MEDI,BUREAU_MAX_OVERDUE_DAYS,0.00023640825754583792
FLAG_DOCUMENT_10,FLAG_DOCUMENT_13,0.00023489923195148715
FLAG_DOCUMENT_10,BUREAU_CREDIT_COUNT,0.00023453236171608758
FLAG_DOCUMENT_4,FLAG_DOCUMENT_19,0.00023359288071301266
FLAG_DOCUMENT_10,AMT_REQ_CREDIT_BUREAU_DAY,0.00023343888228081618
REGION_POPULATION_RELATIVE,REG_REGION_NOT_LIVE_REGION,0.00023298070583676077
REG_CITY_NOT_WORK_CITY,AMT_REQ_CREDIT_BUREAU_HOUR,0.00023263539720130722
FLAG_DOCUMENT_2,FLAG_DOCUMENT_15,0.00023170125063996328
OCCUPATION_TYPE,PREVIOUS_REFUSED_COUNT,0.00023062813672035889
REG_CITY_NOT_LIVE_CITY,FLAG_DOCUMENT_20,0.00023036895579556078
FLAG_DOCUMENT_21,NAME_INCOME_TYPE_Other,0.00022855954586795466
DEF_30_CNT_SOCIAL_CIRCLE,BUREAU_AVG_MONTHS_REPORTED,0.00022633002487968084
OBS_30_CNT_SOCIAL_CIRCLE,BUREAU_AVG_SEVERE_OVERDUE_RATIO,0.00022595966870465902
FLAG_MOBIL,EXT_SOURCE_3,0.00022583545812507596
YEARS_BEGINEXPLUATATION_MEDI,FLAG_DOCUMENT_21,0.0002209209239592899
BUREAU_AVG_MONTHS_REPORTED,WALLSMATERIAL_MODE_Mixed,0.00022019209337227402
FLAG_DOCUMENT_10,FLAG_DOCUMENT_14,0.00021937866145076918
FLAG_DOCUMENT_10,BUREAU_CREDIT_GROUP,0.0002187207718102226
FLAG_DOCUMENT_9,"WALLSMATERIAL_MODE_Stone, brick",0.00021868935195338616
FLAG_DOCUMENT_10,BUREAU_AVG_SEVERE_OVERDUE_RATIO,0.0002167430827530728
DEF_30_CNT_SOCIAL_CIRCLE,AMT_REQ_CREDIT_BUREAU_QRT,0.00021649671497309475
FLAG_DOCUMENT_7,FLAG_DOCUMENT_17,0.00021537191056566872
BUREAU_OVERDUE_COUNT,WALLSMATERIAL_MODE_Panel,0.00021517563071244946
FLAG_DOCUMENT_9,FLAG_DOCUMENT_18,0.00021434449091638108
FLAG_DOCUMENT_10,BUREAU_TOTAL_SEVERE_OVERDUE_MONTHS,0.00021401894923312638
FLAG_DOCUMENT_4,FLAG_DOCUMENT_20,0.0002123742474712186
REGION_RATING_CLIENT,AMT_REQ_CREDIT_BUREAU_DAY,0.00021161227617700032
FLAG_DOCUMENT_12,HAS_BUREAU_OVERDUE,0.0002109917359340564
FLAG_MOBIL,HAS_BUREAU_OVERDUE,0.00021099173593300494
FLAG_MOBIL,REGION_RATING_CLIENT,0.00020722662353883477
REGION_RATING_CLIENT,FLAG_DOCUMENT_12,0.00020722662352357896
AMT_REQ_CREDIT_BUREAU_YEAR,BUREAU_OVERDUE_COUNT,0.00020418040147016323
BUREAU_ACTIVE_COUNT,WALLSMATERIAL_MODE_Mixed,0.00020359701260223444
FLAG_DOCUMENT_12,FLAG_DOCUMENT_16,0.00020283687156878895
FLAG_MOBIL,FLAG_DOCUMENT_16,0.00020283687156786152
FLAG_DOCUMENT_17,NAME_INCOME_TYPE_Other,0.00020083289261732241
FLAG_DOCUMENT_10,BUREAU_MAX_OVERDUE_DAYS,0.00019961015621169163
FLAG_EMP_PHONE,FLAG_DOCUMENT_7,0.00019845487351875725
FLAG_DOCUMENT_12,BUREAU_OVERDUE_COUNT,0.00019702333137533437
FLAG_MOBIL,BUREAU_OVERDUE_COUNT,0.00019702333137457207
FLAG_DOCUMENT_7,NAME_INCOME_TYPE_Pensioner,0.00019559233750187808
BUREAU_TOTAL_OVERDUE_MONTHS,WALLSMATERIAL_MODE_Wooden,0.00019524222408892392
FLAG_DOCUMENT_3,FLAG_DOCUMENT_17,0.00019203132626984754
LIVE_REGION_NOT_WORK_REGION,BUREAU_TOTAL_SEVERE_OVERDUE_MONTHS,0.00019057759870386124
REG_REGION_NOT_LIVE_REGION,PREVIOUS_UNUSED_COUNT,0.0001850638082089634
FLAG_DOCUMENT_12,OVERDUE_SEVERITY,0.00018404668721824183
FLAG_MOBIL,OVERDUE_SEVERITY,0.00018404668721424557
FLAG_DOCUMENT_9,BUREAU_MAX_OVERDUE_DAYS,0.00018371029529109427
REGION_RATING_CLIENT,FLAG_DOCUMENT_20,0.00018307173220044208
FLAG_DOCUMENT_21,BUREAU_DEBT_INCOME_RATIO,0.00018301349586355434
FLAG_DOCUMENT_12,FLAG_DOCUMENT_18,0.00018262408429596636
HOUR_APPR_PROCESS_START,NAME_INCOME_TYPE_Working,0.0001818058799208456
REG_CITY_NOT_WORK_CITY,FLAG_DOCUMENT_10,0.000181332700130865
YEARS_BEGINEXPLUATATION_MEDI,BUREAU_OVERDUE_COUNT,0.00017946215389293192
REG_REGION_NOT_LIVE_REGION,FLAG_DOCUMENT_17,0.00017785248694483714
FLAG_DOCUMENT_12,EMERGENCYSTATE_MODE_Yes,0.00017583404447498718
FLAG_MOBIL,EMERGENCYSTATE_MODE_Yes,0.00017583404447077625
FLAG_CONT_MOBILE,FLAG_DOCUMENT_10,0.00017490952774143083
CNT_FAM_MEMBERS,LATE_PAYMENT_COUNT,0.00017418511510546345
FLAG_MOBIL,WALLSMATERIAL_MODE_Mixed,0.00017304578152015356
FLAG_DOCUMENT_12,WALLSMATERIAL_MODE_Mixed,0.00017304578151688382
OBS_30_CNT_SOCIAL_CIRCLE,BUREAU_TOTAL_SEVERE_OVERDUE_MONTHS,0.00017224522602183484
FLAG_DOCUMENT_4,FLAG_DOCUMENT_21,0.00016949809398463504
FLAG_PHONE,EXT_SOURCE_3,0.00016916965149498239
OBS_60_CNT_SOCIAL_CIRCLE,FLAG_DOCUMENT_17,0.00016880833384263184
FLAG_DOCUMENT_19,AMT_REQ_CREDIT_BUREAU_DAY,0.0001686815551657278
AMT_ANNUITY,FLAG_MOBIL,0.00016620201846239308
FLAG_DOCUMENT_2,FLAG_DOCUMENT_19,0.00016517141696329647
NAME_CONTRACT_TYPE,FLAG_DOCUMENT_17,0.0001633970007081784
FLAG_DOCUMENT_4,BUREAU_CREDIT_GROUP,0.0001616192476206918
FLAG_DOCUMENT_4,BUREAU_TOTAL_DEBT,0.00015913578371745752
FLAG_DOCUMENT_17,CREDIT_INCOME_RATIO,0.00015889855961828507
FLAG_DOCUMENT_12,BUREAU_OVERDUE_RATIO,0.00015639961652771825
FLAG_MOBIL,BUREAU_OVERDUE_RATIO,0.00015639961652436557
FLAG_DOCUMENT_12,WALLSMATERIAL_MODE_Monolithic,0.00015497613101842072
FLAG_MOBIL,WALLSMATERIAL_MODE_Monolithic,0.00015497613101417596
FLAG_DOCUMENT_4,PREVIOUS_AVG_APPLICATION,0.00015322054579079594
OBS_60_CNT_SOCIAL_CIRCLE,BUREAU_AVG_SEVERE_OVERDUE_RATIO,0.00015083187257609106
FLAG_DOCUMENT_2,FLAG_DOCUMENT_20,0.0001501679129700504
AMT_REQ_CREDIT_BUREAU_DAY,AMT_REQ_CREDIT_BUREAU_YEAR,0.00014921916928910793
FLAG_DOCUMENT_4,FLAG_DOCUMENT_17,0.00014893620994384276
FLAG_DOCUMENT_12,WALLSMATERIAL_MODE_Others,0.00014740531896676034
FLAG_MOBIL,WALLSMATERIAL_MODE_Others,0.00014740531896192916
DAYS_BIRTH,HAS_BUREAU_OVERDUE,0.00014432593809970696
AGE_YEARS,HAS_BUREAU_OVERDUE,0.00014432593809967655
FLAG_MOBIL,AMT_REQ_CREDIT_BUREAU_HOUR,0.00014211176772298693
FLAG_DOCUMENT_12,AMT_REQ_CREDIT_BUREAU_HOUR,0.0001421117677191723
LATE_PAYMENT_COUNT,NAME_INCOME_TYPE_State servant,0.00014164526048249536
FLAG_WORK_PHONE,BUREAU_CREDIT_GROUP,0.0001414210432376791
REG_REGION_NOT_WORK_REGION,FLAG_DOCUMENT_17,0.00014100156095093056
FLAG_DOCUMENT_9,BUREAU_OVERDUE_RATIO,0.00013992217036751426
FLAG_DOCUMENT_10,FLAG_DOCUMENT_15,0.00013971912335780773
TOTALAREA_MODE,BUREAU_TOTAL_SEVERE_OVERDUE_MONTHS,0.00013842634742596693
DEF_30_CNT_SOCIAL_CIRCLE,BUREAU_CREDIT_COUNT,0.0001363830866845592
FLAG_DOCUMENT_10,NAME_INCOME_TYPE_Working,0.0001324792283036295
BUREAU_AVG_OVERDUE_RATIO,WALLSMATERIAL_MODE_Wooden,0.00013235068125023625
FLOORSMAX_MEDI,BUREAU_TOTAL_SEVERE_OVERDUE_MONTHS,0.00013214316473523095
CNT_FAM_MEMBERS,WALLSMATERIAL_MODE_Mixed,0.00013081026139780873
FLAG_DOCUMENT_11,PREVIOUS_REFUSED_COUNT,0.0001295310869679444
FLAG_DOCUMENT_4,FLAG_DOCUMENT_7,0.00012933052875113157
DAYS_LAST_PHONE_CHANGE,OVERDUE_SEVERITY,0.00012867761433922966
FLAG_DOCUMENT_17,WALLSMATERIAL_MODE_Wooden,0.00012667729546864183
DEF_60_CNT_SOCIAL_CIRCLE,WALLSMATERIAL_MODE_Others,0.00012650408609830353
FLAG_MOBIL,REGION_RATING_CLIENT_W_CITY,0.0001262113228586313
REGION_RATING_CLIENT_W_CITY,FLAG_DOCUMENT_12,0.00012621132284396143
FLAG_MOBIL,FLAG_DOCUMENT_11,0.0001255980711207449
FLAG_DOCUMENT_11,FLAG_DOCUMENT_12,0.000125598071118019
FLAG_DOCUMENT_9,FLAG_DOCUMENT_12,0.00012533263095153565
FLAG_MOBIL,FLAG_DOCUMENT_9,0.0001253326309473111
FLAG_PHONE,FLAG_DOCUMENT_2,0.0001222189783755747
TOTALAREA_MODE,BUREAU_AVG_SEVERE_OVERDUE_RATIO,0.00012061115875751445
FLAG_DOCUMENT_4,NAME_INCOME_TYPE_Other,0.00012059986896433293
FLAG_DOCUMENT_2,FLAG_DOCUMENT_21,0.00011985057194622183
FLAG_MOBIL,FLAG_DOCUMENT_13,0.00011744889983963463
FLAG_DOCUMENT_12,FLAG_DOCUMENT_13,0.00011744889983774359
FLAG_OWN_CAR,FLAG_DOCUMENT_11,0.00011679127536523533
FLAG_DOCUMENT_12,AMT_REQ_CREDIT_BUREAU_DAY,0.00011671872945458241
FLAG_MOBIL,AMT_REQ_CREDIT_BUREAU_DAY,0.00011671872945030245
DAYS_REGISTRATION,FLAG_MOBIL,0.00011416960362330973
DAYS_REGISTRATION,NAME_INCOME_TYPE_Other,0.0001132120084502853
LATE_PAYMENT_RATE,WALLSMATERIAL_MODE_Wooden,0.00011238518272234115
FLAG_DOCUMENT_12,FLAG_DOCUMENT_14,0.00010968866190499372
FLAG_MOBIL,FLAG_DOCUMENT_14,0.00010968866190058652
YEARS_BEGINEXPLUATATION_MEDI,FLAG_DOCUMENT_10,0.00010879864022953837
FLAG_MOBIL,BUREAU_AVG_SEVERE_OVERDUE_RATIO,0.00010837088059470009
FLAG_DOCUMENT_12,BUREAU_AVG_SEVERE_OVERDUE_RATIO,0.00010837088059124091
FLAG_MOBIL,BUREAU_TOTAL_SEVERE_OVERDUE_MONTHS,0.00010700882213696536
FLAG_DOCUMENT_12,BUREAU_TOTAL_SEVERE_OVERDUE_MONTHS,0.0001070088221363439
FLAG_DOCUMENT_6,HAS_BUREAU_OVERDUE,0.00010617921558388949
CNT_CHILDREN,FLAG_DOCUMENT_19,0.00010559517956434912
FLAG_DOCUMENT_2,FLAG_DOCUMENT_17,0.00010531144938355661
BUREAU_DEBT_INCOME_RATIO,BUREAU_TOTAL_SEVERE_OVERDUE_MONTHS,0.00010322699969633222
DEF_60_CNT_SOCIAL_CIRCLE,FLAG_DOCUMENT_21,0.00010008975530124305
FLAG_DOCUMENT_12,BUREAU_MAX_OVERDUE_DAYS,9.980446955375651e-05
FLAG_MOBIL,BUREAU_MAX_OVERDUE_DAYS,9.980446954905786e-05
FLAG_DOCUMENT_10,FLAG_DOCUMENT_19,9.960069493858089e-05
HAS_BUREAU_HISTORY,WALLSMATERIAL_MODE_Others,9.75096371644667e-05
BUREAU_BALANCE_CREDIT_COUNT,EMERGENCYSTATE_MODE_Yes,9.476119524322213e-05
REG_CITY_NOT_LIVE_CITY,OVERDUE_SEVERITY,9.46213806479152e-05
REG_REGION_NOT_LIVE_REGION,AMT_REQ_CREDIT_BUREAU_MON,9.432852892479499e-05
OBS_60_CNT_SOCIAL_CIRCLE,BUREAU_TOTAL_SEVERE_OVERDUE_MONTHS,9.285479920843096e-05
BUREAU_MAX_OVERDUE_RATIO,WALLSMATERIAL_MODE_Missing,9.163907429389345e-05
FLAG_DOCUMENT_2,FLAG_DOCUMENT_7,9.144844922170848e-05
FLAG_DOCUMENT_10,FLAG_DOCUMENT_20,9.05533703365662e-05
FLAG_MOBIL,FLAG_CONT_MOBILE,8.745423062713265e-05
FLAG_CONT_MOBILE,FLAG_DOCUMENT_12,8.74542306233834e-05
DAYS_BIRTH,FLAG_DOCUMENT_12,8.711700109768662e-05
FLAG_DOCUMENT_12,AGE_YEARS,8.711700109764452e-05
FLAG_DOCUMENT_2,NAME_INCOME_TYPE_Other,8.527507851106116e-05
FLAG_DOCUMENT_7,LATE_PAYMENT_RATE,8.418768261520038e-05
ORGANIZATION_TYPE,FLAG_DOCUMENT_7,8.281980787119489e-05
BUREAU_CREDIT_GROUP,WALLSMATERIAL_MODE_Wooden,8.036531729677331e-05
CNT_CHILDREN,WALLSMATERIAL_MODE_Mixed,7.427894140700408e-05
FLAG_DOCUMENT_18,BUREAU_TOTAL_SEVERE_OVERDUE_MONTHS,7.426161506828709e-05
YEARS_BEGINEXPLUATATION_MEDI,HAS_BUREAU_OVERDUE,7.367526958826461e-05
FLAG_DOCUMENT_10,FLAG_DOCUMENT_21,7.227158593234655e-05
OCCUPATION_TYPE,BUREAU_AVG_MONTHS_REPORTED,7.154139695842605e-05
FLAG_MOBIL,FLAG_DOCUMENT_15,6.985913571836775e-05
FLAG_DOCUMENT_12,FLAG_DOCUMENT_15,6.985913571678629e-05
FLOORSMAX_MEDI,BUREAU_MAX_OVERDUE_RATIO,6.985117029320827e-05
FLAG_OWN_REALTY,BUREAU_CREDIT_COUNT,6.835675736293495e-05
FLAG_DOCUMENT_12,BUREAU_DEBT_INCOME_RATIO,6.671837118508673e-05
REGION_RATING_CLIENT_W_CITY,AMT_REQ_CREDIT_BUREAU_DAY,6.632121039826609e-05
FLAG_DOCUMENT_10,FLAG_DOCUMENT_17,6.350428988522803e-05
FLAG_DOCUMENT_2,FLAG_DOCUMENT_4,6.323937692966089e-05
FLAG_DOCUMENT_4,NAME_INCOME_TYPE_Pensioner,5.958640173115521e-05
FLAG_OWN_CAR,PREVIOUS_APPROVED_COUNT,5.9422837477614846e-05
FLAG_DOCUMENT_9,WALLSMATERIAL_MODE_Mixed,5.7634180410547515e-05
FLAG_EMP_PHONE,FLAG_DOCUMENT_4,5.757238817419843e-05
REG_CITY_NOT_WORK_CITY,FLAG_DOCUMENT_17,5.743243570524349e-05
OBS_30_CNT_SOCIAL_CIRCLE,FLAG_DOCUMENT_17,5.7395434022973284e-05
FLAG_DOCUMENT_6,WALLSMATERIAL_MODE_Wooden,5.708155571051865e-05
FLAG_DOCUMENT_7,FLAG_DOCUMENT_10,5.5144705185651625e-05
TOTALAREA_MODE,NAME_INCOME_TYPE_Other,5.406995315112748e-05
FLAG_DOCUMENT_10,NAME_INCOME_TYPE_Other,5.142207554307651e-05
ORGANIZATION_TYPE,FLAG_DOCUMENT_10,5.101976755615413e-05
NAME_CONTRACT_TYPE,FLAG_DOCUMENT_14,5.051445595953171e-05
FLAG_DOCUMENT_12,FLAG_DOCUMENT_19,4.980004381634879e-05
FLAG_MOBIL,FLAG_DOCUMENT_19,4.980004381060029e-05
HOUR_APPR_PROCESS_START,FLAG_DOCUMENT_4,4.6529167122259724e-05
FLAG_OWN_REALTY,WALLSMATERIAL_MODE_Monolithic,4.643424554016589e-05
AMT_REQ_CREDIT_BUREAU_WEEK,BUREAU_MAX_OVERDUE_DAYS,4.598024337005669e-05
FLAG_DOCUMENT_12,FLAG_DOCUMENT_20,4.527640909794861e-05
FLAG_MOBIL,FLAG_DOCUMENT_20,4.5276409092713736e-05
TOTALAREA_MODE,FLAG_DOCUMENT_4,4.486837462039874e-05
REG_CITY_NOT_LIVE_CITY,AMT_REQ_CREDIT_BUREAU_HOUR,4.4154798150793346e-05
FLAG_PHONE,BUREAU_ACTIVE_RATIO,4.2821296511447884e-05
REG_REGION_NOT_WORK_REGION,FLAG_DOCUMENT_21,4.229536836126686e-05
BUREAU_AVG_SEVERE_OVERDUE_RATIO,PREVIOUS_AVG_APPLICATION,4.090094584844649e-05
YEARS_BEGINEXPLUATATION_MEDI,FLAG_DOCUMENT_4,3.9718238858297495e-05
FLAG_DOCUMENT_4,FLAG_DOCUMENT_10,3.813423657360921e-05
REG_CITY_NOT_LIVE_CITY,YEARS_BEGINEXPLUATATION_MEDI,3.770953049739818e-05
FLAG_DOCUMENT_12,FLAG_DOCUMENT_21,3.613557263156906e-05
FLAG_MOBIL,FLAG_DOCUMENT_21,3.6135572630727224e-05
FLAG_DOCUMENT_11,WALLSMATERIAL_MODE_Mixed,3.5024274088944495e-05
DAYS_LAST_PHONE_CHANGE,HAS_BUREAU_OVERDUE,3.455008403703454e-05
EXT_SOURCE_3,YEARS_BEGINEXPLUATATION_MEDI,3.3845976311315096e-05
FLAG_DOCUMENT_12,FLAG_DOCUMENT_17,3.175195133689233e-05
FLAG_MOBIL,FLAG_DOCUMENT_17,3.175195132943048e-05
FLOORSMAX_MEDI,BUREAU_AVG_SEVERE_OVERDUE_RATIO,2.9140790853376695e-05
BUREAU_TOTAL_DEBT,WALLSMATERIAL_MODE_Others,2.9077696099905588e-05
FLAG_MOBIL,FLAG_DOCUMENT_7,2.75721844761139e-05
FLAG_DOCUMENT_7,FLAG_DOCUMENT_12,2.757218447299573e-05
FLAG_DOCUMENT_2,FLAG_DOCUMENT_10,2.6964374386971262e-05
FLAG_DOCUMENT_12,NAME_INCOME_TYPE_Other,2.571088100089999e-05
FLAG_MOBIL,NAME_INCOME_TYPE_Other,2.5710881000395503e-05
FLAG_DOCUMENT_18,WALLSMATERIAL_MODE_Wooden,2.4857661186505245e-05
DAYS_EMPLOYED,FLAG_DOCUMENT_4,2.3346860658543375e-05
ORGANIZATION_TYPE,BUREAU_MAX_OVERDUE_DAYS,2.050727389828686e-05
FLAG_DOCUMENT_4,AMT_REQ_CREDIT_BUREAU_QRT,1.9604454774979188e-05
FLAG_MOBIL,FLAG_DOCUMENT_4,1.9067002033230533e-05
FLAG_DOCUMENT_4,FLAG_DOCUMENT_12,1.9067002026842187e-05
FLOORSMAX_MEDI,DEBT_INCOME_GROUP,1.7785458119977006e-05
FLAG_DOCUMENT_20,BUREAU_BALANCE_CREDIT_COUNT,1.7262834152237164e-05
FLAG_DOCUMENT_21,EMERGENCYSTATE_MODE_No,1.5315641871904147e-05
FLAG_MOBIL,FLAG_DOCUMENT_2,1.3482104990341769e-05
FLAG_DOCUMENT_2,FLAG_DOCUMENT_12,1.3482104987115471e-05
AMT_REQ_CREDIT_BUREAU_HOUR,BUREAU_AVG_SEVERE_OVERDUE_RATIO,1.2253350132026392e-05
AMT_REQ_CREDIT_BUREAU_YEAR,BUREAU_OVERDUE_RATIO,1.1108343995432379e-05
AMT_REQ_CREDIT_BUREAU_YEAR,WALLSMATERIAL_MODE_Wooden,1.0411707130362367e-05
FLAG_MOBIL,FLAG_DOCUMENT_10,8.129899538727393e-06
FLAG_DOCUMENT_10,FLAG_DOCUMENT_12,8.129899534917739e-06
EXT_SOURCE_2,FLAG_DOCUMENT_10,6.776267747954574e-06
FLAG_DOCUMENT_18,"WALLSMATERIAL_MODE_Stone, brick",5.567695525203042e-06
ORGANIZATION_TYPE,CREDIT_INCOME_RATIO,4.1255899298057995e-06
FLAG_MOBIL,FLAG_DOCUMENT_12,4.064924983714244e-06
CREDIT_INCOME_RATIO,OVERDUE_SEVERITY,3.222644094182576e-06
BUREAU_ACTIVE_COUNT,WALLSMATERIAL_MODE_Others,1.1088928178508742e-06
