Model,Recall,Precision,Threshold,PR_AUC
LightGBM,1.0,0.08072776937710356,0.012223905244188822,0.2544212443667838
LightGBM,1.0,0.0808421258304025,0.03293868508881108,0.2544212443667838
LightGBM,0.9997985901309164,0.08094182102791547,0.04095218521587766,0.2544212443667838
LightGBM,0.9997985901309164,0.08105813193990856,0.04593612502550738,0.2544212443667838
LightGBM,0.9995971802618329,0.08115842490842491,0.04963815598988494,0.2544212443667838
LightGBM,0.9995971802618329,0.08127538320450675,0.05293968290323013,0.2544212443667838
LightGBM,0.9993957703927493,0.08137627919181317,0.05614448738913673,0.2544212443667838
LightGBM,0.9993957703927493,0.08149389042175798,0.05859472021032096,0.2544212443667838
LightGBM,0.9993957703927493,0.08161184210526316,0.061381712523139335,0.2544212443667838
LightGBM,0.9991943605236656,0.08171366451442878,0.06386883686917365,0.2544212443667838
LightGBM,0.9987915407854985,0.08179928741092636,0.06578155039984303,0.2544212443667838
LightGBM,0.9987915407854985,0.0819181974362363,0.06779749925277209,0.2544212443667838
LightGBM,0.9987915407854985,0.08203745367919534,0.06976950872385626,0.2544212443667838
LightGBM,0.9981873111782478,0.08210735586481113,0.07146491162495555,0.2544212443667838
LightGBM,0.9979859013091642,0.08221064507565702,0.07331310281885378,0.2544212443667838
LightGBM,0.9979859013091642,0.08233085205370198,0.07529249286383954,0.2544212443667838
LightGBM,0.997583081570997,0.08241813099041534,0.076884723533195,0.2544212443667838
LightGBM,0.997583081570997,0.08253899480069324,0.07843427109186996,0.2544212443667838
LightGBM,0.9971802618328298,0.0826268357810414,0.0798042356130965,0.2544212443667838
LightGBM,0.9971802618328298,0.08274836208049205,0.08157661021925244,0.2544212443667838
LightGBM,0.9967774420946627,0.08283677021960364,0.08306505902248142,0.2544212443667838
LightGBM,0.9967774420946627,0.08295896473112511,0.08467990676766309,0.2544212443667838
LightGBM,0.9967774420946627,0.08308152027934461,0.08606552468703083,0.2544212443667838
LightGBM,0.9967774420946627,0.0832044384667115,0.08740030373731944,0.2544212443667838
LightGBM,0.9963746223564954,0.08329404633620689,0.08867235501498534,0.2544212443667838
LightGBM,0.9957703927492447,0.08336705787130716,0.08994386854878977,0.2544212443667838
LightGBM,0.9957703927492447,0.0834909483923264,0.0913942688557689,0.2544212443667838
LightGBM,0.9957703927492447,0.08361520768502233,0.09240275479470494,0.2544212443667838
LightGBM,0.9957703927492447,0.08373983739837398,0.09353961272051783,0.2544212443667838
LightGBM,0.9953675730110776,0.08383091328538472,0.09482881598111233,0.2544212443667838
LightGBM,0.9953675730110776,0.08395623810818158,0.09616344398103999,0.2544212443667838
LightGBM,0.9951661631419939,0.08406492445896284,0.09734075536365883,0.2544212443667838
LightGBM,0.9949647532729103,0.08417393675027263,0.09824564379643388,0.2544212443667838
LightGBM,0.9949647532729103,0.08430034129692833,0.09925578164421334,0.2544212443667838
LightGBM,0.9945619335347432,0.08439294503691551,0.10036892161340658,0.2544212443667838
LightGBM,0.9943605236656596,0.08450294399561824,0.10205767936424315,0.2544212443667838
LightGBM,0.9937562940584088,0.08457899067471202,0.10330473028490482,0.2544212443667838
LightGBM,0.9937562940584088,0.08470677104793298,0.10457434152761992,0.2544212443667838
LightGBM,0.9937562940584088,0.08483493810178817,0.1055638014461442,0.2544212443667838
LightGBM,0.9935548841893252,0.08494627359140378,0.10656226967180657,0.2544212443667838
LightGBM,0.9933534743202417,0.08505794701986755,0.1077955285900593,0.2544212443667838
LightGBM,0.992749244712991,0.08513541522730413,0.10876886405456777,0.2544212443667838
LightGBM,0.9923464249748237,0.08523041793523388,0.10977509172411001,0.2544212443667838
LightGBM,0.9919436052366566,0.08532571032571032,0.11072947193028866,0.2544212443667838
LightGBM,0.991742195367573,0.08543864519711271,0.11182143364725923,0.2544212443667838
LightGBM,0.9915407854984895,0.08555192548310858,0.1127169536645616,0.2544212443667838
LightGBM,0.9911379657603222,0.08564814814814815,0.1134967921513886,0.2544212443667838
LightGBM,0.9909365558912386,0.08576209733649422,0.11463402252817942,0.2544212443667838
LightGBM,0.9909365558912386,0.08589385474860335,0.11557490762763525,0.2544212443667838
LightGBM,0.9905337361530715,0.08599104769897888,0.11668852878148459,0.2544212443667838
LightGBM,0.9901309164149044,0.086088540207341,0.11758034454790367,0.2544212443667838
LightGBM,0.9899295065458208,0.0862038725971657,0.11859906266659338,0.2544212443667838
LightGBM,0.9899295065458208,0.08633712759977516,0.11972799739800574,0.2544212443667838
LightGBM,0.9899295065458208,0.08647079521463757,0.12078722599234683,0.2544212443667838
LightGBM,0.9899295065458208,0.08660487736115027,0.1218690588153472,0.2544212443667838
LightGBM,0.9897280966767371,0.08672172808132148,0.1227325194706952,0.2544212443667838
LightGBM,0.98932527693857,0.08682126696832579,0.12358736570160755,0.2544212443667838
LightGBM,0.9887210473313193,0.08690341311428976,0.12460347065806467,0.2544212443667838
LightGBM,0.9885196374622357,0.08702127659574468,0.12532612956697942,0.2544212443667838
LightGBM,0.9879154078549849,0.08710399204432448,0.1261942293198972,0.2544212443667838
LightGBM,0.9877139979859013,0.08722253841775754,0.12716482104436294,0.2544212443667838
LightGBM,0.9869083585095669,0.08728801482114863,0.12818219356157573,0.2544212443667838
LightGBM,0.9867069486404834,0.08740722238081644,0.1289504844081059,0.2544212443667838
LightGBM,0.9865055387713998,0.08752680486061472,0.12992868581910727,0.2544212443667838
LightGBM,0.9859013091641491,0.08761096792668957,0.1308558570017267,0.2544212443667838
LightGBM,0.9854984894259818,0.08771332281657823,0.1317137937651377,0.2544212443667838
LightGBM,0.9854984894259818,0.08785191037058317,0.13256628361097952,0.2544212443667838
LightGBM,0.9854984894259818,0.08799093655589124,0.13349001249315026,0.2544212443667838
LightGBM,0.9850956696878147,0.08809438040345821,0.13457468112361914,0.2544212443667838
LightGBM,0.9846928499496476,0.08819815269158608,0.13531841150333151,0.2544212443667838
LightGBM,0.984491440080564,0.08832032379300375,0.1362301796039993,0.2544212443667838
LightGBM,0.9840886203423967,0.08842478644853048,0.13727651855260745,0.2544212443667838
LightGBM,0.9838872104733132,0.08854770881670533,0.13801660450138295,0.2544212443667838
LightGBM,0.9836858006042296,0.08867102396514161,0.13896904914123417,0.2544212443667838
LightGBM,0.9830815709969789,0.08875836485306954,0.13986999359476754,0.2544212443667838
LightGBM,0.9826787512588117,0.08886419932973919,0.14081940889768155,0.2544212443667838
LightGBM,0.9826787512588117,0.08900685931115003,0.14166375735111586,0.2544212443667838
LightGBM,0.9822759315206445,0.08911343370852215,0.14241814721770202,0.2544212443667838
LightGBM,0.982074521651561,0.08923701982028147,0.14311304301103325,0.2544212443667838
LightGBM,0.9818731117824774,0.0893626381683867,0.1437837966041152,0.2544212443667838
LightGBM,0.9818731117824774,0.0895070228587166,0.14458532794800838,0.2544212443667838
LightGBM,0.9816717019133937,0.08963348474538868,0.14530686135097215,0.2544212443667838
LightGBM,0.9812688821752266,0.08974193667225405,0.14606362606885614,0.2544212443667838
LightGBM,0.981067472306143,0.08986919060533939,0.14684085524133156,0.2544212443667838
LightGBM,0.981067472306143,0.09001533827361262,0.14762682221779613,0.2544212443667838
LightGBM,0.981067472306143,0.09016196205460435,0.14847584974941055,0.2544212443667838
LightGBM,0.9808660624370594,0.09029052413000352,0.1492713425641924,0.2544212443667838
LightGBM,0.9804632426988923,0.09040093595052832,0.14998169413231627,0.2544212443667838
LightGBM,0.9804632426988923,0.0905489109205558,0.15067982480559763,0.2544212443667838
LightGBM,0.980060422960725,0.09066010843440836,0.15153439651095288,0.2544212443667838
LightGBM,0.9796576032225579,0.09077167117663525,0.1522757468316476,0.2544212443667838
LightGBM,0.9792547834843908,0.09088360094958596,0.15308978657932948,0.2544212443667838
LightGBM,0.9792547834843908,0.09103334643973862,0.15398873538795121,0.2544212443667838
LightGBM,0.9792547834843908,0.09118358620430975,0.1548770103178135,0.2544212443667838
LightGBM,0.9788519637462235,0.0912967520147277,0.155719006981511,0.2544212443667838
LightGBM,0.9784491440080564,0.09141029259572866,0.15667862077732164,0.2544212443667838
LightGBM,0.9780463242698892,0.09152420981208889,0.1575807309214639,0.2544212443667838
LightGBM,0.9776435045317221,0.0916385055409768,0.15850363301857168,0.2544212443667838
LightGBM,0.9774420946626384,0.09177209205574781,0.159091964196245,0.2544212443667838
LightGBM,0.9774420946626384,0.09192506582312049,0.1597694349205376,0.2544212443667838
LightGBM,0.9774420946626384,0.09207855042216108,0.16058833750251264,0.2544212443667838
LightGBM,0.9766364551863042,0.0921565273580782,0.16126735294441105,0.2544212443667838
LightGBM,0.9762336354481369,0.09227283976470141,0.1621064727887438,0.2544212443667838
LightGBM,0.9758308157099698,0.09238954253351385,0.16287029364471706,0.2544212443667838
LightGBM,0.9754279959718026,0.09250663763299143,0.16388628274523062,0.2544212443667838
LightGBM,0.9752265861027191,0.09264326030804554,0.16462315787206175,0.2544212443667838
LightGBM,0.9750251762336355,0.09278034382965675,0.1654473924557081,0.2544212443667838
LightGBM,0.9748237663645518,0.09291789053350995,0.16630448722150545,0.2544212443667838
LightGBM,0.9746223564954682,0.09305590277110055,0.16707795452340343,0.2544212443667838
LightGBM,0.9744209466263847,0.09319438290986844,0.16789347709227145,0.2544212443667838
LightGBM,0.9740181268882175,0.09331403762662807,0.16885044123018428,0.2544212443667838
LightGBM,0.9736153071500504,0.0934340993872857,0.16966601514759627,0.2544212443667838
LightGBM,0.9734138972809667,0.09357393173149528,0.1703644565543375,0.2544212443667838
LightGBM,0.9732124874118832,0.09371424138399177,0.17113923910738038,0.2544212443667838
LightGBM,0.9730110775427996,0.09385503079284285,0.17191783173245703,0.2544212443667838
LightGBM,0.9722054380664653,0.0939379196263501,0.17269688033914107,0.2544212443667838
LightGBM,0.9718026183282981,0.09406008148624675,0.17347972569051506,0.2544212443667838
LightGBM,0.9713997985901309,0.09418266320373372,0.1742336634925947,0.2544212443667838
LightGBM,0.9709969788519638,0.0943056669470472,0.17513078610160474,0.2544212443667838
LightGBM,0.9705941591137965,0.09442909489937883,0.1757702261145604,0.2544212443667838
LightGBM,0.970392749244713,0.09457257827068408,0.17638031359282585,0.2544212443667838
LightGBM,0.9697885196374623,0.0946772322394164,0.1771592999770163,0.2544212443667838
LightGBM,0.9691842900302114,0.09478224901022278,0.17785449295154768,0.2544212443667838
LightGBM,0.9683786505538772,0.09486789921272272,0.17872909260495065,0.2544212443667838
LightGBM,0.9679758308157099,0.09499337853062677,0.17951133661657492,0.2544212443667838
LightGBM,0.9675730110775428,0.09511929511929512,0.18028000486763876,0.2544212443667838
LightGBM,0.9669687814702921,0.09522581668881529,0.18089263892679164,0.2544212443667838
LightGBM,0.9667673716012085,0.09537244928371316,0.18148727875265847,0.2544212443667838
LightGBM,0.9659617321248741,0.09545988336219423,0.18218770459118397,0.2544212443667838
LightGBM,0.9657603222557906,0.0956074412298367,0.18295160109916475,0.2544212443667838
LightGBM,0.965558912386707,0.09575551782682512,0.18382891186943345,0.2544212443667838
LightGBM,0.9653575025176233,0.09590411589331092,0.18470388261322,0.2544212443667838
LightGBM,0.964551863041289,0.09599310469241716,0.18524022636412496,0.2544212443667838
LightGBM,0.9643504531722055,0.09614264773799723,0.18594847601751513,0.2544212443667838
LightGBM,0.9641490433031219,0.09629272021402853,0.18662147797028517,0.2544212443667838
LightGBM,0.963141993957704,0.09636272040302267,0.18733505680022838,0.2544212443667838
LightGBM,0.963141993957704,0.0965339039505824,0.1881281727621035,0.2544212443667838
LightGBM,0.963141993957704,0.09670569677849906,0.18886110474217285,0.2544212443667838
LightGBM,0.9627391742195368,0.09683758432770811,0.18974237026052876,0.2544212443667838
LightGBM,0.9625377643504531,0.09699023806141295,0.19037562996372182,0.2544212443667838
LightGBM,0.9619335347432024,0.09710277523635255,0.1911242497670698,0.2544212443667838
LightGBM,0.9613293051359516,0.09721571582785099,0.19183113086940498,0.2544212443667838
LightGBM,0.9609264853977845,0.09734946642453426,0.19256564694693923,0.2544212443667838
LightGBM,0.9601208459214502,0.09744281596860244,0.19330521238635595,0.2544212443667838
LightGBM,0.959718026183283,0.0975774578666066,0.19393541327242425,0.2544212443667838
LightGBM,0.9595166163141994,0.09773310083085444,0.19462361642976259,0.2544212443667838
LightGBM,0.9589123867069487,0.09784820272519884,0.1953706568940555,0.2544212443667838
LightGBM,0.9587109768378651,0.09800490024501225,0.19600071857851611,0.2544212443667838
LightGBM,0.9587109768378651,0.09818279325921495,0.19669472969787688,0.2544212443667838
LightGBM,0.9583081570996979,0.09832000495939495,0.19741778055529002,0.2544212443667838
LightGBM,0.9581067472306143,0.09847841838319014,0.1980764297520533,0.2544212443667838
LightGBM,0.9581067472306143,0.09865814961528092,0.19883458308572957,0.2544212443667838
LightGBM,0.9579053373615307,0.09881776060171622,0.19950419988626744,0.2544212443667838
LightGBM,0.9570996978851963,0.09891550966882455,0.2002694586552137,0.2544212443667838
LightGBM,0.9568982880161128,0.09907617875836756,0.20105329173624736,0.2544212443667838
LightGBM,0.9562940584088621,0.09919565444479264,0.2016971222606344,0.2544212443667838
LightGBM,0.9558912386706948,0.09933442170036419,0.20234405098256103,0.2544212443667838
LightGBM,0.9558912386706948,0.09951771859928706,0.2032999645961501,0.2544212443667838
LightGBM,0.954884189325277,0.09959665560270577,0.20412687600811885,0.2544212443667838
LightGBM,0.9544813695871097,0.0997390242875784,0.20499336477844596,0.2544212443667838
LightGBM,0.953877139979859,0.09986083582844853,0.20556446797797592,0.2544212443667838
LightGBM,0.9528700906344411,0.09994085090202375,0.20632474160356049,0.2544212443667838
LightGBM,0.9524672708962739,0.10008465608465608,0.20704408773914912,0.2544212443667838
LightGBM,0.9520644511581068,0.10022899792205589,0.20781102999711126,0.2544212443667838
LightGBM,0.9516616314199395,0.1003738794238858,0.20862393669726276,0.2544212443667838
LightGBM,0.9508559919436053,0.10047673775167071,0.20944616125881607,0.2544212443667838
LightGBM,0.9506545820745217,0.10064395070152245,0.2101919163046514,0.2544212443667838
LightGBM,0.9506545820745217,0.10083315530869473,0.21095770266010389,0.2544212443667838
LightGBM,0.9498489425981873,0.10093745986901245,0.2117491066011684,0.2544212443667838
LightGBM,0.9490433031218529,0.10104215808208603,0.21252674512416395,0.2544212443667838
LightGBM,0.9488418932527694,0.1012117045503373,0.21329717539326742,0.2544212443667838
LightGBM,0.9482376636455186,0.10133884368677085,0.21404751362585747,0.2544212443667838
LightGBM,0.9482376636455186,0.10153116238947596,0.2147711989085351,0.2544212443667838
LightGBM,0.9478348439073515,0.10168099909251976,0.2155091171431549,0.2544212443667838
LightGBM,0.9470292044310171,0.10178811101008789,0.21639250320841286,0.2544212443667838
LightGBM,0.9462235649546827,0.10189563180497116,0.21723094234904994,0.2544212443667838
LightGBM,0.9460221550855992,0.10206875570428962,0.21794501747889772,0.2544212443667838
LightGBM,0.9450151057401812,0.10215545395166557,0.21860460783772007,0.2544212443667838
LightGBM,0.9444108761329305,0.1022861131713276,0.2193362088077911,0.2544212443667838
LightGBM,0.9436052366565961,0.10239541897976133,0.22003637817631863,0.2544212443667838
LightGBM,0.9427995971802619,0.10250514606052644,0.22074686198332769,0.2544212443667838
LightGBM,0.9423967774420947,0.10265917767343893,0.22143755275581625,0.2544212443667838
LightGBM,0.9419939577039275,0.1028138052319191,0.22219693116558883,0.2544212443667838
LightGBM,0.9415911379657603,0.10296903220122462,0.22287941067481803,0.2544212443667838
LightGBM,0.9411883182275932,0.10312486207353136,0.22363619566774148,0.2544212443667838
LightGBM,0.9409869083585096,0.10330340954318312,0.22445945972900114,0.2544212443667838
LightGBM,0.9405840886203424,0.10346049891444016,0.22510340042869567,0.2544212443667838
LightGBM,0.9403826787512588,0.10364039955604884,0.2259789646048298,0.2544212443667838
LightGBM,0.9401812688821752,0.10382100440371869,0.22672774550447597,0.2544212443667838
LightGBM,0.9397784491440081,0.10398003298123636,0.2274874980778531,0.2544212443667838
LightGBM,0.9395770392749244,0.10416201491537534,0.22830140900299686,0.2544212443667838
LightGBM,0.9391742195367573,0.10432234104434203,0.22926421484252207,0.2544212443667838
LightGBM,0.9387713997985901,0.10448329970858553,0.2299024399173607,0.2544212443667838
LightGBM,0.9377643504531722,0.10457751224113922,0.230612667583658,0.2544212443667838
LightGBM,0.9369587109768379,0.10469460323175947,0.231281230401983,0.2544212443667838
LightGBM,0.9367573011077542,0.10487980877643982,0.2320466853798278,0.2544212443667838
LightGBM,0.93595166163142,0.10499796646933887,0.2326827752165471,0.2544212443667838
LightGBM,0.9353474320241691,0.10513923477473398,0.23341574634675613,0.2544212443667838
LightGBM,0.933937562940584,0.1051903271176444,0.23426302396397575,0.2544212443667838
LightGBM,0.932527693856999,0.1052416238577988,0.23494539264118802,0.2544212443667838
LightGBM,0.932527693856999,0.10545255773698356,0.23584719139240007,0.2544212443667838
LightGBM,0.9311178247734139,0.10550458715596331,0.23662280552693357,0.2544212443667838
LightGBM,0.9301107754279959,0.10560256117082095,0.2373870271307136,0.2544212443667838
LightGBM,0.9295065458207452,0.1057467577104624,0.23831743438914524,0.2544212443667838
LightGBM,0.9291037260825781,0.1059144969463195,0.23914615386674984,0.2544212443667838
LightGBM,0.9280966767371601,0.10601389591864906,0.24003272109421234,0.2544212443667838
LightGBM,0.9270896273917422,0.10611369818802158,0.2407138188546287,0.2544212443667838
LightGBM,0.9264853977844915,0.10626010626010626,0.24149926657649917,0.2544212443667838
LightGBM,0.9256797583081571,0.10638396370538401,0.24230594878324685,0.2544212443667838
LightGBM,0.9248741188318228,0.10650832676160876,0.2430721972415867,0.2544212443667838
LightGBM,0.924269889224572,0.10665644029191651,0.2439828869954291,0.2544212443667838
LightGBM,0.9238670694864048,0.10682845032372258,0.24473430352898548,0.2544212443667838
LightGBM,0.9234642497482377,0.10700116686114353,0.2454338910044329,0.2544212443667838
LightGBM,0.9224572004028198,0.10710443852018146,0.2461519269904119,0.2544212443667838
LightGBM,0.9218529707955689,0.10725500304635141,0.247070082273664,0.2544212443667838
LightGBM,0.9212487411883182,0.10740618982764288,0.24780575740759447,0.2544212443667838
LightGBM,0.9198388721047331,0.10746388065320721,0.2484521278280498,0.2544212443667838
LightGBM,0.9192346424974823,0.10761612827163405,0.24912564669932155,0.2544212443667838
LightGBM,0.9186304128902316,0.10776900902603846,0.24982627373302846,0.2544212443667838
LightGBM,0.918429003021148,0.10796988208552351,0.25058341651818333,0.2544212443667838
LightGBM,0.9180261832829809,0.10814786693873678,0.25135072949094356,0.2544212443667838
LightGBM,0.9172205438066465,0.10827904322602121,0.25207628390644266,0.2544212443667838
LightGBM,0.9168177240684794,0.10845842268286872,0.2527367650452697,0.2544212443667838
LightGBM,0.916012084592145,0.1085908027314837,0.2536109705604953,0.2544212443667838
LightGBM,0.915005035246727,0.10869981337034024,0.25445711227963397,0.2544212443667838
LightGBM,0.9141993957703928,0.10883326140123724,0.2553033078750647,0.2544212443667838
LightGBM,0.9133937562940584,0.1089672737757701,0.2561443850201262,0.2544212443667838
LightGBM,0.9129909365558913,0.10915001203948953,0.25686640554280454,0.2544212443667838
LightGBM,0.9125881168177241,0.10933352637420973,0.25764725752222334,0.2544212443667838
LightGBM,0.9123867069486404,0.10954200319195241,0.25843556960805797,0.2544212443667838
LightGBM,0.9115810674723062,0.10967867009160083,0.2592013257914486,0.2544212443667838
LightGBM,0.911178247734139,0.10986449074748653,0.2601341356134763,0.2544212443667838
LightGBM,0.9103726082578046,0.11000243368216112,0.260908382404619,0.2544212443667838
LightGBM,0.9097683786505538,0.110165357787425,0.2617379383485931,0.2544212443667838
LightGBM,0.9091641490433031,0.110326286203104,0.2625066480312024,0.2544212443667838
LightGBM,0.9083585095669687,0.11046611311142136,0.26323343879125183,0.2544212443667838
LightGBM,0.9079556898288016,0.11065563710449447,0.2639748795106378,0.2544212443667838
LightGBM,0.9073514602215509,0.11082138200782268,0.264672749771625,0.2544212443667838
LightGBM,0.9061430010070494,0.11091388703991323,0.26535182996608947,0.2544212443667838
LightGBM,0.9057401812688822,0.11110562075355157,0.2661381283016444,0.2544212443667838
LightGBM,0.905337361530715,0.1112981900116374,0.26680361045842166,0.2544212443667838
LightGBM,0.9049345417925478,0.11149160028784834,0.26761560180279576,0.2544212443667838
LightGBM,0.904330312185297,0.1116609882867872,0.26834346621237526,0.2544212443667838
LightGBM,0.9037260825780463,0.1118311193081275,0.2691561391251847,0.2544212443667838
LightGBM,0.9033232628398792,0.1120269763956538,0.26991894158815743,0.2544212443667838
LightGBM,0.9033232628398792,0.1122737627356247,0.2706410671173922,0.2544212443667838
LightGBM,0.9021148036253777,0.11237110815625079,0.27152033260462427,0.2544212443667838
LightGBM,0.9013091641490433,0.11251917226119534,0.27239828380679476,0.2544212443667838
LightGBM,0.9003021148036254,0.1126426933447572,0.2730720477715663,0.2544212443667838
LightGBM,0.8996978851963746,0.11281727490844803,0.273819515893134,0.2544212443667838
LightGBM,0.8992950654582075,0.11301794618675172,0.27452659140294045,0.2544212443667838
LightGBM,0.8988922457200402,0.11321951343260864,0.27532289741552657,0.2544212443667838
LightGBM,0.898086606243706,0.11337113218580763,0.2759808937194425,0.2544212443667838
LightGBM,0.8976837865055388,0.11357439543358051,0.27679819350630086,0.2544212443667838
LightGBM,0.8964753272910373,0.1136764142510535,0.27767530063911805,0.2544212443667838
LightGBM,0.8956696878147029,0.11383008677400364,0.27848934062916486,0.2544212443667838
LightGBM,0.8952668680765358,0.11403576284666102,0.2793786973437772,0.2544212443667838
LightGBM,0.894662638469285,0.11421665681005888,0.28018921714354306,0.2544212443667838
LightGBM,0.8944612286002014,0.11444991366646909,0.2810200308369059,0.2544212443667838
LightGBM,0.8932527693856999,0.11455508200955702,0.281859455162871,0.2544212443667838
LightGBM,0.8926485397784492,0.11473839542289073,0.2826875837945165,0.2544212443667838
LightGBM,0.892245720040282,0.11494849373362048,0.28350602682132187,0.2544212443667838
LightGBM,0.8916414904330312,0.11513354659176614,0.2842603208724782,0.2544212443667838
LightGBM,0.8910372608257805,0.11531944842686964,0.28496832785642884,0.2544212443667838
LightGBM,0.8896273917421954,0.11540169823644676,0.2856133432213968,0.2544212443667838
LightGBM,0.8884189325276939,0.1155105140492838,0.28642585225974143,0.2544212443667838
LightGBM,0.8882175226586103,0.1157510695818788,0.28725456808575683,0.2544212443667838
LightGBM,0.8882175226586103,0.11601904711793955,0.2881069309529465,0.2544212443667838
LightGBM,0.8876132930513595,0.1162091606676687,0.28886996325329417,0.2544212443667838
LightGBM,0.8866062437059415,0.11634729747588211,0.28958655001033434,0.2544212443667838
LightGBM,0.8855991943605237,0.11648607836384349,0.2904434978262431,0.2544212443667838
LightGBM,0.8851963746223565,0.1167051700788656,0.2912066667778908,0.2544212443667838
LightGBM,0.8845921450151057,0.11689867184796784,0.29204561122891426,0.2544212443667838
LightGBM,0.8837865055387714,0.11706640343622442,0.2929453266830318,0.2544212443667838
LightGBM,0.8831822759315207,0.1172616659981281,0.29372930182880813,0.2544212443667838
LightGBM,0.8825780463242698,0.11745784973329403,0.2945226327293388,0.2544212443667838
LightGBM,0.8819738167170191,0.11765496117574357,0.29537835723163053,0.2544212443667838
LightGBM,0.881570996978852,0.1178799385957825,0.2961809380370514,0.2544212443667838
LightGBM,0.881570996978852,0.11815997624382474,0.2970187271815163,0.2544212443667838
LightGBM,0.8813695871097684,0.1184142876471384,0.2978024512196659,0.2544212443667838
LightGBM,0.8803625377643505,0.11856131499715192,0.2987075280157551,0.2544212443667838
LightGBM,0.8795568982880161,0.11873623535169527,0.29936687022443365,0.2544212443667838
LightGBM,0.8787512588116818,0.1189119947671091,0.30014080448235353,0.2544212443667838
LightGBM,0.8779456193353474,0.11908859929513975,0.3009722696041225,0.2544212443667838
LightGBM,0.877139979859013,0.11926605504587157,0.30179981064759065,0.2544212443667838
LightGBM,0.8763343403826788,0.11944436818843165,0.30251563875155896,0.2544212443667838
LightGBM,0.875730110775428,0.11965106359558601,0.3032721999541281,0.2544212443667838
LightGBM,0.8749244712990937,0.11983117707097735,0.30417913111070577,0.2544212443667838
LightGBM,0.8743202416918429,0.12003981970522357,0.30511620043730253,0.2544212443667838
LightGBM,0.8731117824773413,0.12016632016632017,0.30588008622775253,0.2544212443667838
LightGBM,0.8727089627391742,0.12040459054658627,0.3067824922501442,0.2544212443667838
LightGBM,0.870896273917422,0.1204490375776484,0.3075635637200725,0.2544212443667838
LightGBM,0.8700906344410876,0.1206333249560191,0.3085212579097666,0.2544212443667838
LightGBM,0.8694864048338369,0.12084651345071802,0.3092744307245218,0.2544212443667838
LightGBM,0.8686807653575025,0.1210326925775221,0.31012014746358224,0.2544212443667838
LightGBM,0.8678751258811682,0.12121979351281402,0.31098765940433093,0.2544212443667838
LightGBM,0.8668680765357503,0.12137962153473025,0.31157200620467873,0.2544212443667838
LightGBM,0.8656596173212487,0.12151197308529586,0.3122528920190282,0.2544212443667838
LightGBM,0.865055387713998,0.12173001162032707,0.3131957168637714,0.2544212443667838
LightGBM,0.8644511581067472,0.12194914050291235,0.3141003863637449,0.2544212443667838
LightGBM,0.863645518630413,0.12214088358447034,0.315009101107349,0.2544212443667838
LightGBM,0.8622356495468277,0.12224792255632656,0.3157524152162752,0.2544212443667838
LightGBM,0.8614300100704935,0.12244138444361742,0.31647967786784037,0.2544212443667838
LightGBM,0.8612286002014099,0.12272192405935195,0.31724158961593635,0.2544212443667838
LightGBM,0.8600201409869084,0.1228600201409869,0.3179546608486267,0.2544212443667838
LightGBM,0.8594159113796576,0.12308535494851011,0.31875248517597926,0.2544212443667838
LightGBM,0.8590130916414904,0.12334075595014315,0.3195863026598514,0.2544212443667838
LightGBM,0.8586102719033233,0.12359746020701053,0.32045421084842646,0.2544212443667838
LightGBM,0.8580060422960725,0.12382641048745749,0.32119211454075947,0.2544212443667838
LightGBM,0.8565961732124874,0.1239399679440478,0.32201190055823226,0.2544212443667838
LightGBM,0.8559919436052367,0.12417097612995588,0.3227756491908445,0.2544212443667838
LightGBM,0.8555891238670695,0.12442882249560633,0.3237229561997734,0.2544212443667838
LightGBM,0.8547834843907351,0.12463291436626336,0.3244915902213422,0.2544212443667838
LightGBM,0.8535750251762336,0.12477917795312685,0.32535635709251215,0.2544212443667838
LightGBM,0.8523665659617321,0.12492620144054788,0.3261521445610284,0.2544212443667838
LightGBM,0.8513595166163141,0.12510358707233338,0.3269781854270512,0.2544212443667838
LightGBM,0.8511581067472306,0.1254005934718101,0.32780846152817456,0.2544212443667838
LightGBM,0.8499496475327291,0.12555039866714268,0.3288797231289714,0.2544212443667838
LightGBM,0.8493454179254784,0.12579047846319055,0.3296576623396589,0.2544212443667838
LightGBM,0.8487411883182276,0.12603182198827612,0.3305369405018942,0.2544212443667838
LightGBM,0.8483383685800604,0.1263044260525369,0.3312510959664764,0.2544212443667838
LightGBM,0.8479355488418933,0.12657847263980757,0.3322391452008096,0.2544212443667838
LightGBM,0.8469284994964753,0.1267635355118775,0.3330347596210976,0.2544212443667838
LightGBM,0.8459214501510574,0.12694958287994196,0.33393504694307863,0.2544212443667838
LightGBM,0.8453172205438066,0.12719723602860952,0.3348419922203907,0.2544212443667838
LightGBM,0.8447129909365559,0.12744621368664155,0.33567901035429054,0.2544212443667838
LightGBM,0.843705941591138,0.12763558805606337,0.33654849751513066,0.2544212443667838
LightGBM,0.843705941591138,0.12797873640474153,0.3374092916261751,0.2544212443667838
LightGBM,0.8422960725075529,0.1281093003308418,0.33815756539737923,0.2544212443667838
LightGBM,0.8414904330312185,0.12833271900724905,0.33926264368237335,0.2544212443667838
LightGBM,0.8394763343403827,0.12837255143525933,0.34030171911489215,0.2544212443667838
LightGBM,0.8386706948640483,0.12859789993823348,0.3409624604623257,0.2544212443667838
LightGBM,0.8382678751258812,0.12888641149510716,0.3418524901815955,0.2544212443667838
LightGBM,0.8370594159113797,0.12905229164078996,0.34271521545132055,0.2544212443667838
LightGBM,0.8356495468277946,0.12918794370407274,0.34358061606974855,0.2544212443667838
LightGBM,0.8348439073514602,0.12941800924191332,0.344521975734984,0.2544212443667838
LightGBM,0.8336354481369587,0.12958672510958047,0.3454076605914333,0.2544212443667838
LightGBM,0.8328298086606244,0.12981916363179707,0.3463481345646774,0.2544212443667838
LightGBM,0.8322255790533736,0.13008437224530917,0.34719602576078695,0.2544212443667838
LightGBM,0.8312185297079557,0.1302879151408006,0.3481416638298305,0.2544212443667838
LightGBM,0.829607250755287,0.13039761934911992,0.3488795482538651,0.2544212443667838
LightGBM,0.8292044310171198,0.1306984126984127,0.34971545234416784,0.2544212443667838
LightGBM,0.8277945619335347,0.13084171654144913,0.35059029312115975,0.2544212443667838
LightGBM,0.827190332326284,0.13111352317711658,0.3516087757012962,0.2544212443667838
LightGBM,0.8261832829808661,0.1313228326290178,0.35246162058828334,0.2544212443667838
LightGBM,0.8253776435045317,0.13156542956209066,0.3534265141414167,0.2544212443667838
LightGBM,0.8251762336354481,0.13190598840952994,0.354421998521058,0.2544212443667838
LightGBM,0.8239677744209466,0.13208704636445823,0.35525030241953115,0.2544212443667838
LightGBM,0.8233635448136959,0.13236627379873073,0.3560147843448341,0.2544212443667838
LightGBM,0.8229607250755288,0.1326795687751656,0.35677895656308106,0.2544212443667838
LightGBM,0.8221550855991944,0.1329295297642308,0.35752292514131184,0.2544212443667838
LightGBM,0.8203423967774421,0.1330176355323318,0.35829643260244093,0.2544212443667838
LightGBM,0.8197381671701913,0.1333027643128521,0.35916025339881696,0.2544212443667838
LightGBM,0.818932527693857,0.13355669425831035,0.36006840874229884,0.2544212443667838
LightGBM,0.8179254783484391,0.13377915403874027,0.36111624366798006,0.2544212443667838
LightGBM,0.8173212487411883,0.13406898374520945,0.36190613613958955,0.2544212443667838
LightGBM,0.816515609264854,0.13432736911862161,0.362774705808393,0.2544212443667838
LightGBM,0.8157099697885196,0.13458726571846338,0.3636993407432607,0.2544212443667838
LightGBM,0.8145015105740181,0.13478202906279163,0.364605204480484,0.2544212443667838
LightGBM,0.8145015105740181,0.13517849979943844,0.3655370348775887,0.2544212443667838
LightGBM,0.814098690835851,0.13551025881721873,0.36640338048478405,0.2544212443667838
LightGBM,0.813091641490433,0.13574310692669805,0.3673034142682325,0.2544212443667838
LightGBM,0.8124874118831823,0.13604478618642923,0.3680497400088169,0.2544212443667838
LightGBM,0.8122860020140987,0.13641591124340413,0.3689384398035756,0.2544212443667838
LightGBM,0.8116817724068479,0.1367214004613923,0.3697213186926407,0.2544212443667838
LightGBM,0.8098690835850957,0.13682455423982579,0.3705585578249027,0.2544212443667838
LightGBM,0.8094662638469285,0.13716723549488055,0.37118820829226834,0.2544212443667838
LightGBM,0.8088620342396777,0.13747774887032727,0.372003348704105,0.2544212443667838
LightGBM,0.8084592145015106,0.13782447466007416,0.37270512099856645,0.2544212443667838
LightGBM,0.8074521651560926,0.13806998209119714,0.3736076209562377,0.2544212443667838
LightGBM,0.8068479355488419,0.13838607157662014,0.374438602022585,0.2544212443667838
LightGBM,0.8060422960725075,0.13866943866943868,0.37547605882607266,0.2544212443667838
LightGBM,0.8050352467270896,0.13891978312248018,0.376398347713678,0.2544212443667838
LightGBM,0.8036253776435045,0.13910193836285037,0.3773971507735199,0.2544212443667838
LightGBM,0.8022155085599194,0.1392852147153448,0.3783254870055204,0.2544212443667838
LightGBM,0.8014098690835851,0.1395748561807212,0.37931772907799544,0.2544212443667838
LightGBM,0.8004028197381672,0.1398311048557354,0.38026732011944214,0.2544212443667838
LightGBM,0.7995971802618328,0.14012424114075955,0.38116696640131126,0.2544212443667838
LightGBM,0.7981873111782477,0.14031298682906104,0.381905373135392,0.2544212443667838
LightGBM,0.7971802618328299,0.14057394516266516,0.3827935946281436,0.2544212443667838
LightGBM,0.7959718026183283,0.14080091207068549,0.38392958066093125,0.2544212443667838
LightGBM,0.7955689828801611,0.1411722659042173,0.38473187449817126,0.2544212443667838
LightGBM,0.7947633434038268,0.14147425785171375,0.3858779163122787,0.2544212443667838
LightGBM,0.7935548841893253,0.14170622931952237,0.38684997717614467,0.2544212443667838
LightGBM,0.7915407854984894,0.14179535286477124,0.387680827219931,0.2544212443667838
LightGBM,0.7907351460221551,0.14210221514405674,0.3886887328734175,0.2544212443667838
LightGBM,0.7901309164149043,0.1424473493100944,0.3896429817843459,0.2544212443667838
LightGBM,0.7897280966767372,0.142831123415416,0.39058091338586753,0.2544212443667838
LightGBM,0.7889224572004028,0.14314427715246308,0.39156479790868143,0.2544212443667838
LightGBM,0.7881168177240685,0.143454192176559,0.392439820846048,0.2544212443667838
LightGBM,0.7867069486404834,0.14366103939093017,0.39319942064918684,0.2544212443667838
LightGBM,0.7863041289023163,0.1440537249547987,0.39421136020929154,0.2544212443667838
LightGBM,0.7854984894259819,0.1443749305889757,0.3952869578240937,0.2544212443667838
LightGBM,0.7846928499496475,0.14469823584029712,0.3964056333814535,0.2544212443667838
LightGBM,0.7842900302114804,0.1450981853411335,0.3974389466687635,0.2544212443667838
LightGBM,0.7836858006042297,0.14546338180866575,0.3984006312369346,0.2544212443667838
LightGBM,0.7820745216515609,0.145643449232962,0.39932630584065426,0.2544212443667838
LightGBM,0.781067472306143,0.1459376058405148,0.4002210978827247,0.2544212443667838
LightGBM,0.7802618328298087,0.14627147441948274,0.40135499853048,0.2544212443667838
LightGBM,0.7788519637462236,0.1464939197636095,0.4022474904981974,0.2544212443667838
LightGBM,0.7774420946626385,0.14671785320612718,0.40304411918933036,0.2544212443667838
LightGBM,0.7764350453172205,0.14701956447122536,0.4040027917291206,0.2544212443667838
LightGBM,0.7758308157099698,0.14739983928366432,0.4050900224514123,0.2544212443667838
LightGBM,0.7750251762336354,0.14774428873104242,0.4061419777082088,0.2544212443667838
LightGBM,0.7738167170191339,0.1480140231922025,0.40693717703920773,0.2544212443667838
LightGBM,0.7724068479355488,0.14824693648768797,0.40798094671811097,0.2544212443667838
LightGBM,0.771399798590131,0.14855901632985533,0.40894165375761227,0.2544212443667838
LightGBM,0.7707955689828802,0.14895107616860623,0.4099096234179383,0.2544212443667838
LightGBM,0.7695871097683786,0.14922866627611794,0.41099795994651317,0.2544212443667838
LightGBM,0.7689828801611279,0.14962573970294313,0.4119692720572993,0.2544212443667838
LightGBM,0.7675730110775428,0.14986826064729247,0.4131903168751968,0.2544212443667838
LightGBM,0.7661631419939577,0.15011246596424765,0.4142088974517981,0.2544212443667838
LightGBM,0.7647532729103727,0.15035837326258267,0.4152587729850105,0.2544212443667838
LightGBM,0.7641490433031218,0.15076495132127957,0.4162461956220897,0.2544212443667838
LightGBM,0.7633434038267876,0.15113450572237508,0.4172279973011551,0.2544212443667838
LightGBM,0.7627391742195367,0.15154668053943735,0.41813705421185055,0.2544212443667838
LightGBM,0.7615307150050352,0.15184129151439701,0.41918682995738477,0.2544212443667838
LightGBM,0.7599194360523666,0.15205738927175272,0.42030167075905606,0.2544212443667838
LightGBM,0.7591137965760322,0.15243680485338726,0.4212444617483862,0.2544212443667838
LightGBM,0.7575025176233635,0.15265657344644235,0.4220836517975249,0.2544212443667838
LightGBM,0.7566968781470292,0.15304085706138743,0.4230827984121087,0.2544212443667838
LightGBM,0.7554884189325277,0.15334614283962225,0.42414900893033225,0.2544212443667838
LightGBM,0.7550855991943605,0.1538177491486481,0.4252020395755156,0.2544212443667838
LightGBM,0.7542799597180262,0.1542104179534692,0.42613653649468497,0.2544212443667838
LightGBM,0.7536757301107754,0.1546472703227673,0.4271022911495917,0.2544212443667838
LightGBM,0.7530715005035247,0.15508731179227675,0.42818418945232145,0.2544212443667838
LightGBM,0.7522658610271903,0.1554889471712252,0.42936822333220015,0.2544212443667838
LightGBM,0.7510574018126889,0.15580996949818243,0.4303100541414175,0.2544212443667838
LightGBM,0.7502517623363545,0.15621723631788634,0.43141560553973474,0.2544212443667838
LightGBM,0.7500503524672709,0.15675379888033,0.43246159127853756,0.2544212443667838
LightGBM,0.7492447129909365,0.1571676031940513,0.43359026558852914,0.2544212443667838
LightGBM,0.7478348439073514,0.15745727492472752,0.43475087806037593,0.2544212443667838
LightGBM,0.7464249748237664,0.1577491167581833,0.43577403054286135,0.2544212443667838
LightGBM,0.7454179254783484,0.15812860499893186,0.4368383772244923,0.2544212443667838
LightGBM,0.7442094662638469,0.15846807050649742,0.43791347509303213,0.2544212443667838
LightGBM,0.7423967774420946,0.15868095914589522,0.4389245316403218,0.2544212443667838
LightGBM,0.7405840886203424,0.15889546692018494,0.4401297745685303,0.2544212443667838
LightGBM,0.7395770392749245,0.1592851255801848,0.44127797791178586,0.2544212443667838
LightGBM,0.7387713997985901,0.15972131504463313,0.44233581395498456,0.2544212443667838
LightGBM,0.7379657603222558,0.1601608602526555,0.44322190233565656,0.2544212443667838
LightGBM,0.7371601208459214,0.16060380007898548,0.44411732474739457,0.2544212443667838
LightGBM,0.7363544813695871,0.16105017400114532,0.4450138497918258,0.2544212443667838
LightGBM,0.7355488418932528,0.16150002211117498,0.4460138529923488,0.2544212443667838
LightGBM,0.733534743202417,0.16168701442841288,0.44719925452754483,0.2544212443667838
LightGBM,0.7321248741188319,0.16200918126309222,0.4481967935829429,0.2544212443667838
LightGBM,0.731520644511581,0.162512864110251,0.4493479871428792,0.2544212443667838
LightGBM,0.7299093655589124,0.1627959211176497,0.4504592566843524,0.2544212443667838
LightGBM,0.729103726082578,0.16326162449826365,0.451486718127358,0.2544212443667838
LightGBM,0.7276938569989929,0.16359520036223682,0.45238603433212454,0.2544212443667838
LightGBM,0.7266868076535751,0.16402236668636633,0.4534415325772643,0.2544212443667838
LightGBM,0.7256797583081571,0.16445296453512256,0.4544174873978529,0.2544212443667838
LightGBM,0.7250755287009063,0.16497869025250905,0.45552698700290734,0.2544212443667838
LightGBM,0.7230614300100705,0.1651865826162978,0.4565863412204843,0.2544212443667838
LightGBM,0.7222557905337361,0.16567336567336569,0.4576750923927993,0.2544212443667838
LightGBM,0.7212487411883183,0.16611773437862412,0.45855890121839105,0.2544212443667838
LightGBM,0.7190332326283988,0.1662862732311705,0.4596106766606973,0.2544212443667838
LightGBM,0.7172205438066466,0.1665497404237407,0.46075212482290034,0.2544212443667838
LightGBM,0.7152064451158107,0.16676842154698726,0.46189244302488425,0.2544212443667838
LightGBM,0.7139979859013091,0.1671775524640415,0.4630258250854292,0.2544212443667838
LightGBM,0.7121852970795569,0.16744802765544348,0.464140009325948,0.2544212443667838
LightGBM,0.7107754279959718,0.16781587331779924,0.4651261821233277,0.2544212443667838
LightGBM,0.7095669687814703,0.16823456377441384,0.466202722580356,0.2544212443667838
LightGBM,0.7085599194360523,0.16870474272286962,0.46721914456246477,0.2544212443667838
LightGBM,0.7067472306143001,0.16898627498194077,0.468377765599899,0.2544212443667838
LightGBM,0.7043303121852971,0.1691251148619239,0.46954608319393376,0.2544212443667838
LightGBM,0.7035246727089627,0.16965369857691,0.47067937884439687,0.2544212443667838
LightGBM,0.7027190332326284,0.17018682015511438,0.4718219008959981,0.2544212443667838
LightGBM,0.7015105740181269,0.17061820319388654,0.47275720756624906,0.2544212443667838
LightGBM,0.6996978851963747,0.17091410016727343,0.4738006165939861,0.2544212443667838
LightGBM,0.6984894259818731,0.17136080640379484,0.47481509241710185,0.2544212443667838
LightGBM,0.6966767371601208,0.17166253101736972,0.475939173314833,0.2544212443667838
LightGBM,0.6952668680765357,0.17206659355996412,0.4770243419381344,0.2544212443667838
LightGBM,0.6940584088620343,0.17252428156603586,0.47798081770073253,0.2544212443667838
LightGBM,0.692245720040282,0.17283516041436187,0.4788734957750932,0.2544212443667838
LightGBM,0.6902316213494462,0.17309829275684413,0.48015456578718835,0.2544212443667838
LightGBM,0.6890231621349446,0.17356671740233384,0.48121507994014834,0.2544212443667838
LightGBM,0.6872104733131923,0.17388645398022629,0.48226084115047513,0.2544212443667838
LightGBM,0.6858006042296072,0.17431145694686187,0.4834067730344209,0.2544212443667838
LightGBM,0.6847935548841894,0.1748431554047105,0.48462224310145713,0.2544212443667838
LightGBM,0.6823766364551863,0.17501808038020455,0.48591494725745604,0.2544212443667838
LightGBM,0.6817724068479355,0.17566165023352362,0.4871213772068762,0.2544212443667838
LightGBM,0.6803625377643504,0.17610259618392243,0.4881644444943668,0.2544212443667838
LightGBM,0.6777442094662638,0.17623337173981354,0.48926130348990604,0.2544212443667838
LightGBM,0.6761329305135951,0.17662843312638113,0.4904494703052861,0.2544212443667838
LightGBM,0.6751258811681773,0.17718574902209536,0.49172080474766683,0.2544212443667838
LightGBM,0.6737160120845922,0.1776420605416888,0.49283939864629145,0.2544212443667838
LightGBM,0.672306143001007,0.17810265713371037,0.4940650966149967,0.2544212443667838
LightGBM,0.6704934541792548,0.17846038383188592,0.4950325451281141,0.2544212443667838
LightGBM,0.6692849949647532,0.1789830873639987,0.4963441186602365,0.2544212443667838
LightGBM,0.6676737160120846,0.1794025327416387,0.4974920806929984,0.2544212443667838
LightGBM,0.6664652567975831,0.1799347471451876,0.49864904302673985,0.2544212443667838
LightGBM,0.6654582074521651,0.18052671839143264,0.49981635086870574,0.2544212443667838
LightGBM,0.665055387713998,0.1812891182606786,0.5013151292959289,0.2544212443667838
LightGBM,0.6634441087613293,0.1817279046673287,0.5026775426532427,0.2544212443667838
LightGBM,0.6608257804632427,0.1818937797982038,0.5037859394370641,0.2544212443667838
LightGBM,0.6596173212487412,0.18245125348189414,0.5050194327727854,0.2544212443667838
LightGBM,0.6574018126888218,0.1827342962714142,0.5062728048718771,0.2544212443667838
LightGBM,0.655790533736153,0.18318892764712502,0.5074666225912754,0.2544212443667838
LightGBM,0.6535750251762337,0.18347845753703496,0.5086929890061695,0.2544212443667838
LightGBM,0.6519637462235649,0.18394135697238323,0.5096030464563902,0.2544212443667838
LightGBM,0.6503524672708962,0.18440890919474587,0.5107602437434249,0.2544212443667838
LightGBM,0.648539778449144,0.1848237860176788,0.5120067696081383,0.2544212443667838
LightGBM,0.6467270896273918,0.1852428752740279,0.5131184492917091,0.2544212443667838
LightGBM,0.6457200402819738,0.18589817928795083,0.514560440602191,0.2544212443667838
LightGBM,0.6435045317220544,0.1862105140459261,0.5158581418962525,0.2544212443667838
LightGBM,0.6426988922457201,0.1869361452841242,0.517074051228505,0.2544212443667838
LightGBM,0.6404833836858006,0.18725709574843952,0.5182437482202266,0.2544212443667838
LightGBM,0.6384692849949648,0.18764058245530957,0.5194213343869662,0.2544212443667838
LightGBM,0.6366565961732125,0.18808758776627396,0.5205344716349323,0.2544212443667838
LightGBM,0.6352467270896274,0.18865893049407823,0.5218592388198212,0.2544212443667838
LightGBM,0.6336354481369587,0.18917618761274804,0.5229103599642448,0.2544212443667838
LightGBM,0.6308157099697885,0.1893362350380849,0.5238619399622331,0.2544212443667838
LightGBM,0.6288016112789526,0.18974109638993558,0.5250962911030452,0.2544212443667838
LightGBM,0.627190332326284,0.19027251619210558,0.5262162773734298,0.2544212443667838
LightGBM,0.626183282980866,0.190993979604374,0.5274485049518536,0.2544212443667838
LightGBM,0.6247734138972809,0.19159975293390982,0.5286213315124728,0.2544212443667838
LightGBM,0.6229607250755287,0.19208793938641164,0.5299597300749344,0.2544212443667838
LightGBM,0.6211480362537765,0.1925814911952042,0.5311596899569134,0.2544212443667838
LightGBM,0.6191339375629406,0.19301770689438655,0.5324218759546764,0.2544212443667838
LightGBM,0.6177240684793555,0.19364818790251295,0.5336212618825209,0.2544212443667838
LightGBM,0.6157099697885197,0.1940952380952381,0.5346576090966612,0.2544212443667838
LightGBM,0.6143001007049346,0.19473885838334823,0.5360414681013744,0.2544212443667838
LightGBM,0.6120845921450151,0.19513291383074355,0.5372984367523621,0.2544212443667838
LightGBM,0.6098690835850956,0.19553144775926642,0.5385621655758033,0.2544212443667838
LightGBM,0.6078549848942598,0.19599948045200674,0.5398725373554498,0.2544212443667838
LightGBM,0.6060422960725076,0.19653821032005225,0.5413235786420446,0.2544212443667838
LightGBM,0.6050352467270896,0.19734594665615557,0.5424150204021123,0.2544212443667838
LightGBM,0.6026183282980866,0.19770054182635127,0.5437381521959241,0.2544212443667838
LightGBM,0.6016112789526686,0.19852452479064203,0.5447306225038904,0.2544212443667838
LightGBM,0.5995971802618328,0.1990239336809734,0.5461991855383606,0.2544212443667838
LightGBM,0.5967774420946627,0.19926025554808338,0.5473674260831102,0.2544212443667838
LightGBM,0.5947633434038267,0.19976999052902178,0.5488726642566143,0.2544212443667838
LightGBM,0.5925478348439074,0.20021777596297807,0.5502187401578916,0.2544212443667838
LightGBM,0.591742195367573,0.20115021224154456,0.5517957085896824,0.2544212443667838
LightGBM,0.5895266868076535,0.20161179225788675,0.5530664386448157,0.2544212443667838
LightGBM,0.5881168177240684,0.20235620235620236,0.5542249629344863,0.2544212443667838
LightGBM,0.5861027190332326,0.20290057174731557,0.555590449718108,0.2544212443667838
LightGBM,0.584491440080564,0.20359197418268557,0.5569014208076556,0.2544212443667838
LightGBM,0.5828801611278953,0.20429196668078498,0.5582409428067715,0.2544212443667838
LightGBM,0.5812688821752265,0.2050007103281716,0.5596287804118993,0.2544212443667838
LightGBM,0.5796576032225579,0.20571837026447462,0.5609851409739218,0.2544212443667838
LightGBM,0.5782477341389728,0.206517047906776,0.5622562712018849,0.2544212443667838
LightGBM,0.576233635448137,0.20710873027363544,0.5634899633982755,0.2544212443667838
LightGBM,0.5740181268882175,0.2076351449803293,0.564754721758096,0.2544212443667838
LightGBM,0.572809667673716,0.2085196861940025,0.5660052767830407,0.2544212443667838
LightGBM,0.5707955689828802,0.20913585713231495,0.567282317992351,0.2544212443667838
LightGBM,0.5687814702920443,0.20976008319096784,0.5689149224361733,0.2544212443667838
LightGBM,0.5669687814702921,0.21046728971962617,0.5703298717877129,0.2544212443667838
LightGBM,0.5647532729103726,0.21103334085948672,0.571625636083933,0.2544212443667838
LightGBM,0.562134944612286,0.21145541328888554,0.5729433470036007,0.2544212443667838
LightGBM,0.5601208459214502,0.21211196705056823,0.5741400985731662,0.2544212443667838
LightGBM,0.5585095669687815,0.21293096828687708,0.5757505471032005,0.2544212443667838
LightGBM,0.5568982880161127,0.2137611132586007,0.5772940384093175,0.2544212443667838
LightGBM,0.5540785498489426,0.2141355958589554,0.5786081462070432,0.2544212443667838
LightGBM,0.5510574018126888,0.21443686809311074,0.5798844689758148,0.2544212443667838
LightGBM,0.5488418932527693,0.21505800647147028,0.581333738012352,0.2544212443667838
LightGBM,0.5462235649546828,0.2155288881824684,0.5826065914473308,0.2544212443667838
LightGBM,0.5438066465256798,0.21608643457382953,0.5835604770121969,0.2544212443667838
LightGBM,0.5405840886203424,0.21632949141613605,0.5848592521798688,0.2544212443667838
LightGBM,0.5385699899295066,0.21706307330140434,0.5862497401044253,0.2544212443667838
LightGBM,0.5363544813695871,0.21772545172103672,0.5876246836324817,0.2544212443667838
LightGBM,0.5333333333333333,0.21806802272914436,0.5887824898591197,0.2544212443667838
LightGBM,0.5305135951661631,0.21849854832019908,0.5902262272102992,0.2544212443667838
LightGBM,0.5284994964753273,0.21926965822679034,0.5914732109210663,0.2544212443667838
LightGBM,0.5260825780463243,0.21988382860510144,0.5928113029171814,0.2544212443667838
LightGBM,0.5234642497482377,0.2204223560342634,0.5940865729108706,0.2544212443667838
LightGBM,0.5214501510574018,0.22122532683927199,0.5953321835030088,0.2544212443667838
LightGBM,0.5182275931520645,0.22152389151958674,0.5965956155973493,0.2544212443667838
LightGBM,0.5164149043303122,0.22243428472282467,0.5979024385575933,0.2544212443667838
LightGBM,0.5148036253776435,0.22344610542879623,0.5991779712622718,0.2544212443667838
LightGBM,0.5123867069486405,0.22412122279975333,0.600933533383707,0.2544212443667838
LightGBM,0.5091641490433031,0.22445174465062595,0.6021635030242123,0.2544212443667838
LightGBM,0.5075528700906344,0.22550335570469798,0.6033300093451156,0.2544212443667838
LightGBM,0.5051359516616314,0.22621087760440156,0.6048892564959534,0.2544212443667838
LightGBM,0.5035246727089627,0.22729339030820983,0.6065123535813736,0.2544212443667838
LightGBM,0.500503524672709,0.22775181009989917,0.6080472769385322,0.2544212443667838
LightGBM,0.4982880161127895,0.22858726785549294,0.6096454590846887,0.2544212443667838
LightGBM,0.4958710976837865,0.22934326967862134,0.6110700915704845,0.2544212443667838
LightGBM,0.49345417925478346,0.23011176857330704,0.6123676351820303,0.2544212443667838
LightGBM,0.4904330312185297,0.2306089591817407,0.6138180728870065,0.2544212443667838
LightGBM,0.48841893252769386,0.23159201604431287,0.6153088784827968,0.2544212443667838
LightGBM,0.4849949647532729,0.23191755754598864,0.6166110433643905,0.2544212443667838
LightGBM,0.48217522658610273,0.23254006799417193,0.6182410927047597,0.2544212443667838
LightGBM,0.4797583081570997,0.2333692563926717,0.6198296051495085,0.2544212443667838
LightGBM,0.47673716012084594,0.2339163949006819,0.6212991816823697,0.2544212443667838
LightGBM,0.473313192346425,0.23427375137075068,0.6226099635825627,0.2544212443667838
LightGBM,0.4696878147029204,0.23453686010258473,0.6240105564493584,0.2544212443667838
LightGBM,0.4670694864048338,0.23531202435312024,0.6256328338845675,0.2544212443667838
LightGBM,0.4656596173212487,0.23671547046175898,0.6273474092387898,0.2544212443667838
LightGBM,0.46263846928499497,0.23731790474222544,0.6288783723089918,0.2544212443667838
LightGBM,0.4608257804632427,0.23855698050255447,0.6303688916319216,0.2544212443667838
LightGBM,0.45820745216515607,0.2393980848153215,0.6318380945711373,0.2544212443667838
LightGBM,0.45458207452165156,0.2397238449283059,0.6331767252102015,0.2544212443667838
LightGBM,0.45196374622356494,0.2405918301704728,0.6346753499940367,0.2544212443667838
LightGBM,0.4489425981873112,0.24125987661002274,0.6360285617460896,0.2544212443667838
LightGBM,0.446122860020141,0.24205004917495357,0.6375468561033455,0.2544212443667838
LightGBM,0.44330312185297077,0.24285556658942956,0.6390502573959377,0.2544212443667838
LightGBM,0.44108761329305135,0.24401114206128133,0.6405308754578989,0.2544212443667838
LightGBM,0.43826787512588117,0.24485203105659953,0.6420986380440404,0.2544212443667838
LightGBM,0.43564954682779455,0.2458233890214797,0.6436176051670717,0.2544212443667838
LightGBM,0.43323262839879156,0.24692917001492365,0.6451471564942873,0.2544212443667838
LightGBM,0.4294058408862034,0.2472457381421779,0.6466125041054908,0.2544212443667838
LightGBM,0.427190332326284,0.248506151142355,0.6482385180015096,0.2544212443667838
LightGBM,0.42396777442094663,0.24920089972771398,0.6498614975613134,0.2544212443667838
LightGBM,0.4209466263846928,0.25002990788371815,0.6511233391544919,0.2544212443667838
LightGBM,0.41852970795568983,0.25123926973763755,0.6526959907346634,0.2544212443667838
LightGBM,0.41430010070493456,0.251374801417573,0.6542034374707087,0.2544212443667838
LightGBM,0.4122860020140987,0.2528721432983323,0.6558298947625388,0.2544212443667838
LightGBM,0.40745216515609267,0.2526539278131635,0.6577629696986752,0.2544212443667838
LightGBM,0.4038267875125881,0.2531885339057962,0.6592993157071979,0.2544212443667838
LightGBM,0.4012084592145015,0.2543736432128719,0.6612081138599064,0.2544212443667838
LightGBM,0.39818731117824774,0.25532739248353353,0.6628648973034462,0.2544212443667838
LightGBM,0.39536757301107756,0.2564337034617897,0.6643647873039468,0.2544212443667838
LightGBM,0.39093655589123866,0.25650852385357475,0.6659674429283923,0.2544212443667838
LightGBM,0.38731117824773414,0.25711993582029685,0.6674021542460573,0.2544212443667838
LightGBM,0.383484390735146,0.2576106074956028,0.668958107693787,0.2544212443667838
LightGBM,0.38046324269889226,0.25866082431877313,0.6705166675094235,0.2544212443667838
LightGBM,0.3780463242698892,0.26015246015246013,0.6721977092281874,0.2544212443667838
LightGBM,0.37522658610271903,0.2614003086852813,0.6737541643511508,0.2544212443667838
LightGBM,0.37240684793554885,0.26267935786333285,0.6754159948374644,0.2544212443667838
LightGBM,0.36978851963746223,0.2641346568839016,0.6775610118922822,0.2544212443667838
LightGBM,0.3667673716012085,0.2653358589538103,0.6795400911504647,0.2544212443667838
LightGBM,0.3635448136958711,0.26638134592680046,0.681120568225111,0.2544212443667838
LightGBM,0.3617321248741188,0.26854066985645936,0.6828113115990835,0.2544212443667838
LightGBM,0.35750251762336355,0.2689393939393939,0.6844150170757718,0.2544212443667838
LightGBM,0.3544813695871098,0.2702702702702703,0.6864321627081797,0.2544212443667838
LightGBM,0.35166163141993956,0.27179327521793273,0.6880852338059881,0.2544212443667838
LightGBM,0.3496475327291037,0.273989898989899,0.6902411643601862,0.2544212443667838
LightGBM,0.3464249748237664,0.2752880921895006,0.6920220225132042,0.2544212443667838
LightGBM,0.3434038267875126,0.2767857142857143,0.6938568027208853,0.2544212443667838
LightGBM,0.33977844914400807,0.277832674571805,0.6955862729897194,0.2544212443667838
LightGBM,0.3361530715005035,0.27891042780748665,0.697377397513146,0.2544212443667838
LightGBM,0.33313192346424975,0.2805291723202171,0.6989553452782582,0.2544212443667838
LightGBM,0.3297079556898288,0.2818526170798898,0.7005541003631439,0.2544212443667838
LightGBM,0.3274924471299094,0.28426573426573426,0.7026271659519249,0.2544212443667838
LightGBM,0.32588116817724067,0.2872869318181818,0.7047229584911634,0.2544212443667838
LightGBM,0.32326283987915405,0.2895021645021645,0.7063932380472296,0.2544212443667838
LightGBM,0.32104733131923463,0.29215542521994137,0.7082737353481867,0.2544212443667838
LightGBM,0.3174219536757301,0.293591654247392,0.7101842017078225,0.2544212443667838
LightGBM,0.3148036253776435,0.29602272727272727,0.712160406287967,0.2544212443667838
LightGBM,0.3119838872104733,0.2983436055469954,0.7138778215368679,0.2544212443667838
LightGBM,0.3075528700906344,0.29917711598746083,0.7156032935847191,0.2544212443667838
LightGBM,0.3041289023162135,0.30103668261563,0.7175725779882755,0.2544212443667838
LightGBM,0.30070493454179253,0.30296266233766234,0.7192260537758628,0.2544212443667838
LightGBM,0.29828801611278954,0.30599173553719006,0.7214336211190338,0.2544212443667838
LightGBM,0.2936555891238671,0.3068181818181818,0.7232702387273422,0.2544212443667838
LightGBM,0.2908358509566969,0.3096054888507719,0.7254122662855699,0.2544212443667838
LightGBM,0.286404833836858,0.3107517482517482,0.7273999778586396,0.2544212443667838
LightGBM,0.28298086606243705,0.31305704099821746,0.7299024376923002,0.2544212443667838
LightGBM,0.2791540785498489,0.315,0.7318561858181521,0.2544212443667838
LightGBM,0.27492447129909364,0.31655844155844154,0.7339595925072471,0.2544212443667838
LightGBM,0.2704934541792548,0.31794507575757575,0.735980165927243,0.2544212443667838
LightGBM,0.26666666666666666,0.32011605415860733,0.7379806219375529,0.2544212443667838
LightGBM,0.26304128902316215,0.32262845849802374,0.7401428347232194,0.2544212443667838
LightGBM,0.2598187311178248,0.32575757575757575,0.742504938613114,0.2544212443667838
LightGBM,0.2555891238670695,0.3277376033057851,0.7443528779433198,0.2544212443667838
LightGBM,0.25095669687814703,0.32928118393234673,0.7467528596671954,0.2544212443667838
LightGBM,0.246122860020141,0.3306277056277056,0.7490164148631802,0.2544212443667838
LightGBM,0.24310171198388722,0.33453436807095344,0.7510149367730585,0.2544212443667838
LightGBM,0.23867069486404835,0.3366477272727273,0.7532920783897816,0.2544212443667838
LightGBM,0.2348439073514602,0.33974358974358976,0.7556197956130306,0.2544212443667838
LightGBM,0.2308157099697885,0.3427033492822967,0.7579058140100596,0.2544212443667838
LightGBM,0.22598187311178247,0.34459459459459457,0.7600041805044877,0.2544212443667838
LightGBM,0.2215508559919436,0.3472222222222222,0.7622721787498941,0.2544212443667838
LightGBM,0.2175226586102719,0.35064935064935066,0.7648953070137232,0.2544212443667838
LightGBM,0.21329305135951662,0.3539438502673797,0.7672589493333805,0.2544212443667838
LightGBM,0.20986908358509568,0.35881542699724517,0.7695984045933608,0.2544212443667838
LightGBM,0.20604229607250754,0.36328125,0.772120168955853,0.2544212443667838
LightGBM,0.20100704934541794,0.3658357771260997,0.7747343327479669,0.2544212443667838
LightGBM,0.19496475327291038,0.36666666666666664,0.7770353427341008,0.2544212443667838
LightGBM,0.18992950654582075,0.3695141065830721,0.7796967177054728,0.2544212443667838
LightGBM,0.18308157099697886,0.36891233766233766,0.78225210740962,0.2544212443667838
LightGBM,0.17885196374622356,0.37373737373737376,0.7844017238324659,0.2544212443667838
LightGBM,0.1730110775427996,0.3754370629370629,0.7871308644436256,0.2544212443667838
LightGBM,0.16837865055387713,0.38,0.7895903860458003,0.2544212443667838
LightGBM,0.16495468277945619,0.3877840909090909,0.7922355322754733,0.2544212443667838
LightGBM,0.16032225579053375,0.3932806324110672,0.7951557593168255,0.2544212443667838
LightGBM,0.15609264853977844,0.4003099173553719,0.7984208495725948,0.2544212443667838
LightGBM,0.14924471299093656,0.400974025974026,0.801463360388749,0.2544212443667838
LightGBM,0.14541792547834845,0.4102272727272727,0.8038983708854447,0.2544212443667838
LightGBM,0.14038267875125882,0.416866028708134,0.807015741070586,0.2544212443667838
LightGBM,0.13575025176233635,0.4255050505050505,0.8102347977179084,0.2544212443667838
LightGBM,0.12910372608257806,0.428475935828877,0.813431418991249,0.2544212443667838
LightGBM,0.12265861027190332,0.4325284090909091,0.8165007341785054,0.2544212443667838
LightGBM,0.1162134944612286,0.43712121212121213,0.8200023610066283,0.2544212443667838
LightGBM,0.10996978851963746,0.4431818181818182,0.8235278653984323,0.2544212443667838
LightGBM,0.10312185297079557,0.44755244755244755,0.8270144605576297,0.2544212443667838
LightGBM,0.09667673716012085,0.45454545454545453,0.8309288200689005,0.2544212443667838
LightGBM,0.08902316213494461,0.45661157024793386,0.8350839438683227,0.2544212443667838
LightGBM,0.08136958710976838,0.4590909090909091,0.839485907740864,0.2544212443667838
LightGBM,0.07472306143001008,0.4684343434343434,0.8442464897086053,0.2544212443667838
LightGBM,0.06827794561933535,0.4815340909090909,0.849999828984091,0.2544212443667838
LightGBM,0.060624370594159115,0.48863636363636365,0.8551935499229234,0.2544212443667838
LightGBM,0.05297079556898288,0.4981060606060606,0.8601001488220816,0.2544212443667838
LightGBM,0.044310171198388724,0.5,0.8660666650073208,0.2544212443667838
LightGBM,0.035045317220543805,0.4943181818181818,0.8736156996205553,0.2544212443667838
LightGBM,0.027391742195367573,0.5151515151515151,0.8815464972773414,0.2544212443667838
LightGBM,0.01933534743202417,0.5454545454545454,0.8909120957024831,0.2544212443667838
LightGBM,0.010473313192346425,0.5909090909090909,0.9049254411662968,0.2544212443667838
LightGBM,0.0,1.0,,0.2544212443667838
CatBoost,1.0,0.08072776937710356,0.0026305937424207617,0.257850912246166
CatBoost,1.0,0.0808421258304025,0.02658852106862632,0.257850912246166
CatBoost,1.0,0.08095812679363423,0.034663717282905404,0.257850912246166
CatBoost,1.0,0.08107446113651208,0.03978514974505572,0.257850912246166
CatBoost,0.9997985901309164,0.08117477760334903,0.04369217177629796,0.257850912246166
CatBoost,0.9993957703927493,0.08125900694353465,0.047095991037227884,0.257850912246166
CatBoost,0.9993957703927493,0.08137627919181317,0.05049135726902445,0.257850912246166
CatBoost,0.9991943605236656,0.0814774668243332,0.05305684570542264,0.257850912246166
CatBoost,0.998992950654582,0.08157894736842106,0.055608142930067425,0.257850912246166
CatBoost,0.9985901309164149,0.08166425088944525,0.0579171442228043,0.257850912246166
CatBoost,0.9983887210473313,0.0817662971760359,0.060712427173207725,0.257850912246166
CatBoost,0.9983887210473313,0.08188515924408617,0.06320346902152013,0.257850912246166
CatBoost,0.9981873111782478,0.08198782424563261,0.06500339856962724,0.257850912246166
CatBoost,0.9981873111782478,0.08210735586481113,0.06691118534383121,0.257850912246166
CatBoost,0.9979859013091642,0.08221064507565702,0.06904827544266395,0.257850912246166
CatBoost,0.9979859013091642,0.08233085205370198,0.07076653532604717,0.257850912246166
CatBoost,0.9979859013091642,0.08245141107561235,0.07222611293594515,0.257850912246166
CatBoost,0.9977844914400805,0.08255565924543394,0.07442425350181238,0.257850912246166
CatBoost,0.9977844914400805,0.08267690253671563,0.07570021776695972,0.257850912246166
CatBoost,0.9977844914400805,0.08279850247359273,0.07763961223997418,0.257850912246166
CatBoost,0.9973816717019134,0.08288698446705946,0.07912117208813248,0.257850912246166
CatBoost,0.9971802618328298,0.08299249027759152,0.08065876136068607,0.257850912246166
CatBoost,0.9969788519637462,0.0830983078162772,0.08231784522033875,0.257850912246166
CatBoost,0.9963746223564954,0.0831708137188971,0.08372005667513537,0.257850912246166
CatBoost,0.9961732124874119,0.08327720905172414,0.0853588684690652,0.257850912246166
CatBoost,0.9961732124874119,0.08340078240928099,0.086807032556554,0.257850912246166
CatBoost,0.9959718026183283,0.08350783572007565,0.08823430491982913,0.257850912246166
CatBoost,0.9957703927492447,0.08361520768502233,0.08937511828919506,0.257850912246166
CatBoost,0.9957703927492447,0.08373983739837398,0.09059950039060725,0.257850912246166
CatBoost,0.9955689828801612,0.08384787623829557,0.09175016521035315,0.257850912246166
CatBoost,0.9951661631419939,0.08393924979614026,0.09306395078322716,0.257850912246166
CatBoost,0.9945619335347432,0.08401388321763985,0.09430496404278361,0.257850912246166
CatBoost,0.9945619335347432,0.08413985823336968,0.09553499603013847,0.257850912246166
CatBoost,0.9941591137965761,0.0842320819112628,0.09685739416521674,0.257850912246166
CatBoost,0.9941591137965761,0.08435876401421931,0.09793978592236344,0.257850912246166
CatBoost,0.9939577039274925,0.08446871148842941,0.09945729814677075,0.257850912246166
CatBoost,0.9939577039274925,0.08459613274821723,0.1005066149507321,0.257850912246166
CatBoost,0.9935548841893252,0.08468960307650047,0.10172133965419912,0.257850912246166
CatBoost,0.9933534743202417,0.08480055020632737,0.10305617560777787,0.257850912246166
CatBoost,0.9931520644511581,0.08491183358589337,0.10423309766583837,0.257850912246166
CatBoost,0.9931520644511581,0.08504070088300221,0.10517322580529362,0.257850912246166
CatBoost,0.9929506545820745,0.08515268757772558,0.10611958709029838,0.257850912246166
CatBoost,0.9925478348439074,0.08524771657902021,0.1071492176249924,0.257850912246166
CatBoost,0.9923464249748237,0.08536036036036036,0.10836551315148038,0.257850912246166
CatBoost,0.9921450151057402,0.08547334813992226,0.1093058950806713,0.257850912246166
CatBoost,0.9921450151057402,0.0856040595022939,0.11013585165792393,0.257850912246166
CatBoost,0.9921450151057402,0.08573517126148705,0.11112429085026844,0.257850912246166
CatBoost,0.9921450151057402,0.0858666852600753,0.11231681468970289,0.257850912246166
CatBoost,0.9913393756294059,0.08592877094972066,0.11352215778419787,0.257850912246166
CatBoost,0.9907351460221551,0.08600853266191076,0.11446400047104224,0.257850912246166
CatBoost,0.9903323262839879,0.0861060521154385,0.11532827793653261,0.257850912246166
CatBoost,0.9901309164149044,0.0862214115336046,0.11634205453830912,0.257850912246166
CatBoost,0.9899295065458208,0.08633712759977516,0.11725707323294877,0.257850912246166
CatBoost,0.98932527693857,0.0864180154820549,0.11829474436280782,0.257850912246166
CatBoost,0.98932527693857,0.08655201578798985,0.11941168451842044,0.257850912246166
CatBoost,0.9891238670694864,0.08666878441338416,0.12082197082599011,0.257850912246166
CatBoost,0.9891238670694864,0.08680359162895927,0.12186477200775216,0.257850912246166
CatBoost,0.9891238670694864,0.08693881886418355,0.1227750711304974,0.257850912246166
CatBoost,0.9889224572004028,0.08705673758865248,0.12373585654928924,0.257850912246166
CatBoost,0.988318227593152,0.08713950845290525,0.12453066689795393,0.257850912246166
CatBoost,0.9881168177240685,0.08725811041548093,0.12548704311643263,0.257850912246166
CatBoost,0.9879154078549849,0.08737708422402736,0.12630052207720077,0.257850912246166
CatBoost,0.9877139979859013,0.0874964316300314,0.1272779575245809,0.257850912246166
CatBoost,0.9877139979859013,0.08763402430307363,0.1281581760335269,0.257850912246166
CatBoost,0.9875125881168177,0.0877541523482245,0.12912851368248485,0.257850912246166
CatBoost,0.9873111782477342,0.08787465940054497,0.13001095198207221,0.257850912246166
CatBoost,0.9865055387713998,0.08794168342430336,0.1308634609427947,0.257850912246166
CatBoost,0.9863041289023162,0.08806286865199252,0.13179380615470296,0.257850912246166
CatBoost,0.9861027190332327,0.08818443804034583,0.13289195313399524,0.257850912246166
CatBoost,0.9859013091641491,0.08830639341896378,0.13372128423848395,0.257850912246166
CatBoost,0.9854984894259818,0.08841066782307025,0.13472965885958393,0.257850912246166
CatBoost,0.9850956696878147,0.08851527435934559,0.13559133056643521,0.257850912246166
CatBoost,0.9848942598187311,0.08863834106728538,0.13628979789769802,0.257850912246166
CatBoost,0.9846928499496476,0.08876180101670297,0.13711239905670985,0.257850912246166
CatBoost,0.9842900302114803,0.08886747163223742,0.13796958415659488,0.257850912246166
CatBoost,0.9840886203423967,0.08899169459420078,0.1389111983546296,0.257850912246166
CatBoost,0.9840886203423967,0.08913455925277292,0.1396801872016781,0.257850912246166
CatBoost,0.9836858006042296,0.08924133898552843,0.14051133005131794,0.257850912246166
CatBoost,0.983484390735146,0.08936512874947383,0.1413904080118415,0.257850912246166
CatBoost,0.9832829808660625,0.08949095375139772,0.14226017990166379,0.257850912246166
CatBoost,0.9830815709969789,0.08961718534838888,0.143129526003028,0.257850912246166
CatBoost,0.9828801611278952,0.08974382551446383,0.14403633892002413,0.257850912246166
CatBoost,0.9824773413897281,0.08985245629869772,0.14475319257735125,0.257850912246166
CatBoost,0.9818731117824774,0.08994298998173465,0.14555551439730863,0.257850912246166
CatBoost,0.981067472306143,0.09001533827361262,0.14638853397996227,0.257850912246166
CatBoost,0.9806646525679759,0.09012494215640907,0.14727456649298254,0.257850912246166
CatBoost,0.9804632426988923,0.09025344383261953,0.14802132075549923,0.257850912246166
CatBoost,0.9802618328298086,0.09038236550353768,0.14886997083567155,0.257850912246166
CatBoost,0.9798590130916415,0.09049310838712077,0.14975534357925208,0.257850912246166
CatBoost,0.9796576032225579,0.09062284575112253,0.15060470152975375,0.257850912246166
CatBoost,0.9790533736153072,0.09071568535970888,0.15132148362926257,0.257850912246166
CatBoost,0.97865055387714,0.09082752303867507,0.15229757224452947,0.257850912246166
CatBoost,0.9784491440080564,0.09095845269523863,0.15314236781911436,0.257850912246166
CatBoost,0.9782477341389728,0.09108981451960765,0.1540700223925843,0.257850912246166
CatBoost,0.9780463242698892,0.0912216106550448,0.1548501509728872,0.257850912246166
CatBoost,0.9780463242698892,0.0913726597045818,0.15561347774861622,0.257850912246166
CatBoost,0.9776435045317221,0.09148651450327007,0.15622871235273705,0.257850912246166
CatBoost,0.9774420946626384,0.09161962657403387,0.15702364767411445,0.257850912246166
CatBoost,0.9770392749244713,0.09173427128836444,0.15781737416122082,0.257850912246166
CatBoost,0.9766364551863042,0.0918492982024132,0.15857047881188133,0.257850912246166
CatBoost,0.9764350453172206,0.09198368276254625,0.15939344280420836,0.257850912246166
CatBoost,0.9756294058408862,0.09206150103578692,0.15997011127005578,0.257850912246166
CatBoost,0.9754279959718026,0.09219669135144397,0.1608010412066458,0.257850912246166
CatBoost,0.9752265861027191,0.09233233538643427,0.1615496660123864,0.257850912246166
CatBoost,0.9750251762336355,0.09246843542872424,0.16234509092062083,0.257850912246166
CatBoost,0.9748237663645518,0.09260499378168947,0.16309988517049162,0.257850912246166
CatBoost,0.9740181268882175,0.09268451616612684,0.1638158051232728,0.257850912246166
CatBoost,0.9736153071500504,0.09280270306590643,0.1647717562188846,0.257850912246166
CatBoost,0.9734138972809667,0.09294052037460818,0.1655192798470501,0.257850912246166
CatBoost,0.9734138972809667,0.09309806792132992,0.16628336080770018,0.257850912246166
CatBoost,0.9734138972809667,0.0932561505065123,0.1670820439702575,0.257850912246166
CatBoost,0.9732124874118832,0.09339544233333978,0.16785540762252188,0.257850912246166
CatBoost,0.9732124874118832,0.09355457027241573,0.16867623717811014,0.257850912246166
CatBoost,0.9726082578046324,0.09365605787319874,0.1694996478985356,0.257850912246166
CatBoost,0.9716012084592145,0.09371903716511569,0.17022603877888318,0.257850912246166
CatBoost,0.9713997985901309,0.0938600758976355,0.17105533140988144,0.257850912246166
CatBoost,0.9711983887210474,0.09400159853402733,0.17185779128853967,0.257850912246166
CatBoost,0.9711983887210474,0.09416313538635787,0.17259633228981588,0.257850912246166
CatBoost,0.9711983887210474,0.09432522837972653,0.17332330894242165,0.257850912246166
CatBoost,0.9709969788519638,0.09446828522720592,0.17395642582033036,0.257850912246166
CatBoost,0.9705941591137965,0.09459220728236334,0.17481293590985722,0.257850912246166
CatBoost,0.9699899295065458,0.09469689521599779,0.17548653830608377,0.257850912246166
CatBoost,0.9699899295065458,0.094861037247139,0.1761743524273949,0.257850912246166
CatBoost,0.9697885196374623,0.09500601803437185,0.17707549439054668,0.257850912246166
CatBoost,0.9685800604229607,0.09505267527128258,0.17784580310383966,0.257850912246166
CatBoost,0.9683786505538772,0.0951984951984952,0.17858142367114488,0.257850912246166
CatBoost,0.9681772406847936,0.09534482416645179,0.1793496173460498,0.257850912246166
CatBoost,0.9677744209466264,0.09547179558505037,0.18020906625525365,0.257850912246166
CatBoost,0.9667673716012085,0.09553949961187078,0.18098745107999367,0.257850912246166
CatBoost,0.9663645518630413,0.09566725818993879,0.18169771269684348,0.257850912246166
CatBoost,0.9659617321248741,0.09579546589433736,0.1824884086043877,0.257850912246166
CatBoost,0.9657603222557906,0.09594413430177882,0.18317110390606495,0.257850912246166
CatBoost,0.9651560926485397,0.09605323818877909,0.18375260080754824,0.257850912246166
CatBoost,0.9651560926485397,0.09622296741029297,0.18451607144760412,0.257850912246166
CatBoost,0.9639476334340382,0.0962726047512723,0.18534289377926624,0.257850912246166
CatBoost,0.9635448136958711,0.09640302267002519,0.18621774521169546,0.257850912246166
CatBoost,0.963141993957704,0.0965339039505824,0.1869608717358764,0.257850912246166
CatBoost,0.962134944612286,0.09660458249914053,0.18773437244494467,0.257850912246166
CatBoost,0.9617321248741189,0.09673628978343227,0.18847523108373263,0.257850912246166
CatBoost,0.961127895266868,0.09684817242708989,0.1892645056019036,0.257850912246166
CatBoost,0.9601208459214502,0.09691979261970113,0.19003016807736858,0.257850912246166
CatBoost,0.9595166163141994,0.09703240523860929,0.19079175107811586,0.257850912246166
CatBoost,0.9593152064451158,0.09718623110041012,0.19148726689262757,0.257850912246166
CatBoost,0.9591137965760322,0.09734061037182395,0.19211612562938782,0.257850912246166
CatBoost,0.9589123867069487,0.0974955460446829,0.19292811983435978,0.257850912246166
CatBoost,0.9583081570996979,0.09761001128320854,0.19374617930721857,0.257850912246166
CatBoost,0.9583081570996979,0.09778654664282631,0.1944267745462638,0.257850912246166
CatBoost,0.9581067472306143,0.09794313245074018,0.1952260898870881,0.257850912246166
CatBoost,0.9568982880161128,0.09799715352406098,0.19599001808458677,0.257850912246166
CatBoost,0.9564954682779456,0.09813402764862687,0.1967744355802299,0.257850912246166
CatBoost,0.9552870090634441,0.0981885933133216,0.19750108298737837,0.257850912246166
CatBoost,0.954884189325277,0.09832631644440758,0.19826363282945245,0.257850912246166
CatBoost,0.9546827794561934,0.0984853207006171,0.19895436427527283,0.257850912246166
CatBoost,0.9540785498489426,0.09860327636810225,0.199606214528356,0.257850912246166
CatBoost,0.9536757301107754,0.09874251871624298,0.20025052992077672,0.257850912246166
CatBoost,0.9532729103726083,0.09888227305964692,0.20095926464081681,0.257850912246166
CatBoost,0.9528700906344411,0.09902046967223409,0.2016417228201543,0.257850912246166
CatBoost,0.9526686807653575,0.09918221849444328,0.20256549343184027,0.257850912246166
CatBoost,0.9524672708962739,0.09934456535439687,0.2032861274814345,0.257850912246166
CatBoost,0.951460221550856,0.09942332786126194,0.20415182866880607,0.257850912246166
CatBoost,0.9510574018126888,0.09956563910091511,0.20481489446968865,0.257850912246166
CatBoost,0.9508559919436053,0.09972960412353711,0.20557294314956123,0.257850912246166
CatBoost,0.9508559919436053,0.09991534391534392,0.20616196128904826,0.257850912246166
CatBoost,0.950453172205438,0.10005936983164412,0.20679802722658341,0.257850912246166
CatBoost,0.9500503524672709,0.10020393423121043,0.20758220354734655,0.257850912246166
CatBoost,0.9492447129909366,0.10030647426893118,0.20843436221927333,0.257850912246166
CatBoost,0.9490433031218529,0.10047336773423174,0.20902953002404223,0.257850912246166
CatBoost,0.9488418932527694,0.10064088869899594,0.2097964811991565,0.257850912246166
CatBoost,0.9482376636455186,0.10076623432216086,0.21049791212177837,0.257850912246166
CatBoost,0.9478348439073515,0.10091349659047047,0.21127175111606772,0.257850912246166
CatBoost,0.9478348439073515,0.10110428393417265,0.21195056919759775,0.257850912246166
CatBoost,0.9470292044310171,0.10120969477807913,0.2125605200841308,0.257850912246166
CatBoost,0.9464249748237664,0.10133707138235928,0.21324017569792533,0.257850912246166
CatBoost,0.945619335347432,0.10144332569897585,0.21396844363564618,0.257850912246166
CatBoost,0.945619335347432,0.10163657617872451,0.21470297869938493,0.257850912246166
CatBoost,0.945619335347432,0.10183056435171127,0.21547120891330504,0.257850912246166
CatBoost,0.9450151057401812,0.10196010256856013,0.21623577056221924,0.257850912246166
CatBoost,0.9444108761329305,0.10209013716525146,0.21694805482242904,0.257850912246166
CatBoost,0.9438066465256798,0.10222067100039266,0.2178645040790126,0.257850912246166
CatBoost,0.943202416918429,0.1023517069545832,0.21869658261396283,0.257850912246166
CatBoost,0.9427995971802619,0.10250514606052644,0.219364912543765,0.257850912246166
CatBoost,0.9425981873111783,0.1026811180832858,0.22021490809954428,0.257850912246166
CatBoost,0.9417925478348439,0.10279182237854473,0.22094894391674047,0.257850912246166
CatBoost,0.9413897280966768,0.1029470067397912,0.2216611059160134,0.257850912246166
CatBoost,0.9409869083585096,0.1031027938385488,0.22245256974595504,0.257850912246166
CatBoost,0.9405840886203424,0.10325918719320745,0.22325472977991245,0.257850912246166
CatBoost,0.9401812688821752,0.10341619034959458,0.2239844685758242,0.257850912246166
CatBoost,0.9399798590130917,0.10359600443951165,0.22471391600738674,0.257850912246166
CatBoost,0.9397784491440081,0.10377652239669054,0.2254780990231369,0.257850912246166
CatBoost,0.9391742195367573,0.10391317912376878,0.22612717113547867,0.257850912246166
CatBoost,0.9387713997985901,0.10407270129058188,0.2269817558738264,0.257850912246166
CatBoost,0.9381671701913393,0.10421047921607231,0.22768279207613848,0.257850912246166
CatBoost,0.9379657603222558,0.1043936337144138,0.22836772289619076,0.257850912246166
CatBoost,0.9369587109768379,0.10448766901756434,0.2291942889276571,0.257850912246166
CatBoost,0.9363544813695871,0.1046270873655309,0.22993189082796758,0.257850912246166
CatBoost,0.93595166163142,0.10478960898389934,0.23061339516502122,0.257850912246166
CatBoost,0.9355488418932527,0.10495277689909169,0.2313601841541295,0.257850912246166
CatBoost,0.934944612286002,0.10509395517319448,0.23219247284580333,0.257850912246166
CatBoost,0.9347432024169184,0.10528106710221859,0.23303748919271716,0.257850912246166
CatBoost,0.9345417925478349,0.10546892758103378,0.23383562678621353,0.257850912246166
CatBoost,0.9341389728096676,0.1056347651801576,0.2346040401287442,0.257850912246166
CatBoost,0.9333333333333333,0.1057556255420147,0.2353274075697034,0.257850912246166
CatBoost,0.932527693856999,0.1058769723302081,0.23622443745030963,0.257850912246166
CatBoost,0.9315206445115811,0.10597589478025755,0.2369153901587876,0.257850912246166
CatBoost,0.9313192346424974,0.10616705698672912,0.2377567377846003,0.257850912246166
CatBoost,0.9309164149043303,0.10633598674826301,0.23853223714866806,0.257850912246166
CatBoost,0.9307150050352467,0.10652865507861128,0.2392181227291881,0.257850912246166
CatBoost,0.9301107754279959,0.10667590667590668,0.23995114192189626,0.257850912246166
CatBoost,0.9297079556898288,0.1068469052358687,0.24065343332672537,0.257850912246166
CatBoost,0.9287009063444108,0.10694901888017813,0.24135021957147335,0.257850912246166
CatBoost,0.9282980866062437,0.10712127550783247,0.24203340254452385,0.257850912246166
CatBoost,0.927693856998993,0.10727094880991196,0.2428067012016937,0.257850912246166
CatBoost,0.9270896273917422,0.10742123687281213,0.24354524942482134,0.257850912246166
CatBoost,0.9264853977844915,0.10757214349188532,0.24416654650118672,0.257850912246166
CatBoost,0.9260825780463243,0.10774710596616206,0.24491417484918654,0.257850912246166
CatBoost,0.9256797583081571,0.10792279152773211,0.24568287115699777,0.257850912246166
CatBoost,0.9248741188318228,0.10805214363028848,0.24654217220665603,0.257850912246166
CatBoost,0.9246727089627391,0.10825277057297807,0.24744298238144025,0.257850912246166
CatBoost,0.9240684793554884,0.10840697509569491,0.24814212632833402,0.257850912246166
CatBoost,0.9236656596173213,0.10858549983425676,0.24876279974023233,0.257850912246166
CatBoost,0.9230614300100705,0.10874104304085797,0.24945835363251545,0.257850912246166
CatBoost,0.9226586102719033,0.1089210138380332,0.25016924444121763,0.257850912246166
CatBoost,0.9216515609264854,0.10903025970931618,0.25095496722287153,0.257850912246166
CatBoost,0.9210473313192347,0.10918771787402703,0.2516150064283909,0.257850912246166
CatBoost,0.9208459214501511,0.1093936928745753,0.2525614313230224,0.257850912246166
CatBoost,0.9208459214501511,0.10962451445835132,0.2532186504298669,0.257850912246166
CatBoost,0.9202416918429003,0.10978422797827862,0.2540109181770811,0.257850912246166
CatBoost,0.9198388721047331,0.10996869732723333,0.2546972382335072,0.257850912246166
CatBoost,0.9198388721047331,0.11020221031803484,0.2554334705770271,0.257850912246166
CatBoost,0.9198388721047331,0.11043671712530831,0.2562036347410358,0.257850912246166
CatBoost,0.9186304128902316,0.11052682595841613,0.2569508550235153,0.257850912246166
CatBoost,0.9178247734138972,0.11066588955267376,0.25764160148109005,0.257850912246166
CatBoost,0.9172205438066465,0.11082988561693843,0.2583700587678549,0.257850912246166
CatBoost,0.9166163141993958,0.11099458562996926,0.2591534527258196,0.257850912246166
CatBoost,0.9158106747230614,0.11113283636808016,0.2597232418757721,0.257850912246166
CatBoost,0.9158106747230614,0.11137237612364367,0.2604000808755757,0.257850912246166
CatBoost,0.9154078549848943,0.11156385772846658,0.2610398685836853,0.257850912246166
CatBoost,0.915005035246727,0.11175616835994194,0.2616613703080173,0.257850912246166
CatBoost,0.9139979859013092,0.11187535438700294,0.2624867508097129,0.257850912246166
CatBoost,0.9133937562940584,0.11204447189623225,0.26328255545146917,0.257850912246166
CatBoost,0.9129909365558913,0.1122390868348726,0.2641065027814946,0.257850912246166
CatBoost,0.9127895266868077,0.11245936623737561,0.2648713143537804,0.257850912246166
CatBoost,0.9121852970795569,0.11263087214941185,0.2658345138856393,0.257850912246166
CatBoost,0.9115810674723062,0.11280313037409964,0.26657892718999887,0.257850912246166
CatBoost,0.9113796576032226,0.11302610216060947,0.2672544537140804,0.257850912246166
CatBoost,0.9099697885196375,0.113099857310937,0.2680478257980652,0.257850912246166
CatBoost,0.9091641490433031,0.11324920344213352,0.2688851758379243,0.257850912246166
CatBoost,0.9085599194360524,0.11342435442910663,0.2697968275825178,0.257850912246166
CatBoost,0.9079556898288016,0.11360028223672605,0.27053015143010795,0.257850912246166
CatBoost,0.9071500503524673,0.11375173633034474,0.2712952524238705,0.257850912246166
CatBoost,0.9065458207452165,0.1139291771078543,0.27213425163759186,0.257850912246166
CatBoost,0.9057401812688822,0.11408204165503945,0.27291289447491984,0.257850912246166
CatBoost,0.9051359516616314,0.11426101548396939,0.27379767451690584,0.257850912246166
CatBoost,0.9045317220543807,0.1144407919883801,0.27458989790775595,0.257850912246166
CatBoost,0.9033232628398792,0.11454475801302516,0.2754695788118441,0.257850912246166
CatBoost,0.9029204431017119,0.11475158061791281,0.2761663011900664,0.257850912246166
CatBoost,0.9023162134944612,0.11493368223915441,0.2769490292265221,0.257850912246166
CatBoost,0.9013091641490433,0.11506518217582475,0.277689905795766,0.257850912246166
CatBoost,0.9007049345417926,0.11524882096745097,0.27854798383600177,0.257850912246166
CatBoost,0.8998992950654582,0.11540746480692238,0.2794301320969086,0.257850912246166
CatBoost,0.8988922457200402,0.11554094286379993,0.28038629319593533,0.257850912246166
CatBoost,0.8976837865055388,0.11564908274734684,0.2811388841891751,0.257850912246166
CatBoost,0.8974823766364551,0.11588775324438896,0.28197906077672497,0.257850912246166
CatBoost,0.8964753272910373,0.11602325157052368,0.28267887812264547,0.257850912246166
CatBoost,0.8950654582074522,0.11610711952971914,0.28343602827682857,0.257850912246166
CatBoost,0.8944612286002014,0.11629612171681462,0.28411413956291864,0.257850912246166
CatBoost,0.8942598187311178,0.11653849182393239,0.2848893406391739,0.257850912246166
CatBoost,0.8936555891238671,0.11672936781457999,0.28560855628535503,0.257850912246166
CatBoost,0.8928499496475327,0.11689476043561954,0.2863967944970049,0.257850912246166
CatBoost,0.8916414904330312,0.11700806131888464,0.2872198499211422,0.257850912246166
CatBoost,0.8906344410876132,0.11714838265292606,0.28789036607083907,0.257850912246166
CatBoost,0.8902316213494461,0.11736902201333015,0.28879974097269867,0.257850912246166
CatBoost,0.8900302114803625,0.11761731122408241,0.28960458522185945,0.257850912246166
CatBoost,0.8892245720040282,0.11778672998425953,0.2903188378285451,0.257850912246166
CatBoost,0.8884189325276939,0.11795694611579088,0.29110081205963667,0.257850912246166
CatBoost,0.8876132930513595,0.11812796526121103,0.29203937824292603,0.257850912246166
CatBoost,0.8862034239677744,0.1182191891238346,0.2928987735568209,0.257850912246166
CatBoost,0.8855991943605237,0.11841857208262638,0.2936438153516793,0.257850912246166
CatBoost,0.8843907351460222,0.11853791539562131,0.2943219981260897,0.257850912246166
CatBoost,0.8835850956696878,0.11871194696252199,0.2949763505616233,0.257850912246166
CatBoost,0.8825780463242698,0.11885968481297637,0.29570884538793185,0.257850912246166
CatBoost,0.8823766364551863,0.11911688735419669,0.2965323938407257,0.257850912246166
CatBoost,0.8813695871097684,0.11926630508844131,0.29728824598938947,0.257850912246166
CatBoost,0.8813695871097684,0.11955304210037429,0.2981092965227644,0.257850912246166
CatBoost,0.8807653575025176,0.11975900314939066,0.2989037622072933,0.257850912246166
CatBoost,0.8801611278952669,0.11996595931589206,0.2997222486081429,0.257850912246166
CatBoost,0.879154078549849,0.12011888054156691,0.30058720704106656,0.257850912246166
CatBoost,0.8785498489425981,0.12032771509751455,0.3013388871785951,0.257850912246166
CatBoost,0.8783484390735146,0.12059287116666206,0.30221379073568855,0.257850912246166
CatBoost,0.8773413897280967,0.12074844074844075,0.3030245715991406,0.257850912246166
CatBoost,0.8765357502517623,0.12093255897963154,0.30389486763281987,0.257850912246166
CatBoost,0.8751258811681772,0.12103401208947324,0.30459722668202627,0.257850912246166
CatBoost,0.8741188318227593,0.12119181257155623,0.3054742542449427,0.257850912246166
CatBoost,0.873313192346425,0.12137838367438344,0.30642144268137306,0.257850912246166
CatBoost,0.8729103726082578,0.12162200084186894,0.3071290332392962,0.257850912246166
CatBoost,0.8725075528700906,0.12186682420457423,0.3080047138946936,0.257850912246166
CatBoost,0.8723061430010071,0.12214106432781523,0.3086546062628429,0.257850912246166
CatBoost,0.8712990936555891,0.12230358203047695,0.3094273076949686,0.257850912246166
CatBoost,0.8696878147029204,0.12238188362667574,0.3101204991736616,0.257850912246166
CatBoost,0.8694864048338369,0.12265946867452764,0.3110918832589791,0.257850912246166
CatBoost,0.8684793554884189,0.12282450793289088,0.31170847936326374,0.257850912246166
CatBoost,0.8680765357502518,0.12307604443302207,0.3125462903122703,0.257850912246166
CatBoost,0.8666666666666667,0.12318570896911053,0.3133829300699757,0.257850912246166
CatBoost,0.8660624370594159,0.12341072812329593,0.31414463997703224,0.257850912246166
CatBoost,0.8656596173212487,0.12366565961732125,0.3150540083839607,0.257850912246166
CatBoost,0.8648539778449144,0.12386419361352295,0.3157731009368744,0.257850912246166
CatBoost,0.8642497482376637,0.12409265739321554,0.3165710599219879,0.257850912246166
CatBoost,0.8638469284994965,0.12435128004406946,0.3172967634912186,0.257850912246166
CatBoost,0.8622356495468277,0.12443682237014214,0.3180990219515442,0.257850912246166
CatBoost,0.8614300100704935,0.12463937053766574,0.31875487560836924,0.257850912246166
CatBoost,0.8604229607250755,0.12481374353580507,0.3198195228968939,0.257850912246166
CatBoost,0.8596173212487412,0.12501464557703573,0.32059977192139294,0.257850912246166
CatBoost,0.8590130916414904,0.1252496182309409,0.321331131336351,0.257850912246166
CatBoost,0.8584088620342397,0.12548580850312094,0.32204317877028515,0.257850912246166
CatBoost,0.8572004028197382,0.12563466761128822,0.32278817335596777,0.257850912246166
CatBoost,0.8569989929506546,0.12593228365100034,0.32361790401708534,0.257850912246166
CatBoost,0.8565961732124874,0.12620178041543026,0.3244860947941473,0.257850912246166
CatBoost,0.8561933534743202,0.126472688325598,0.3252974709936944,0.257850912246166
CatBoost,0.8557905337361531,0.1267450184942131,0.32600840199254183,0.257850912246166
CatBoost,0.8551863041289023,0.12698887426725686,0.3267749902644247,0.257850912246166
CatBoost,0.8549848942598187,0.1272939906441166,0.3276372199396546,0.257850912246166
CatBoost,0.8541792547834844,0.12751052315093206,0.32851636338259266,0.257850912246166
CatBoost,0.8531722054380665,0.1276980586036416,0.3292659041406731,0.257850912246166
CatBoost,0.8525679758308157,0.12794704388828437,0.3302379240245938,0.257850912246166
CatBoost,0.8505538771399799,0.12798521032852467,0.3312010799193921,0.257850912246166
CatBoost,0.8505538771399799,0.1283274583687857,0.33192134154340114,0.257850912246166
CatBoost,0.8491440080563948,0.12845825716026812,0.3329112428850541,0.257850912246166
CatBoost,0.8479355488418933,0.12862031039960894,0.3338077174157534,0.257850912246166
CatBoost,0.8471299093655589,0.12884450434995712,0.3347363014445615,0.257850912246166
CatBoost,0.8465256797583082,0.12910062661260596,0.33558996659546453,0.257850912246166
CatBoost,0.8459214501510574,0.1293581372428237,0.33640983057636953,0.257850912246166
CatBoost,0.8455186304128902,0.12964793082149476,0.33726504667031376,0.257850912246166
CatBoost,0.8451158106747231,0.12993930385234734,0.3381099741406765,0.257850912246166
CatBoost,0.8439073514602216,0.13010806111042106,0.33884708877215103,0.257850912246166
CatBoost,0.8424974823766365,0.13024660605305766,0.33976505597133055,0.257850912246166
CatBoost,0.8420946626384693,0.13054202572748844,0.3406903355867329,0.257850912246166
CatBoost,0.8412890231621349,0.1307764558547276,0.3416289353469565,0.257850912246166
CatBoost,0.8400805639476334,0.13094939093306543,0.34251916961567846,0.257850912246166
CatBoost,0.8388721047331319,0.13112328422113084,0.34330648051179274,0.257850912246166
CatBoost,0.8376636455186304,0.13129814370501325,0.3441584377463492,0.257850912246166
CatBoost,0.8372608257804632,0.1316006078257566,0.34501260368721415,0.257850912246166
CatBoost,0.8364551863041289,0.13184126984126984,0.3457622638266391,0.257850912246166
CatBoost,0.8360523665659617,0.13214695021011078,0.3467555455784464,0.257850912246166
CatBoost,0.8352467270896274,0.13239049929766314,0.34770422513761945,0.257850912246166
CatBoost,0.8340382678751259,0.13257139198360865,0.34854489733967187,0.257850912246166
CatBoost,0.8328298086606244,0.13275330679337358,0.34933792217387244,0.257850912246166
CatBoost,0.83202416918429,0.1330006439150032,0.350085864650416,0.257850912246166
CatBoost,0.8314199395770393,0.13328167376985664,0.35091742783426594,0.257850912246166
CatBoost,0.8308157099697885,0.13356430514182102,0.3517980304663341,0.257850912246166
CatBoost,0.8302114803625378,0.13384855175996882,0.352735979548757,0.257850912246166
CatBoost,0.8281973816717019,0.13390647388302723,0.35350957172728453,0.257850912246166
CatBoost,0.8273917421953676,0.1341606792945787,0.3543582477587816,0.257850912246166
CatBoost,0.8267875125881168,0.13444910258089873,0.35505476140142594,0.257850912246166
CatBoost,0.8255790533736153,0.13464065168834582,0.3559357948270047,0.257850912246166
CatBoost,0.8241691842900302,0.13480036895506656,0.35684912922832335,0.257850912246166
CatBoost,0.8239677744209466,0.13515924408616362,0.3577614071344135,0.257850912246166
CatBoost,0.8231621349446123,0.1354208084824387,0.3585586802019939,0.257850912246166
CatBoost,0.8215508559919436,0.13555097700385485,0.359444176115768,0.257850912246166
CatBoost,0.8207452165156093,0.1358152246367151,0.3602315639163179,0.257850912246166
CatBoost,0.8195367573011078,0.13601417301778312,0.3610964056530369,0.257850912246166
CatBoost,0.818932527693857,0.13631487193241248,0.3619298359003976,0.257850912246166
CatBoost,0.8177240684793555,0.13651647612642906,0.36272480861760614,0.257850912246166
CatBoost,0.8171198388721047,0.13682045055982733,0.36366526569988683,0.257850912246166
CatBoost,0.8153071500503525,0.13692328507644433,0.36451441213048186,0.257850912246166
CatBoost,0.8138972809667674,0.13709458542543085,0.36539465941251614,0.257850912246166
CatBoost,0.8126888217522659,0.13730093915884034,0.3661515353695681,0.257850912246166
CatBoost,0.8120845921450152,0.13761092150170648,0.3670131363410214,0.257850912246166
CatBoost,0.8100704934541793,0.13768314391346023,0.3678637102327861,0.257850912246166
CatBoost,0.8094662638469285,0.13799615437439913,0.36876285322622854,0.257850912246166
CatBoost,0.8088620342396777,0.13831106212976993,0.3696038732603199,0.257850912246166
CatBoost,0.8080563947633435,0.13859333978167748,0.37043126155812844,0.257850912246166
CatBoost,0.8062437059415911,0.1387040887040887,0.37133332248821344,0.257850912246166
CatBoost,0.8052366565961732,0.1389545391352704,0.37218453032097343,0.257850912246166
CatBoost,0.8044310171198389,0.13924138892762516,0.3732073910567817,0.257850912246166
CatBoost,0.8038267875125881,0.13956497412225485,0.37407967735301184,0.257850912246166
CatBoost,0.8026183282980867,0.13978532341798794,0.3749260591744655,0.257850912246166
CatBoost,0.8008056394763343,0.1399014778325123,0.37583868535450743,0.257850912246166
CatBoost,0.7995971802618328,0.14012424114075955,0.3766990443767929,0.257850912246166
CatBoost,0.7989929506545821,0.14045460982863617,0.37742893432602925,0.257850912246166
CatBoost,0.7977844914400806,0.14068049438840743,0.3782508930572944,0.257850912246166
CatBoost,0.7963746223564955,0.14087216759298846,0.37906900969751856,0.257850912246166
CatBoost,0.7949647532729104,0.1410650464617584,0.3799944289772487,0.257850912246166
CatBoost,0.7939577039274924,0.14133084755485445,0.38083414182257647,0.257850912246166
CatBoost,0.7927492447129909,0.14156236512731982,0.381565306178399,0.257850912246166
CatBoost,0.7917421953675731,0.14183143310723048,0.3826367097884577,0.257850912246166
CatBoost,0.7913393756294058,0.1422108006370349,0.38349133844941474,0.257850912246166
CatBoost,0.7905337361530715,0.1425199709513435,0.3844144445684409,0.257850912246166
CatBoost,0.7895266868076536,0.1427946961969984,0.38534606567260477,0.257850912246166
CatBoost,0.7883182275931521,0.14303464405788627,0.3862351493668063,0.257850912246166
CatBoost,0.7875125881168177,0.14334420940719286,0.3873030895213673,0.257850912246166
CatBoost,0.7861027190332326,0.14355070065099856,0.38828326742867625,0.257850912246166
CatBoost,0.7852970795568983,0.14386922991771522,0.3892041646272971,0.257850912246166
CatBoost,0.7846928499496475,0.14422685373708954,0.3899274364603975,0.257850912246166
CatBoost,0.7830815709969788,0.14440111420612814,0.3907037849631816,0.257850912246166
CatBoost,0.7822759315206446,0.14472556545068377,0.39169663792215786,0.257850912246166
CatBoost,0.7814702920443102,0.1450521514822984,0.39250279598800014,0.257850912246166
CatBoost,0.781067472306143,0.1454559093807434,0.39325734027825227,0.257850912246166
CatBoost,0.7800604229607251,0.14574944492530012,0.39412815848436356,0.257850912246166
CatBoost,0.7792547834843907,0.1460826883141401,0.3951043416938711,0.257850912246166
CatBoost,0.777643504531722,0.14626662120695533,0.396128951267404,0.257850912246166
CatBoost,0.776233635448137,0.14648979436694667,0.39715638794351604,0.257850912246166
CatBoost,0.7740181268882175,0.14656191602150948,0.3979797805581261,0.257850912246166
CatBoost,0.7730110775427996,0.14686411816477252,0.3991242791555827,0.257850912246166
CatBoost,0.7726082578046324,0.14728354770589364,0.4000562195661477,0.257850912246166
CatBoost,0.7709969788519637,0.14747466964595293,0.40106741796981654,0.257850912246166
CatBoost,0.770392749244713,0.14786037341992347,0.40186588356704567,0.257850912246166
CatBoost,0.7687814702920444,0.14805476901594197,0.4027821538249957,0.257850912246166
CatBoost,0.7677744209466264,0.14836725956486202,0.4037649293335069,0.257850912246166
CatBoost,0.766968781470292,0.14872095293887913,0.4046030043839629,0.257850912246166
CatBoost,0.7661631419939577,0.14907708586432575,0.4055126545343093,0.257850912246166
CatBoost,0.7653575025176234,0.14943568366825277,0.4063646000807657,0.257850912246166
CatBoost,0.7643504531722054,0.1497573102876761,0.4071898680814837,0.257850912246166
CatBoost,0.7635448136958711,0.15012077772937868,0.4080281447860185,0.257850912246166
CatBoost,0.7627391742195367,0.15048678720445063,0.40885869337426384,0.257850912246166
CatBoost,0.7625377643504532,0.15097499700921163,0.40965348901162696,0.257850912246166
CatBoost,0.7617321248741188,0.15134659250070032,0.4105084979099205,0.257850912246166
CatBoost,0.7605236656596174,0.1516404963656078,0.41137170858835376,0.257850912246166
CatBoost,0.7595166163141994,0.15197678636198766,0.4123534924461258,0.257850912246166
CatBoost,0.758710976837865,0.15235591506572296,0.4133710860288281,0.257850912246166
CatBoost,0.7581067472306143,0.15277834151885375,0.41420942480641465,0.257850912246166
CatBoost,0.7564954682779457,0.15300012220457046,0.4151596253926827,0.257850912246166
CatBoost,0.7556898288016113,0.153387024242672,0.4161142607917722,0.257850912246166
CatBoost,0.7552870090634441,0.1538587781561564,0.4173158071559746,0.257850912246166
CatBoost,0.7544813695871098,0.15425159563516574,0.4182599099034535,0.257850912246166
CatBoost,0.7530715005035247,0.15452328801091045,0.41915962974045384,0.257850912246166
CatBoost,0.7516616314199396,0.15479696378945623,0.4201534171281762,0.257850912246166
CatBoost,0.7502517623363545,0.15507264476916033,0.4211154707043212,0.257850912246166
CatBoost,0.7500503524672709,0.15560105293945597,0.4220946915672328,0.257850912246166
CatBoost,0.749043303121853,0.1559656112392535,0.42296660894661925,0.257850912246166
CatBoost,0.7478348439073514,0.15629077745506587,0.4239032212181049,0.257850912246166
CatBoost,0.7460221550855992,0.1564916135028941,0.424983122527448,0.257850912246166
CatBoost,0.7444108761329306,0.1567363555404775,0.4258780939719121,0.257850912246166
CatBoost,0.7421953675730111,0.1568552334738007,0.4267923627323419,0.257850912246166
CatBoost,0.7415911379657604,0.15731681264687034,0.42779622955381463,0.257850912246166
CatBoost,0.7403826787512588,0.1576532143929322,0.4287303877552669,0.257850912246166
CatBoost,0.7385699899295065,0.15786301605751432,0.42977519049496565,0.257850912246166
CatBoost,0.7375629405840887,0.15824726675597425,0.43083784831063,0.257850912246166
CatBoost,0.7359516616314199,0.15850431614106625,0.43171338169820106,0.257850912246166
CatBoost,0.7345417925478348,0.15880688003483562,0.43280380343823377,0.257850912246166
CatBoost,0.7331319234642497,0.15911177164838047,0.43381418972495595,0.257850912246166
CatBoost,0.7323262839879154,0.1595506604063364,0.43489628062415164,0.257850912246166
CatBoost,0.7321248741188319,0.16012510462094182,0.43582036563408777,0.257850912246166
CatBoost,0.7313192346424975,0.16057135276168574,0.4370240047111851,0.257850912246166
CatBoost,0.7295065458207453,0.16079911209766926,0.4380048043027244,0.257850912246166
CatBoost,0.7278952668680765,0.16107322725854614,0.43894187068044865,0.257850912246166
CatBoost,0.7264853977844914,0.1613942458275538,0.4398756970405133,0.257850912246166
CatBoost,0.7248741188318227,0.16167288082296394,0.4409718340105861,0.257850912246166
CatBoost,0.7230614300100705,0.1619086276101565,0.4420278620530005,0.257850912246166
CatBoost,0.721852970795569,0.16228209191759113,0.44312069541534627,0.257850912246166
CatBoost,0.7204431017119839,0.16261308360230942,0.44429580987849454,0.257850912246166
CatBoost,0.7196374622356495,0.16308366424756948,0.44527242371378517,0.257850912246166
CatBoost,0.718429003021148,0.16346638559186105,0.44625540303627637,0.257850912246166
CatBoost,0.7174219536757301,0.16389821929784198,0.44719614392289425,0.257850912246166
CatBoost,0.7164149043303122,0.16433356433356433,0.4482037437511277,0.257850912246166
CatBoost,0.7144008056394764,0.16454052048058634,0.44944801693371356,0.257850912246166
CatBoost,0.7127895266868076,0.1648423308025525,0.45069041122972753,0.257850912246166
CatBoost,0.711178247734139,0.16514662550862916,0.45164498416906185,0.257850912246166
CatBoost,0.710171198388721,0.1655943267740572,0.45271923327079666,0.257850912246166
CatBoost,0.7087613293051359,0.1659514265503419,0.45364241587204596,0.257850912246166
CatBoost,0.7077542799597181,0.16640621300374106,0.45481156180062254,0.257850912246166
CatBoost,0.7055387713997986,0.1665794854724428,0.4557956279681182,0.257850912246166
CatBoost,0.7049345417925479,0.16713623991213408,0.45719130261362406,0.257850912246166
CatBoost,0.7043303121852971,0.1676976933774517,0.4583685160752074,0.257850912246166
CatBoost,0.702920443101712,0.1680712737779918,0.4594827750116699,0.257850912246166
CatBoost,0.701913393756294,0.16854475987812545,0.46040454303337236,0.257850912246166
CatBoost,0.7003021148036254,0.16887658458400118,0.46143337054913885,0.257850912246166
CatBoost,0.6992950654582074,0.1693575923125701,0.4624636896196381,0.257850912246166
CatBoost,0.6980866062437059,0.16978544136376997,0.46368422857015507,0.257850912246166
CatBoost,0.6962739174219537,0.17007773295286824,0.46464969783607923,0.257850912246166
CatBoost,0.6954682779456194,0.17061962644530093,0.4657043738510716,0.257850912246166
CatBoost,0.6934541792547835,0.17086848635235732,0.4667187020891939,0.257850912246166
CatBoost,0.6916414904330312,0.17116937493769316,0.4675806618578414,0.257850912246166
CatBoost,0.6904330312185297,0.17162311004305597,0.468538162864731,0.257850912246166
CatBoost,0.6896273917421953,0.17218143417479634,0.4696365993864916,0.257850912246166
CatBoost,0.6884189325276938,0.1726437013839782,0.47043749082745623,0.257850912246166
CatBoost,0.686404833836858,0.17290715372907153,0.4714268421924225,0.257850912246166
CatBoost,0.683987915407855,0.17307104270716542,0.47247801597578176,0.257850912246166
CatBoost,0.6825780463242699,0.1734923722739838,0.4734454619733221,0.257850912246166
CatBoost,0.6813695871097684,0.17396893962768692,0.47429348089968293,0.257850912246166
CatBoost,0.6793554884189326,0.174243206942866,0.4752785920959915,0.257850912246166
CatBoost,0.678147029204431,0.17472755578619617,0.47630988488336895,0.257850912246166
CatBoost,0.676737160120846,0.17516421645292463,0.47746707165961505,0.257850912246166
CatBoost,0.6743202416918429,0.17534303969833456,0.4785551048561274,0.257850912246166
CatBoost,0.6729103726082578,0.17578659370725033,0.4796392700930046,0.257850912246166
CatBoost,0.6710976837865056,0.17612855481551962,0.48062377356074304,0.257850912246166
CatBoost,0.6696878147029205,0.17657992565055763,0.48202133292335825,0.257850912246166
CatBoost,0.668479355488419,0.17708889126027105,0.4831765164903732,0.257850912246166
CatBoost,0.6662638469284995,0.17733461992066044,0.4842502475583047,0.257850912246166
CatBoost,0.665055387713998,0.17785198750403963,0.4851525226079294,0.257850912246166
CatBoost,0.6638469284994964,0.17837428293105315,0.48629653257673755,0.257850912246166
CatBoost,0.6624370594159114,0.17884719956498096,0.4874376590030755,0.257850912246166
CatBoost,0.6612286002014098,0.17937930280843623,0.48855279098477944,0.257850912246166
CatBoost,0.6600201409869083,0.17991654771055232,0.48960409649864034,0.257850912246166
CatBoost,0.6586102719033232,0.1804038397881496,0.490811161295224,0.257850912246166
CatBoost,0.656797583081571,0.18078500942454817,0.49216060292371816,0.257850912246166
CatBoost,0.6551863041289023,0.18122562674094708,0.49325349318922684,0.257850912246166
CatBoost,0.6541792547834844,0.18183853991714255,0.49450031168050346,0.257850912246166
CatBoost,0.6525679758308157,0.18228873635647574,0.4957669474553101,0.257850912246166
CatBoost,0.6509566968781471,0.1827434128689359,0.49682849776683763,0.257850912246166
CatBoost,0.649546827794562,0.18325946130242074,0.4982852377255919,0.257850912246166
CatBoost,0.6481369587109769,0.1837806967447173,0.4996423179552136,0.257850912246166
CatBoost,0.6475327291037261,0.18453679256112962,0.5007143874499969,0.257850912246166
CatBoost,0.6459214501510574,0.18501211491865696,0.5017243962697189,0.257850912246166
CatBoost,0.6439073514602216,0.18537631914646874,0.5030733820534339,0.257850912246166
CatBoost,0.6418932527693857,0.18574425923767338,0.5042505363360623,0.257850912246166
CatBoost,0.6400805639476335,0.18617457527826597,0.505351295762376,0.257850912246166
CatBoost,0.6372608257804633,0.1863149216817807,0.5064619522064374,0.257850912246166
CatBoost,0.6348439073514602,0.18657511542559488,0.5074853710148317,0.257850912246166
CatBoost,0.6324269889224572,0.18683803403546353,0.5085211751712414,0.257850912246166
CatBoost,0.6308157099697885,0.1873429836104797,0.5096803394230508,0.257850912246166
CatBoost,0.6294058408862034,0.187913409500902,0.5107709224126403,0.257850912246166
CatBoost,0.627190332326284,0.1882480957562568,0.5118443231228755,0.257850912246166
CatBoost,0.6255790533736153,0.18876868846481099,0.5130983148294667,0.257850912246166
CatBoost,0.6241691842900302,0.18935598191372358,0.5143535938770019,0.257850912246166
CatBoost,0.6221550855991944,0.18976532743580293,0.5153946529332394,0.257850912246166
CatBoost,0.6205438066465256,0.1903026559604694,0.516612260835617,0.257850912246166
CatBoost,0.618932527693857,0.19084585765743386,0.5176910189849225,0.257850912246166
CatBoost,0.6173212487411883,0.19139502934931935,0.5189225193798087,0.257850912246166
CatBoost,0.6153071500503524,0.19182468918749215,0.5201994339682828,0.257850912246166
CatBoost,0.6138972809667673,0.19244854148251042,0.5214505778899592,0.257850912246166
CatBoost,0.6126888217522659,0.19314285714285714,0.5224821412403743,0.257850912246166
CatBoost,0.6104733131923464,0.193525731068829,0.5235882431324329,0.257850912246166
CatBoost,0.6090634441087613,0.19416977012970335,0.5247854357841965,0.257850912246166
CatBoost,0.6076535750251763,0.19482112876146196,0.5260922091660319,0.257850912246166
CatBoost,0.6054380664652568,0.19522015846213794,0.5271146670737709,0.257850912246166
CatBoost,0.6044310171198388,0.1960156760287394,0.528263977323279,0.257850912246166
CatBoost,0.602416918429003,0.196491919590067,0.5295937444570725,0.257850912246166
CatBoost,0.6,0.196841548830448,0.5309379128663898,0.257850912246166
CatBoost,0.5981873111782477,0.19739465638707962,0.5320373816427879,0.257850912246166
CatBoost,0.5967774420946627,0.19808797967642733,0.5334266881427701,0.257850912246166
CatBoost,0.5953675730110776,0.1987895090786819,0.5346917973104116,0.257850912246166
CatBoost,0.5937562940584089,0.19943174130699498,0.535775377803922,0.257850912246166
CatBoost,0.5919436052366566,0.20001361099768614,0.5369101459301722,0.257850912246166
CatBoost,0.590735146022155,0.2008078871696563,0.5382876918711783,0.257850912246166
CatBoost,0.5889224572004028,0.20140515222482436,0.53933019426045,0.257850912246166
CatBoost,0.5873111782477342,0.2020790020790021,0.5405225826724029,0.257850912246166
CatBoost,0.5852970795568982,0.202621670617766,0.5417489987009125,0.257850912246166
CatBoost,0.5832829808660625,0.2031710397081521,0.5430075063761054,0.257850912246166
CatBoost,0.5812688821752265,0.20372723422278696,0.5442096164911826,0.257850912246166
CatBoost,0.5792547834843907,0.20429038215655632,0.5453936337077886,0.257850912246166
CatBoost,0.5778449144008057,0.20507505360972123,0.5468209551869802,0.257850912246166
CatBoost,0.575226586102719,0.2054380664652568,0.5480138737703374,0.257850912246166
CatBoost,0.5730110775427996,0.20595048501520197,0.5492989214561735,0.257850912246166
CatBoost,0.5707955689828802,0.20646947399096605,0.5507192100960139,0.257850912246166
CatBoost,0.5693856998992951,0.20727326050296943,0.5518715280277782,0.257850912246166
CatBoost,0.5677744209466263,0.20802892775440926,0.5531574301049969,0.257850912246166
CatBoost,0.5667673716012085,0.20901730669241625,0.5543225121569496,0.257850912246166
CatBoost,0.5631419939577039,0.2090467289719626,0.5555128936156815,0.257850912246166
CatBoost,0.5617321248741188,0.2099044178520358,0.5569868566965842,0.257850912246166
CatBoost,0.5595166163141994,0.21047049018865066,0.5582742252672421,0.257850912246166
CatBoost,0.5575025176233636,0.21112043322401036,0.5595548011392006,0.257850912246166
CatBoost,0.5552870090634441,0.21170237272517853,0.5610234353942588,0.257850912246166
CatBoost,0.553877139979859,0.21260146888287593,0.5623801524030531,0.257850912246166
CatBoost,0.5520644511581068,0.2133572040165019,0.5638826228406146,0.257850912246166
CatBoost,0.5498489425981873,0.21396661180343288,0.5654370974588763,0.257850912246166
CatBoost,0.5480362537764351,0.21474232499408097,0.566943428197803,0.257850912246166
CatBoost,0.5460221550855991,0.2154494158785663,0.5681104986578068,0.257850912246166
CatBoost,0.5434038267875125,0.21592637054821928,0.5694949908149722,0.257850912246166
CatBoost,0.5417925478348439,0.21681308938502458,0.5709462569463368,0.257850912246166
CatBoost,0.5405840886203424,0.21787482750223233,0.5722948157122978,0.257850912246166
CatBoost,0.5381671701913394,0.21846128689395797,0.5736222440323556,0.257850912246166
CatBoost,0.5369587109768379,0.21955035823107963,0.5750727171800403,0.257850912246166
CatBoost,0.5347432024169184,0.22024056408129408,0.5763809316826716,0.257850912246166
CatBoost,0.5321248741188318,0.22077379460182167,0.5776504731170714,0.257850912246166
CatBoost,0.530110775427996,0.2215674720094284,0.5789644191776567,0.257850912246166
CatBoost,0.527693856998993,0.22220337545585617,0.5805778414197303,0.257850912246166
CatBoost,0.5250755287009063,0.22276339400153808,0.5818418960412469,0.257850912246166
CatBoost,0.5230614300100704,0.22359018510546708,0.5833319590423707,0.257850912246166
CatBoost,0.5192346424974824,0.22364882449900234,0.5845150632191604,0.257850912246166
CatBoost,0.5172205438066465,0.22449514817728822,0.58583675316992,0.257850912246166
CatBoost,0.5144008056394763,0.22500220244912342,0.5874783391763336,0.257850912246166
CatBoost,0.5121852970795568,0.22578353902157508,0.5886392564128838,0.257850912246166
CatBoost,0.5097683786505539,0.22648769574944072,0.5902595455730023,0.257850912246166
CatBoost,0.5075528700906344,0.22729322630107332,0.5919823240942642,0.257850912246166
CatBoost,0.5049345417925478,0.22792981180107283,0.5936375155678106,0.257850912246166
CatBoost,0.5033232628398792,0.2290349188891944,0.5949503649433832,0.257850912246166
CatBoost,0.5009063444108761,0.2297884135637069,0.5965814370512552,0.257850912246166
CatBoost,0.49929506545820745,0.23092687470889614,0.5978266412959746,0.257850912246166
CatBoost,0.4960725075528701,0.23133276979430825,0.5993530890316205,0.257850912246166
CatBoost,0.4930513595166163,0.23184013637655082,0.6007120969053452,0.257850912246166
CatBoost,0.4904330312185297,0.23254703466717602,0.6020944963409073,0.257850912246166
CatBoost,0.48761329305135953,0.23316960416064722,0.604060426280823,0.257850912246166
CatBoost,0.4845921450151057,0.23370568237008257,0.6054112737608843,0.257850912246166
CatBoost,0.481570996978852,0.23425100421279513,0.6067452745792583,0.257850912246166
CatBoost,0.4787512588116818,0.23490463484534044,0.6080103130972416,0.257850912246166
CatBoost,0.4761329305135952,0.23566942478317215,0.6096253838136647,0.257850912246166
CatBoost,0.47270896273917423,0.2360454591169667,0.6113834181526205,0.257850912246166
CatBoost,0.4706948640483384,0.2371385083713851,0.6130786222680058,0.257850912246166
CatBoost,0.467472306143001,0.2376369407187468,0.6145537929443126,0.257850912246166
CatBoost,0.4638469284994965,0.23793780349209628,0.6161226101368912,0.257850912246166
CatBoost,0.46183282980866064,0.23907830257533105,0.6179154131671597,0.257850912246166
CatBoost,0.4580060422960725,0.23929285488793012,0.6193791330988537,0.257850912246166
CatBoost,0.4551863041289023,0.24004248539564524,0.6211155506299454,0.257850912246166
CatBoost,0.4525679758308157,0.24091347700225152,0.6226747250944039,0.257850912246166
CatBoost,0.44954682779456195,0.24158458707652344,0.6243757741585654,0.257850912246166
CatBoost,0.4457200402819738,0.2418314938258114,0.625703286973766,0.257850912246166
CatBoost,0.4435045317220544,0.24296590532936113,0.6271405074716779,0.257850912246166
CatBoost,0.4406847935548842,0.2437883008356546,0.6284400728336861,0.257850912246166
CatBoost,0.4366565961732125,0.24395183976595025,0.6302999753581774,0.257850912246166
CatBoost,0.43323262839879156,0.24445959768155473,0.631899798749158,0.257850912246166
CatBoost,0.4308157099697885,0.24555160142348753,0.6334931149610796,0.257850912246166
CatBoost,0.4269889224572004,0.24585411109822566,0.6351009631310426,0.257850912246166
CatBoost,0.4241691842900302,0.24674868189806679,0.636668754961502,0.257850912246166
CatBoost,0.42134944612286,0.24766189179590387,0.6381849321616331,0.257850912246166
CatBoost,0.41852970795568983,0.24859432946524704,0.6400073802804438,0.257850912246166
CatBoost,0.4163141993957704,0.24990932172651434,0.641623994505593,0.257850912246166
CatBoost,0.4136958710976838,0.2510081877062202,0.6431945255748455,0.257850912246166
CatBoost,0.4104733131923464,0.25176034589252627,0.6449661769986189,0.257850912246166
CatBoost,0.4068479355488419,0.2522792556513051,0.6466264358129928,0.257850912246166
CatBoost,0.40362537764350453,0.2530622553352696,0.6483200035312934,0.257850912246166
CatBoost,0.4010070493454179,0.25424594560081726,0.6500937333574243,0.257850912246166
CatBoost,0.39798590130916417,0.2551982435748418,0.651898730448134,0.257850912246166
CatBoost,0.3955689828801611,0.2565643370346179,0.653443924081078,0.257850912246166
CatBoost,0.3929506545820745,0.2578300515395798,0.6553186262186743,0.257850912246166
CatBoost,0.38872104733131924,0.2580558898248429,0.6568896014398389,0.257850912246166
CatBoost,0.3865055387713998,0.2596401028277635,0.6582283973108697,0.257850912246166
CatBoost,0.38368580060422963,0.260851704778858,0.660237180053828,0.257850912246166
CatBoost,0.3806646525679758,0.26195426195426197,0.6620384225351067,0.257850912246166
CatBoost,0.3772406847935549,0.2628034236003929,0.6634129549867916,0.257850912246166
CatBoost,0.3744209466263847,0.2641000142065634,0.6651317918266817,0.257850912246166
CatBoost,0.3707955689828802,0.2648539778449144,0.6668279289566548,0.257850912246166
CatBoost,0.3675730110775428,0.2659186944484919,0.6686115638572994,0.257850912246166
CatBoost,0.36555891238670696,0.26785714285714285,0.6704645401509379,0.257850912246166
CatBoost,0.3627391742195368,0.2692882775119617,0.6719626239441198,0.257850912246166
CatBoost,0.35971802618328297,0.2706060606060606,0.6738205150652673,0.257850912246166
CatBoost,0.356294058408862,0.27165233415233414,0.6755937336023354,0.257850912246166
CatBoost,0.35307150050352465,0.27288293897882937,0.6774861698047288,0.257850912246166
CatBoost,0.3496475327291037,0.273989898989899,0.6791334296835757,0.257850912246166
CatBoost,0.34662638469284995,0.2754481434058899,0.6810382975505737,0.257850912246166
CatBoost,0.34521651560926486,0.27824675324675324,0.6828008711177,0.257850912246166
CatBoost,0.34219536757301106,0.2798089591567852,0.6844570044869727,0.257850912246166
CatBoost,0.33897280966767374,0.28125,0.6866623132746819,0.257850912246166
CatBoost,0.3363544813695871,0.28324287652645863,0.6884805740299359,0.257850912246166
CatBoost,0.3339375629405841,0.28546831955922863,0.6903881148754479,0.257850912246166
CatBoost,0.330110775427996,0.2865384615384615,0.6926569517302108,0.257850912246166
CatBoost,0.3268882175226586,0.2881747159090909,0.6945687784798238,0.257850912246166
CatBoost,0.3228600201409869,0.28914141414141414,0.6965410757851241,0.257850912246166
CatBoost,0.31963746223564954,0.2908724340175953,0.6985193675944708,0.257850912246166
CatBoost,0.3148036253776435,0.29116989567809237,0.7003342146007224,0.257850912246166
CatBoost,0.31057401812688823,0.29204545454545455,0.7022163415157783,0.257850912246166
CatBoost,0.30775427995971805,0.2942989214175655,0.7043570604508038,0.257850912246166
CatBoost,0.30453172205438067,0.2962382445141066,0.7064394972186745,0.257850912246166
CatBoost,0.3017119838872105,0.2986443381180223,0.7083585783031201,0.257850912246166
CatBoost,0.2976837865055388,0.29991883116883117,0.7104741716782998,0.257850912246166
CatBoost,0.2930513595166163,0.3006198347107438,0.7125580227998235,0.257850912246166
CatBoost,0.2892245720040282,0.3021885521885522,0.7150343218083601,0.257850912246166
CatBoost,0.28600201409869086,0.30445969125214406,0.7169710644996306,0.257850912246166
CatBoost,0.28157099697885196,0.305506993006993,0.7192185017723454,0.257850912246166
CatBoost,0.2777442094662638,0.3072638146167558,0.721277534283197,0.257850912246166
CatBoost,0.2743202416918429,0.30954545454545457,0.7232373418939169,0.257850912246166
CatBoost,0.2704934541792548,0.311456400742115,0.725390337305258,0.257850912246166
CatBoost,0.26565961732124876,0.31226325757575757,0.7273646243390259,0.257850912246166
CatBoost,0.26122860020140987,0.3135880077369439,0.7295838492923256,0.257850912246166
CatBoost,0.259214501510574,0.3179347826086957,0.731591941327365,0.257850912246166
CatBoost,0.2551863041289023,0.31994949494949493,0.7341890749649029,0.257850912246166
CatBoost,0.2529707955689829,0.3243801652892562,0.7369797349229867,0.257850912246166
CatBoost,0.24894259818731118,0.3266384778012685,0.739534504625153,0.257850912246166
CatBoost,0.2445115810674723,0.32846320346320346,0.7420372820672894,0.257850912246166
CatBoost,0.2406847935548842,0.33120842572062087,0.7439185091893217,0.257850912246166
CatBoost,0.2364551863041289,0.33352272727272725,0.7465279996053266,0.257850912246166
CatBoost,0.23303121852970796,0.3371212121212121,0.7490505665423278,0.257850912246166
CatBoost,0.229607250755287,0.3409090909090909,0.7511493859895826,0.257850912246166
CatBoost,0.22517623363544814,0.34336609336609336,0.7537338181663229,0.257850912246166
CatBoost,0.22215508559919436,0.34816919191919193,0.7563951242834945,0.257850912246166
CatBoost,0.21732124874118833,0.3503246753246753,0.7586792229927343,0.257850912246166
CatBoost,0.2122860020140987,0.3522727272727273,0.7613004651993815,0.257850912246166
CatBoost,0.20886203423967775,0.3570936639118457,0.7640108464049605,0.257850912246166
CatBoost,0.20604229607250754,0.36328125,0.7665850670600721,0.257850912246166
CatBoost,0.20060422960725074,0.3651026392961877,0.7690730445876163,0.257850912246166
CatBoost,0.19556898288016114,0.3678030303030303,0.7717391438612711,0.257850912246166
CatBoost,0.19073514602215508,0.37108150470219436,0.7742609740744627,0.257850912246166
CatBoost,0.1850956696878147,0.3729707792207792,0.7767881896176798,0.257850912246166
CatBoost,0.18066465256797584,0.37752525252525254,0.7797820169516722,0.257850912246166
CatBoost,0.1768378650553877,0.38374125874125875,0.7825723312114607,0.257850912246166
CatBoost,0.17200402819738167,0.3881818181818182,0.7856885067155683,0.257850912246166
CatBoost,0.1673716012084592,0.3934659090909091,0.7890473688697928,0.257850912246166
CatBoost,0.1623363544813696,0.39822134387351776,0.7921858717248135,0.257850912246166
CatBoost,0.15750251762336354,0.40392561983471076,0.7949898722863666,0.257850912246166
CatBoost,0.1524672708962739,0.4096320346320346,0.7976847282501898,0.257850912246166
CatBoost,0.14783484390735147,0.41704545454545455,0.8015886005623879,0.257850912246166
CatBoost,0.1417925478348439,0.42105263157894735,0.8050584401668442,0.257850912246166
CatBoost,0.1363544813695871,0.4273989898989899,0.8091327752565733,0.257850912246166
CatBoost,0.1284994964753273,0.4264705882352941,0.812588767395246,0.257850912246166
CatBoost,0.12185297079556898,0.4296875,0.815962555917846,0.257850912246166
CatBoost,0.11681772406847936,0.4393939393939394,0.8196370173298336,0.257850912246166
CatBoost,0.10936555891238671,0.4407467532467532,0.8242120304302005,0.257850912246166
CatBoost,0.10251762336354481,0.44493006993006995,0.8287480787415284,0.257850912246166
CatBoost,0.09728096676737161,0.45738636363636365,0.8328229937733924,0.257850912246166
CatBoost,0.08962739174219536,0.4597107438016529,0.8375121056081242,0.257850912246166
CatBoost,0.08277945619335347,0.46704545454545454,0.8419835859296086,0.257850912246166
CatBoost,0.075730110775428,0.47474747474747475,0.8475412400817023,0.257850912246166
CatBoost,0.06827794561933535,0.4815340909090909,0.852792032156675,0.257850912246166
CatBoost,0.06042296072507553,0.487012987012987,0.858434665013148,0.257850912246166
CatBoost,0.054582074521651563,0.5132575757575758,0.865941944076163,0.257850912246166
CatBoost,0.04632426988922457,0.5227272727272727,0.873706800990764,0.257850912246166
CatBoost,0.038267875125881166,0.5397727272727273,0.8808339324006262,0.257850912246166
CatBoost,0.03001007049345418,0.5643939393939394,0.8880021381050289,0.257850912246166
CatBoost,0.022356495468277945,0.6306818181818182,0.9001406307620335,0.257850912246166
CatBoost,0.011681772406847936,0.6590909090909091,0.9156260982570913,0.257850912246166
CatBoost,0.0,1.0,,0.257850912246166
XGBoost,1.0,0.08072776937710356,0.007250678725540638,0.24947322914576298
XGBoost,1.0,0.0808421258304025,0.022547053173184395,0.24947322914576298
XGBoost,0.9997985901309164,0.08094182102791547,0.028996042907238007,0.24947322914576298
XGBoost,0.9997985901309164,0.08105813193990856,0.03287113830447197,0.24947322914576298
XGBoost,0.9995971802618329,0.08115842490842491,0.035585034638643265,0.24947322914576298
XGBoost,0.9995971802618329,0.08127538320450675,0.038279470056295395,0.24947322914576298
XGBoost,0.9993957703927493,0.08137627919181317,0.04122871905565262,0.24947322914576298
XGBoost,0.9993957703927493,0.08149255202089048,0.04358644410967827,0.24947322914576298
XGBoost,0.9993957703927493,0.08161049982730548,0.0456915944814682,0.24947322914576298
XGBoost,0.9991943605236656,0.08171231861380594,0.04767404869198799,0.24947322914576298
XGBoost,0.9987915407854985,0.0817979381443299,0.04941441863775253,0.24947322914576298
XGBoost,0.9983887210473313,0.08188380659761799,0.05114861577749252,0.24947322914576298
XGBoost,0.9983887210473313,0.08200301080249467,0.05279197543859482,0.24947322914576298
XGBoost,0.9977844914400805,0.08207150193830556,0.05456860363483429,0.24947322914576298
XGBoost,0.9977844914400805,0.08219132627666988,0.05608268827199936,0.24947322914576298
XGBoost,0.9977844914400805,0.08231150101352475,0.057494841516017914,0.24947322914576298
XGBoost,0.9977844914400805,0.08243202768810942,0.058887023478746414,0.24947322914576298
XGBoost,0.9977844914400805,0.08255290784869189,0.06041985750198364,0.24947322914576298
XGBoost,0.997583081570997,0.08265745469109843,0.061710380017757416,0.24947322914576298
XGBoost,0.9969788519637462,0.08272750062672349,0.06307736784219742,0.24947322914576298
XGBoost,0.9967774420946627,0.0828326108423854,0.06435464322566986,0.24947322914576298
XGBoost,0.996576032225579,0.0829380311436665,0.065761499106884,0.24947322914576298
XGBoost,0.9961732124874119,0.08302697621325814,0.0670255571603775,0.24947322914576298
XGBoost,0.9961732124874119,0.0831498075080275,0.06834352016448975,0.24947322914576298
XGBoost,0.9961732124874119,0.08327300277801161,0.06927821785211563,0.24947322914576298
XGBoost,0.9957703927492447,0.08336143521953193,0.0703563541173935,0.24947322914576298
XGBoost,0.9955689828801612,0.08346842283012496,0.0715089961886406,0.24947322914576298
XGBoost,0.9953675730110776,0.083575728877765,0.07252302020788193,0.24947322914576298
XGBoost,0.9945619335347432,0.08363254522051351,0.07374292612075806,0.24947322914576298
XGBoost,0.9939577039274925,0.08370649297781396,0.07483033090829849,0.24947322914576298
XGBoost,0.9939577039274925,0.08383162329279065,0.07601659744977951,0.24947322914576298
XGBoost,0.9935548841893252,0.08392167537129344,0.07698185741901398,0.24947322914576298
XGBoost,0.9935548841893252,0.08404750140561906,0.07800820469856262,0.24947322914576298
XGBoost,0.9935548841893252,0.08417370531524614,0.07911673188209534,0.24947322914576298
XGBoost,0.9935548841893252,0.08430028880496267,0.07995401322841644,0.24947322914576298
XGBoost,0.9929506545820745,0.08437590922315973,0.08108557760715485,0.24947322914576298
XGBoost,0.9925478348439074,0.08446889837335664,0.08204835653305054,0.24947322914576298
XGBoost,0.9925478348439074,0.08459650146773556,0.08291178941726685,0.24947322914576298
XGBoost,0.991742195367573,0.08465426537839975,0.08400187641382217,0.24947322914576298
XGBoost,0.991742195367573,0.08478253383380971,0.08503320813179016,0.24947322914576298
XGBoost,0.9915407854984895,0.08489394723228143,0.08601771295070648,0.24947322914576298
XGBoost,0.9913393756294059,0.08500569928499879,0.08711652457714081,0.24947322914576298
XGBoost,0.9911379657603222,0.08511779153838171,0.08796367794275284,0.24947322914576298
XGBoost,0.9911379657603222,0.08524754876485466,0.08872659504413605,0.24947322914576298
XGBoost,0.9911379657603222,0.08537622096150176,0.08963534981012344,0.24947322914576298
XGBoost,0.9911379657603222,0.08550676791020138,0.0905565470457077,0.24947322914576298
XGBoost,0.9909365558912386,0.08562031220089449,0.0913848876953125,0.24947322914576298
XGBoost,0.9903323262839879,0.08569934640522876,0.09226840734481812,0.24947322914576298
XGBoost,0.9899295065458208,0.08579607938973938,0.09308386594057083,0.24947322914576298
XGBoost,0.9897280966767371,0.08591059284253222,0.09395461529493332,0.24947322914576298
XGBoost,0.9895266868076535,0.08602395293458467,0.09484760463237762,0.24947322914576298
XGBoost,0.9891238670694864,0.08612314329305719,0.09572571516036987,0.24947322914576298
XGBoost,0.9891238670694864,0.08625625713532976,0.09664172679185867,0.24947322914576298
XGBoost,0.9891238670694864,0.08638978310201066,0.09738978743553162,0.24947322914576298
XGBoost,0.9891238670694864,0.08652372310999136,0.09821619838476181,0.24947322914576298
XGBoost,0.9891238670694864,0.08665807908806973,0.09910060465335846,0.24947322914576298
XGBoost,0.9881168177240685,0.08670295489891135,0.10002196580171585,0.24947322914576298
XGBoost,0.9877139979859013,0.08680260549419427,0.10086426138877869,0.24947322914576298
XGBoost,0.9877139979859013,0.08693802297546448,0.1016131043434143,0.24947322914576298
XGBoost,0.9875125881168177,0.08705610795454545,0.10245655477046967,0.24947322914576298
XGBoost,0.9873111782477342,0.08717611282033043,0.10315532982349396,0.24947322914576298
XGBoost,0.9873111782477342,0.08731275492937678,0.10403085500001907,0.24947322914576298
XGBoost,0.9869083585095669,0.08741258741258741,0.10467959940433502,0.24947322914576298
XGBoost,0.9863041289023162,0.08749642652944539,0.10546936094760895,0.24947322914576298
XGBoost,0.9861027190332327,0.08761632068718683,0.10627874732017517,0.24947322914576298
XGBoost,0.9854984894259818,0.08770074562661313,0.10713940113782883,0.24947322914576298
XGBoost,0.9854984894259818,0.08783929340801379,0.10793161392211914,0.24947322914576298
XGBoost,0.9854984894259818,0.08797827963176065,0.10860671103000641,0.24947322914576298
XGBoost,0.9852970795568983,0.08809969744993516,0.10940450429916382,0.24947322914576298
XGBoost,0.9850956696878147,0.08822150072150071,0.11008673161268234,0.24947322914576298
XGBoost,0.9850956696878147,0.08836175747940454,0.11082190275192261,0.24947322914576298
XGBoost,0.9850956696878147,0.0885024609148813,0.11167005449533463,0.24947322914576298
XGBoost,0.9846928499496476,0.08860897145446307,0.1124132052063942,0.24947322914576298
XGBoost,0.984491440080564,0.08873236879844609,0.11310553550720215,0.24947322914576298
XGBoost,0.984491440080564,0.08887434316987582,0.11385026574134827,0.24947322914576298
XGBoost,0.9840886203423967,0.0889787296037296,0.11446735262870789,0.24947322914576298
XGBoost,0.9840886203423967,0.08912155260469867,0.11505197733640671,0.24947322914576298
XGBoost,0.9836858006042296,0.08922829581993569,0.11579413712024689,0.24947322914576298
XGBoost,0.9830815709969789,0.08931708388230128,0.116510771214962,0.24947322914576298
XGBoost,0.9826787512588117,0.08942448680351907,0.11729323863983154,0.24947322914576298
XGBoost,0.9818731117824774,0.0894955206344544,0.11805245280265808,0.24947322914576298
XGBoost,0.9814702920443101,0.08960191229199228,0.11882250010967255,0.24947322914576298
XGBoost,0.981067472306143,0.0897102970698197,0.11966664344072342,0.24947322914576298
XGBoost,0.9806646525679759,0.0898190337397849,0.12043959647417068,0.24947322914576298
XGBoost,0.9802618328298086,0.08992812401840321,0.12122949957847595,0.24947322914576298
XGBoost,0.9798590130916415,0.0900375696333722,0.12199093401432037,0.24947322914576298
XGBoost,0.9796576032225579,0.09016590972286588,0.12278301268815994,0.24947322914576298
XGBoost,0.9790533736153072,0.09025585799695496,0.12355051934719086,0.24947322914576298
XGBoost,0.9790533736153072,0.09040357076436675,0.12427997589111328,0.24947322914576298
XGBoost,0.9788519637462235,0.09053313959986588,0.12498298287391663,0.24947322914576298
XGBoost,0.9780463242698892,0.09060715751763257,0.12563808262348175,0.24947322914576298
XGBoost,0.9772406847935549,0.09068141890629089,0.12635742127895355,0.24947322914576298
XGBoost,0.9768378650553877,0.0907933655322176,0.12706224620342255,0.24947322914576298
XGBoost,0.9760322255790533,0.09086647540829912,0.12786544859409332,0.24947322914576298
XGBoost,0.9756294058408862,0.09097909584358507,0.1284755915403366,0.24947322914576298
XGBoost,0.9752265861027191,0.0910920891731728,0.12928955256938934,0.24947322914576298
XGBoost,0.9746223564954682,0.0911866131494149,0.13008493185043335,0.24947322914576298
XGBoost,0.9740181268882175,0.09128145114101814,0.13080593943595886,0.24947322914576298
XGBoost,0.9734138972809667,0.091376604715358,0.1315140575170517,0.24947322914576298
XGBoost,0.9730110775427996,0.09149101376815712,0.13218779861927032,0.24947322914576298
XGBoost,0.9730110775427996,0.09164374466470644,0.1328643411397934,0.24947322914576298
XGBoost,0.9730110775427996,0.09179873066545054,0.13348788022994995,0.24947322914576298
XGBoost,0.972809667673716,0.09193345768776885,0.13419470191001892,0.24947322914576298
XGBoost,0.9726082578046324,0.09206863679694947,0.13494960963726044,0.24947322914576298
XGBoost,0.9726082578046324,0.09222336809136397,0.1357424408197403,0.24947322914576298
XGBoost,0.9722054380664653,0.09234036040861614,0.13647714257240295,0.24947322914576298
XGBoost,0.9720040281973816,0.09247513748634717,0.13719220459461212,0.24947322914576298
XGBoost,0.9720040281973816,0.09263133649398261,0.1378239542245865,0.24947322914576298
XGBoost,0.9720040281973816,0.09278806406337121,0.13863368332386017,0.24947322914576298
XGBoost,0.9713997985901309,0.09288754501858522,0.13935737311840057,0.24947322914576298
XGBoost,0.9711983887210474,0.09302594771872287,0.14017805457115173,0.24947322914576298
XGBoost,0.9711983887210474,0.09318414594082748,0.14083895087242126,0.24947322914576298
XGBoost,0.9705941591137965,0.09328300425861401,0.14159902930259705,0.24947322914576298
XGBoost,0.9699899295065458,0.09338400682540914,0.14240571856498718,0.24947322914576298
XGBoost,0.9697885196374623,0.09352420169373009,0.14298565685749054,0.24947322914576298
XGBoost,0.9691842900302114,0.09362596310996965,0.14360974729061127,0.24947322914576298
XGBoost,0.9689828801611279,0.0937670538707414,0.14432193338871002,0.24947322914576298
XGBoost,0.9677744209466264,0.09381101132370168,0.14502032101154327,0.24947322914576298
XGBoost,0.9675730110775428,0.09395106878141318,0.14569255709648132,0.24947322914576298
XGBoost,0.9665659617321248,0.09401508472916055,0.1462901383638382,0.24947322914576298
XGBoost,0.9661631419939577,0.09413819494868222,0.14700847864151,0.24947322914576298
XGBoost,0.9661631419939577,0.0943029016277424,0.14768452942371368,0.24947322914576298
XGBoost,0.9659617321248741,0.09444663253249311,0.14838619530200958,0.24947322914576298
XGBoost,0.9653575025176233,0.09455140850627318,0.14902186393737793,0.24947322914576298
XGBoost,0.9651560926485397,0.09469420017784803,0.14970040321350098,0.24947322914576298
XGBoost,0.9651560926485397,0.09485915632361383,0.1504264920949936,0.24947322914576298
XGBoost,0.964551863041289,0.09496519859604592,0.15102247893810272,0.24947322914576298
XGBoost,0.9641490433031219,0.09509147613277448,0.15171827375888824,0.24947322914576298
XGBoost,0.9639476334340382,0.09523809523809523,0.1524941623210907,0.24947322914576298
XGBoost,0.9639476334340382,0.09540516296222466,0.153207466006279,0.24947322914576298
XGBoost,0.9629405840886204,0.09547106513838412,0.15385134518146515,0.24947322914576298
XGBoost,0.9627391742195368,0.09561912382476495,0.1544567346572876,0.24947322914576298
XGBoost,0.9625377643504531,0.09576770470121437,0.1550137996673584,0.24947322914576298
XGBoost,0.9615307150050353,0.09583651182398523,0.15576626360416412,0.24947322914576298
XGBoost,0.9613293051359516,0.09598600329807344,0.1564437597990036,0.24947322914576298
XGBoost,0.9609264853977845,0.09611587896369717,0.15716472268104553,0.24947322914576298
XGBoost,0.9607250755287009,0.09626639757820384,0.15777179598808289,0.24947322914576298
XGBoost,0.9599194360523665,0.09635485110082284,0.15840937197208405,0.24947322914576298
XGBoost,0.9591137965760322,0.09644556962025316,0.15917757153511047,0.24947322914576298
XGBoost,0.9587109768378651,0.09657719073995172,0.15994855761528015,0.24947322914576298
XGBoost,0.9581067472306143,0.09668895709262383,0.16070257127285004,0.24947322914576298
XGBoost,0.95730110775428,0.09678076194742521,0.161376953125,0.24947322914576298
XGBoost,0.9566968781470292,0.0968932949839871,0.16225789487361908,0.24947322914576298
XGBoost,0.9564954682779456,0.09704710330029631,0.1628330647945404,0.24947322914576298
XGBoost,0.9562940584088621,0.09720146580137982,0.16349150240421295,0.24947322914576298
XGBoost,0.9558912386706948,0.0973358764535778,0.16417339444160461,0.24947322914576298
XGBoost,0.9554884189325277,0.09747077315033593,0.16476117074489594,0.24947322914576298
XGBoost,0.9554884189325277,0.09764732519605623,0.1654500812292099,0.24947322914576298
XGBoost,0.954884189325277,0.09776265594391174,0.16641069948673248,0.24947322914576298
XGBoost,0.9544813695871097,0.09789704181127086,0.1672345995903015,0.24947322914576298
XGBoost,0.9542799597180261,0.0980546357615894,0.1679103672504425,0.24947322914576298
XGBoost,0.9542799597180261,0.09823353790014928,0.16864530742168427,0.24947322914576298
XGBoost,0.953877139979859,0.09837155201063476,0.16918133199214935,0.24947322914576298
XGBoost,0.9534743202416919,0.09851007158315299,0.1699415147304535,0.24947322914576298
XGBoost,0.9534743202416919,0.09869079386257505,0.17059426009655,0.24947322914576298
XGBoost,0.9528700906344411,0.09880746016165076,0.17124159634113312,0.24947322914576298
XGBoost,0.9524672708962739,0.09894754461950495,0.1719418168067932,0.24947322914576298
XGBoost,0.9520644511581068,0.09908814589665653,0.17262764275074005,0.24947322914576298
XGBoost,0.951460221550856,0.09920826595543608,0.17320197820663452,0.24947322914576298
XGBoost,0.9512588116817724,0.09937091039155042,0.1738797128200531,0.24947322914576298
XGBoost,0.9510574018126888,0.09953415821757551,0.1746969074010849,0.24947322914576298
XGBoost,0.9506545820745217,0.09967478988047472,0.1754310429096222,0.24947322914576298
XGBoost,0.950453172205438,0.09983920788727627,0.1761063039302826,0.24947322914576298
XGBoost,0.9498489425981873,0.09996184662342618,0.1767183095216751,0.24947322914576298
XGBoost,0.9492447129909366,0.10008494372478233,0.1774291694164276,0.24947322914576298
XGBoost,0.9484390735146022,0.10018722607548615,0.17825330793857574,0.24947322914576298
XGBoost,0.9478348439073515,0.10031334598085818,0.1789194941520691,0.24947322914576298
XGBoost,0.9474320241691843,0.10046130189646335,0.17950694262981415,0.24947322914576298
XGBoost,0.9474320241691843,0.10064830862057898,0.1801697313785553,0.24947322914576298
XGBoost,0.9468277945619336,0.10077386439151964,0.18089358508586884,0.24947322914576298
XGBoost,0.9460221550855992,0.10087841755976032,0.18155118823051453,0.24947322914576298
XGBoost,0.9458207452165156,0.10105009468066793,0.1822010725736618,0.24947322914576298
XGBoost,0.945619335347432,0.10122024836150396,0.18297649919986725,0.24947322914576298
XGBoost,0.945619335347432,0.10141264904095386,0.18357282876968384,0.24947322914576298
XGBoost,0.9446122860020141,0.10149757617728532,0.1842528134584427,0.24947322914576298
XGBoost,0.9438066465256798,0.10160450997398092,0.18496014177799225,0.24947322914576298
XGBoost,0.9425981873111783,0.10166840458811262,0.18559327721595764,0.24947322914576298
XGBoost,0.9419939577039275,0.1017978408497301,0.18628861010074615,0.24947322914576298
XGBoost,0.9413897280966768,0.10192777390090718,0.18698535859584808,0.24947322914576298
XGBoost,0.9405840886203424,0.10203635728019576,0.18783943355083466,0.24947322914576298
XGBoost,0.9401812688821752,0.10218690484008669,0.1883869767189026,0.24947322914576298
XGBoost,0.9401812688821752,0.10238413791590814,0.18909813463687897,0.24947322914576298
XGBoost,0.9395770392749244,0.10251620701021866,0.1897602081298828,0.24947322914576298
XGBoost,0.9393756294058409,0.10269282427284937,0.19044338166713715,0.24947322914576298
XGBoost,0.9387713997985901,0.10282600542698934,0.1910075843334198,0.24947322914576298
XGBoost,0.9377643504531722,0.10291549700492916,0.19166849553585052,0.24947322914576298
XGBoost,0.9369587109768379,0.10302520263985472,0.1923471838235855,0.24947322914576298
XGBoost,0.9369587109768379,0.10322637908844805,0.19298510253429413,0.24947322914576298
XGBoost,0.9357502517623364,0.10329494419493974,0.19360581040382385,0.24947322914576298
XGBoost,0.9355488418932527,0.10347516150590332,0.19432230293750763,0.24947322914576298
XGBoost,0.9351460221550856,0.10363376634971654,0.19501276314258575,0.24947322914576298
XGBoost,0.934944612286002,0.10381535984255491,0.1957196295261383,0.24947322914576298
XGBoost,0.9345417925478349,0.10397293118515696,0.1963174194097519,0.24947322914576298
XGBoost,0.9343403826787513,0.10415590830508094,0.19709791243076324,0.24947322914576298
XGBoost,0.9337361530715005,0.10429461654405975,0.19779062271118164,0.24947322914576298
XGBoost,0.9329305135951662,0.10441133376913193,0.19852478802204132,0.24947322914576298
XGBoost,0.9319234642497483,0.10450592885375494,0.19920353591442108,0.24947322914576298
XGBoost,0.9313192346424974,0.10464853120898022,0.19990843534469604,0.24947322914576298
XGBoost,0.9309164149043303,0.10480963287149368,0.20062512159347534,0.24947322914576298
XGBoost,0.9305135951661632,0.10497375656085979,0.20141081511974335,0.24947322914576298
XGBoost,0.9297079556898288,0.10509300366550554,0.20205563306808472,0.24947322914576298
XGBoost,0.9284994964753273,0.10516710391239877,0.2026720941066742,0.24947322914576298
XGBoost,0.9284994964753273,0.10537865453631107,0.20335936546325684,0.24947322914576298
XGBoost,0.9280966767371601,0.10554766594896697,0.2039899379014969,0.24947322914576298
XGBoost,0.9278952668680766,0.10573789304567363,0.20466499030590057,0.24947322914576298
XGBoost,0.9270896273917422,0.1058623306731676,0.20540893077850342,0.24947322914576298
XGBoost,0.926686807653575,0.10603092664715508,0.20617306232452393,0.24947322914576298
XGBoost,0.9258811681772406,0.10615402378478236,0.20676051080226898,0.24947322914576298
XGBoost,0.9254783484390735,0.10632636060718252,0.20749138295650482,0.24947322914576298
XGBoost,0.9250755287009064,0.10649940872307372,0.20807573199272156,0.24947322914576298
XGBoost,0.9246727089627391,0.10667317254519262,0.20875650644302368,0.24947322914576298
XGBoost,0.9244712990936556,0.10686596353984773,0.2094395011663437,0.24947322914576298
XGBoost,0.9240684793554884,0.10703870471035624,0.21023738384246826,0.24947322914576298
XGBoost,0.9234642497482377,0.10718877849210988,0.21091225743293762,0.24947322914576298
XGBoost,0.9230614300100705,0.10736541254743945,0.21152515709400177,0.24947322914576298
XGBoost,0.9224572004028198,0.10751678482557867,0.21210430562496185,0.24947322914576298
XGBoost,0.9218529707955689,0.10766878381557281,0.21276435256004333,0.24947322914576298
XGBoost,0.9214501510574018,0.10784244395728732,0.21339432895183563,0.24947322914576298
XGBoost,0.9206445115810675,0.10797212708161096,0.21407699584960938,0.24947322914576298
XGBoost,0.919436052366566,0.10805500982318271,0.2147863209247589,0.24947322914576298
XGBoost,0.9192346424974823,0.1082568372115088,0.21562030911445618,0.24947322914576298
XGBoost,0.918429003021148,0.10838820089848114,0.21626406908035278,0.24947322914576298
XGBoost,0.9180261832829809,0.10856775361455827,0.216993510723114,0.24947322914576298
XGBoost,0.9180261832829809,0.10879320221500859,0.21770180761814117,0.24947322914576298
XGBoost,0.9172205438066465,0.10892652123995407,0.21826224029064178,0.24947322914576298
XGBoost,0.9162134944612286,0.10903643336529242,0.21901176869869232,0.24947322914576298
XGBoost,0.9158106747230614,0.10922149359852033,0.21969234943389893,0.24947322914576298
XGBoost,0.9152064451158107,0.10938064174469826,0.22041146457195282,0.24947322914576298
XGBoost,0.9146022155085599,0.10954046556507056,0.2210603654384613,0.24947322914576298
XGBoost,0.9137965760322255,0.10967679551333188,0.22169379889965057,0.24947322914576298
XGBoost,0.9125881168177241,0.10976525594127765,0.222270205616951,0.24947322914576298
XGBoost,0.9117824773413897,0.10990264863683814,0.2229405641555786,0.24947322914576298
XGBoost,0.9113796576032226,0.11008928788652897,0.2237042784690857,0.24947322914576298
XGBoost,0.9109768378650553,0.11027672802633183,0.22431856393814087,0.24947322914576298
XGBoost,0.9099697885196375,0.1103916729787182,0.22490853071212769,0.24947322914576298
XGBoost,0.9089627391742195,0.11050711329856265,0.2255961298942566,0.24947322914576298
XGBoost,0.9083585095669687,0.11066941499803691,0.2263459712266922,0.24947322914576298
XGBoost,0.9083585095669687,0.1109089120598072,0.22710616886615753,0.24947322914576298
XGBoost,0.907754279959718,0.11107551261829653,0.22791647911071777,0.24947322914576298
XGBoost,0.9073514602215509,0.11126753606006717,0.22872394323349,0.24947322914576298
XGBoost,0.9065458207452165,0.11141089108910891,0.22938711941242218,0.24947322914576298
XGBoost,0.9061430010070494,0.11160448501686843,0.22993816435337067,0.24947322914576298
XGBoost,0.9059415911379658,0.11182100683654443,0.2307685911655426,0.24947322914576298
XGBoost,0.9055387713997985,0.11201634402172558,0.2314128875732422,0.24947322914576298
XGBoost,0.905337361530715,0.11223750905141203,0.23213018476963043,0.24947322914576298
XGBoost,0.9051359516616314,0.11245964815695303,0.2328544557094574,0.24947322914576298
XGBoost,0.9047331319234643,0.1126576881599077,0.23363451659679413,0.24947322914576298
XGBoost,0.9039274924471299,0.11280633404549453,0.23430004715919495,0.24947322914576298
XGBoost,0.9033232628398792,0.11297798377752027,0.2349078506231308,0.24947322914576298
XGBoost,0.9023162134944612,0.11310275183034588,0.2358037680387497,0.24947322914576298
XGBoost,0.9023162134944612,0.11335745552997141,0.23643241822719574,0.24947322914576298
XGBoost,0.9011077542799597,0.11345827099130171,0.23712365329265594,0.24947322914576298
XGBoost,0.900503524672709,0.11363578599567925,0.2377622276544571,0.24947322914576298
XGBoost,0.899496475327291,0.1137631505209262,0.23842674493789673,0.24947322914576298
XGBoost,0.8984894259818731,0.11388817972938474,0.2391337752342224,0.24947322914576298
XGBoost,0.8978851963746224,0.11406785732562305,0.23983290791511536,0.24947322914576298
XGBoost,0.8972809667673716,0.11424834589936914,0.24050851166248322,0.24947322914576298
XGBoost,0.8964753272910373,0.11440394797717576,0.24133706092834473,0.24947322914576298
XGBoost,0.8962739174219537,0.11463753928589829,0.24203646183013916,0.24947322914576298
XGBoost,0.8954682779456193,0.11479473276529822,0.24284999072551727,0.24947322914576298
XGBoost,0.894662638469285,0.11494966746888181,0.24362830817699432,0.24947322914576298
XGBoost,0.8938569989929507,0.1151082868629231,0.2443997859954834,0.24947322914576298
XGBoost,0.8920443101711983,0.11513765045363558,0.2453157603740692,0.24947322914576298
XGBoost,0.8910372608257805,0.11527137236509549,0.24607719480991364,0.24947322914576298
XGBoost,0.8906344410876132,0.11548405630565929,0.24691513180732727,0.24947322914576298
XGBoost,0.8902316213494461,0.11570074865190304,0.24769338965415955,0.24947322914576298
XGBoost,0.8894259818731118,0.1158598976780795,0.24841108918190002,0.24947322914576298
XGBoost,0.8894259818731118,0.11612801430562496,0.24909938871860504,0.24947322914576298
XGBoost,0.888821752265861,0.11631830042963705,0.24991044402122498,0.24947322914576298
XGBoost,0.8872104733131924,0.11637737444189057,0.2507343888282776,0.24947322914576298
XGBoost,0.8866062437059415,0.11656912851203559,0.2513669729232788,0.24947322914576298
XGBoost,0.8858006042296073,0.11673833412963848,0.25212493538856506,0.24947322914576298
XGBoost,0.8851963746223565,0.1169318363220348,0.25299927592277527,0.24947322914576298
XGBoost,0.8851963746223565,0.11720312541667778,0.2537515163421631,0.24947322914576298
XGBoost,0.8847935548841893,0.11742535617866402,0.25452888011932373,0.24947322914576298
XGBoost,0.8837865055387714,0.11756825549928998,0.25520890951156616,0.24947322914576298
XGBoost,0.8833836858006042,0.11779239962400967,0.2560413181781769,0.24947322914576298
XGBoost,0.8825780463242698,0.117963765579993,0.25676602125167847,0.24947322914576298
XGBoost,0.8819738167170191,0.11816292938287595,0.2573837339878082,0.24947322914576298
XGBoost,0.8811681772406847,0.1183327923834253,0.2581425607204437,0.24947322914576298
XGBoost,0.8809667673716012,0.1185880056393016,0.2588557302951813,0.24947322914576298
XGBoost,0.8803625377643505,0.11879008587889989,0.25967493653297424,0.24947322914576298
XGBoost,0.8793554884189325,0.11893865097526425,0.2605036497116089,0.24947322914576298
XGBoost,0.8783484390735146,0.11908793009284543,0.2611842751502991,0.24947322914576298
XGBoost,0.8777442094662639,0.1192926749151429,0.2619400918483734,0.24947322914576298
XGBoost,0.877139979859013,0.1194951296474139,0.2627618908882141,0.24947322914576298
XGBoost,0.8761329305135952,0.11965012652657057,0.2635427713394165,0.24947322914576298
XGBoost,0.8747230614300101,0.11974743575603838,0.26435530185699463,0.24947322914576298
XGBoost,0.8739174219536757,0.1199281370923162,0.2652513384819031,0.24947322914576298
XGBoost,0.873313192346425,0.12013742657652665,0.2660425901412964,0.24947322914576298
XGBoost,0.8721047331319235,0.12026441506499277,0.266886830329895,0.24947322914576298
XGBoost,0.8717019133937562,0.12050004176295348,0.26760396361351013,0.24947322914576298
XGBoost,0.8712990936555891,0.12074018253370175,0.26841941475868225,0.24947322914576298
XGBoost,0.8702920443101712,0.12089756861867323,0.2691170871257782,0.24947322914576298
XGBoost,0.8692849949647533,0.12106252279038456,0.27000004053115845,0.24947322914576298
XGBoost,0.8684793554884189,0.12124961336220229,0.2708043158054352,0.24947322914576298
XGBoost,0.8676737160120845,0.12143763213530655,0.2716542184352875,0.24947322914576298
XGBoost,0.8676737160120845,0.12173618175652763,0.27241209149360657,0.24947322914576298
XGBoost,0.8668680765357503,0.12192634560906515,0.27309417724609375,0.24947322914576298
XGBoost,0.8658610271903323,0.12209599545583641,0.27377402782440186,0.24947322914576298
XGBoost,0.8652567975830816,0.12231649678264336,0.27439290285110474,0.24947322914576298
XGBoost,0.8646525679758308,0.12254160363086233,0.2752126157283783,0.24947322914576298
XGBoost,0.863645518630413,0.1227071111747031,0.2759764492511749,0.24947322914576298
XGBoost,0.8628398791540786,0.12290214304156984,0.27663829922676086,0.24947322914576298
XGBoost,0.8618328298086606,0.12306940090310334,0.2775152325630188,0.24947322914576298
XGBoost,0.8604229607250755,0.12317983910498544,0.27829480171203613,0.24947322914576298
XGBoost,0.859214501510574,0.12331974676957766,0.27915844321250916,0.24947322914576298
XGBoost,0.8580060422960725,0.12346036806259962,0.28003430366516113,0.24947322914576298
XGBoost,0.8578046324269889,0.12374698550135108,0.2807469666004181,0.24947322914576298
XGBoost,0.8565961732124874,0.12388942293687553,0.28158122301101685,0.24947322914576298
XGBoost,0.8549848942598187,0.1239705624671456,0.2823341488838196,0.24947322914576298
XGBoost,0.8537764350453172,0.12411430579141536,0.2833526134490967,0.24947322914576298
XGBoost,0.8531722054380665,0.12435050638485248,0.2841862440109253,0.24947322914576298
XGBoost,0.8527693856998992,0.1246137092739206,0.2849169075489044,0.24947322914576298
XGBoost,0.8515609264853978,0.12476024668771578,0.2857511341571808,0.24947322914576298
XGBoost,0.8501510574018127,0.12487796219046773,0.28658607602119446,0.24947322914576298
XGBoost,0.8497482376636455,0.1251408910245002,0.28729018568992615,0.24947322914576298
XGBoost,0.848539778449144,0.1252899542021055,0.2880233824253082,0.24947322914576298
XGBoost,0.8481369587109768,0.1255590673266146,0.2890762686729431,0.24947322914576298
XGBoost,0.8469284994964753,0.1257100149476831,0.28984159231185913,0.24947322914576298
XGBoost,0.8463242698892246,0.1259516815538637,0.2906305193901062,0.24947322914576298
XGBoost,0.8453172205438066,0.1261345194446114,0.29149922728538513,0.24947322914576298
XGBoost,0.8447129909365559,0.12637478530749993,0.29234930872917175,0.24947322914576298
XGBoost,0.8435045317220544,0.12652950240188526,0.2932436168193817,0.24947322914576298
XGBoost,0.8429003021148036,0.12677592317712277,0.2940065860748291,0.24947322914576298
XGBoost,0.8416918429003021,0.1269325395620083,0.294746071100235,0.24947322914576298
XGBoost,0.8408862034239678,0.1271509060453784,0.29566001892089844,0.24947322914576298
XGBoost,0.8400805639476334,0.12737044614773874,0.2965187430381775,0.24947322914576298
XGBoost,0.8390735146022155,0.12755664421310473,0.29731935262680054,0.24947322914576298
XGBoost,0.8384692849949648,0.1278091612427852,0.29816189408302307,0.24947322914576298
XGBoost,0.8380664652567976,0.12809383080901368,0.2990400493144989,0.24947322914576298
XGBoost,0.8374622356495468,0.12834917891097666,0.2998429536819458,0.24947322914576298
XGBoost,0.8366565961732125,0.1285749659527052,0.30062487721443176,0.24947322914576298
XGBoost,0.8356495468277946,0.12877094972067038,0.3015500009059906,0.24947322914576298
XGBoost,0.8348439073514602,0.12899912859454749,0.30229124426841736,0.24947322914576298
XGBoost,0.8340382678751259,0.12922856072899763,0.30316558480262756,0.24947322914576298
XGBoost,0.833031218529708,0.1294279634497434,0.303960382938385,0.24947322914576298
XGBoost,0.8318227593152064,0.1295970879879503,0.3046797811985016,0.24947322914576298
XGBoost,0.831017119838872,0.12983008181246067,0.3054965138435364,0.24947322914576298
XGBoost,0.8298086606243706,0.13000536429901233,0.3064287304878235,0.24947322914576298
XGBoost,0.8294058408862034,0.1303040850552163,0.30729714035987854,0.24947322914576298
XGBoost,0.8279959718026183,0.13044168041629647,0.308029443025589,0.24947322914576298
XGBoost,0.8277945619335347,0.13077510500190911,0.3088848292827606,0.24947322914576298
XGBoost,0.8269889224572003,0.13101467772814296,0.3098281919956207,0.24947322914576298
XGBoost,0.8261832829808661,0.13125559964162295,0.31067314743995667,0.24947322914576298
XGBoost,0.8251762336354481,0.13146579386471569,0.3113841414451599,0.24947322914576298
XGBoost,0.823766364551863,0.1316170555108608,0.3122624456882477,0.24947322914576298
XGBoost,0.8229607250755288,0.13185749322318316,0.3129414916038513,0.24947322914576298
XGBoost,0.8221550855991944,0.13210355987055017,0.3137093782424927,0.24947322914576298
XGBoost,0.82134944612286,0.13235103206542906,0.3146159052848816,0.24947322914576298
XGBoost,0.8209466263846928,0.13266501757583649,0.3155195415019989,0.24947322914576298
XGBoost,0.8193353474320242,0.13278495887191538,0.31643593311309814,0.24947322914576298
XGBoost,0.8185297079556898,0.13303653266989657,0.31731003522872925,0.24947322914576298
XGBoost,0.8177240684793555,0.1332851843340665,0.31816205382347107,0.24947322914576298
XGBoost,0.8169184290030211,0.13353965693214367,0.31901299953460693,0.24947322914576298
XGBoost,0.8161127895266868,0.1338000264165896,0.31974533200263977,0.24947322914576298
XGBoost,0.8157099697885196,0.13412372499668831,0.32060280442237854,0.24947322914576298
XGBoost,0.8145015105740181,0.13431646074133122,0.32134193181991577,0.24947322914576298
XGBoost,0.8134944612286003,0.13454363757495003,0.3221423625946045,0.24947322914576298
XGBoost,0.8124874118831823,0.13476764774663416,0.3229749798774719,0.24947322914576298
XGBoost,0.8116817724068479,0.13503099346624226,0.32376131415367126,0.24947322914576298
XGBoost,0.8108761329305136,0.13529589676378667,0.32466039061546326,0.24947322914576298
XGBoost,0.8096676737160121,0.1354949610704776,0.3255577087402344,0.24947322914576298
XGBoost,0.808257804632427,0.1356614042797742,0.3264538645744324,0.24947322914576298
XGBoost,0.8076535750251762,0.13596446614450886,0.3272217810153961,0.24947322914576298
XGBoost,0.8072507552870091,0.13629871454805143,0.3281843662261963,0.24947322914576298
XGBoost,0.805840886203424,0.13646906337403641,0.32916131615638733,0.24947322914576298
XGBoost,0.8046324269889225,0.13667464933287718,0.3300803601741791,0.24947322914576298
XGBoost,0.8034239677744209,0.13688147690618352,0.3309885859489441,0.24947322914576298
XGBoost,0.8026183282980867,0.1371583947132925,0.3318433165550232,0.24947322914576298
XGBoost,0.8016112789526687,0.1374024718635642,0.3327360153198242,0.24947322914576298
XGBoost,0.8004028197381672,0.13761340813075698,0.3334651589393616,0.24947322914576298
XGBoost,0.8,0.13795977909763468,0.3341841697692871,0.24947322914576298
XGBoost,0.8,0.13838274744800194,0.335036963224411,0.24947322914576298
XGBoost,0.7991943605236657,0.13866853049100122,0.3358738124370575,0.24947322914576298
XGBoost,0.797583081570997,0.13881585866021665,0.3367702066898346,0.24947322914576298
XGBoost,0.7967774420946626,0.13910475051865395,0.3377404510974884,0.24947322914576298
XGBoost,0.7957703927492447,0.1393601636626574,0.3385161757469177,0.24947322914576298
XGBoost,0.7949647532729104,0.13965254926936277,0.33929193019866943,0.24947322914576298
XGBoost,0.7943605236656596,0.13998225377107365,0.3402046263217926,0.24947322914576298
XGBoost,0.794159113796576,0.14038523160180866,0.34097427129745483,0.24947322914576298
XGBoost,0.7925478348439073,0.14054073359762848,0.3420628309249878,0.24947322914576298
XGBoost,0.7909365558912387,0.14069721615133818,0.3430059254169464,0.24947322914576298
XGBoost,0.7897280966767372,0.14092657154153038,0.3440224826335907,0.24947322914576298
XGBoost,0.7891238670694865,0.14126045572541102,0.3448697626590729,0.24947322914576298
XGBoost,0.7881168177240685,0.14152922453703703,0.3458396792411804,0.24947322914576298
XGBoost,0.7877139979859014,0.14190856313497824,0.3466782569885254,0.24947322914576298
XGBoost,0.7871097683786505,0.1422539312754805,0.3474026024341583,0.24947322914576298
XGBoost,0.7863041289023163,0.14256500146070697,0.34832295775413513,0.24947322914576298
XGBoost,0.7854984894259819,0.1428780773739742,0.3492431342601776,0.24947322914576298
XGBoost,0.7838872104733132,0.1430409055827116,0.3501342236995697,0.24947322914576298
XGBoost,0.783484390735146,0.1434312894067328,0.3509194254875183,0.24947322914576298
XGBoost,0.7828801611278953,0.14378722302371175,0.35178080201148987,0.24947322914576298
XGBoost,0.7818731117824773,0.14407125626275746,0.35264721512794495,0.24947322914576298
XGBoost,0.781067472306143,0.14439438507651636,0.3535432815551758,0.24947322914576298
XGBoost,0.7800604229607251,0.14468768679019725,0.35455358028411865,0.24947322914576298
XGBoost,0.7790533736153071,0.14497207750833926,0.35550105571746826,0.24947322914576298
XGBoost,0.7790533736153071,0.1454518106268567,0.35645729303359985,0.24947322914576298
XGBoost,0.7782477341389729,0.1457838143746463,0.35731369256973267,0.24947322914576298
XGBoost,0.7772406847935549,0.14608017564447137,0.3582846224308014,0.24947322914576298
XGBoost,0.7756294058408862,0.146264575183258,0.359232634305954,0.24947322914576298
XGBoost,0.7740181268882175,0.14645021150108609,0.35997873544692993,0.24947322914576298
XGBoost,0.7728096676737161,0.14671357014491646,0.3608507513999939,0.24947322914576298
XGBoost,0.7720040281973817,0.14704979666999157,0.36184176802635193,0.24947322914576298
XGBoost,0.7707955689828802,0.14731696050504273,0.3629768192768097,0.24947322914576298
XGBoost,0.7693856998992951,0.14754731556585554,0.36385035514831543,0.24947322914576298
XGBoost,0.7685800604229607,0.14789551197581582,0.36475875973701477,0.24947322914576298
XGBoost,0.7677744209466264,0.14824609162324026,0.36566129326820374,0.24947322914576298
XGBoost,0.7667673716012084,0.14856005619292906,0.3666732907295227,0.24947322914576298
XGBoost,0.7659617321248742,0.14890951094404636,0.36753010749816895,0.24947322914576298
XGBoost,0.7643504531722054,0.14911591355599213,0.3686075210571289,0.24947322914576298
XGBoost,0.7635448136958711,0.14947559340745997,0.3696539103984833,0.24947322914576298
XGBoost,0.7629405840886203,0.14987734430640184,0.370688796043396,0.24947322914576298
XGBoost,0.7619335347432025,0.15020249344874137,0.37168243527412415,0.24947322914576298
XGBoost,0.7611278952668681,0.1505697665152602,0.37262630462646484,0.24947322914576298
XGBoost,0.7605236656596174,0.1509856451677396,0.3740465044975281,0.24947322914576298
XGBoost,0.7593152064451159,0.15127803860198227,0.3748828172683716,0.24947322914576298
XGBoost,0.7577039274924471,0.1514919663351186,0.3757670819759369,0.24947322914576298
XGBoost,0.7566968781470292,0.1518286522529804,0.37688708305358887,0.24947322914576298
XGBoost,0.7550855991943605,0.15204607210934015,0.37801337242126465,0.24947322914576298
XGBoost,0.7542799597180262,0.15242785624160526,0.3788888454437256,0.24947322914576298
XGBoost,0.7536757301107754,0.15284698962503063,0.3798552453517914,0.24947322914576298
XGBoost,0.7526686807653575,0.15319340821513486,0.38079410791397095,0.24947322914576298
XGBoost,0.751460221550856,0.15350119312104007,0.38177236914634705,0.24947322914576298
XGBoost,0.7502517623363545,0.1538112147989099,0.38274651765823364,0.24947322914576298
XGBoost,0.7494461228600201,0.1542063820969747,0.38362085819244385,0.24947322914576298
XGBoost,0.7486404833836858,0.1546108730918015,0.3847520053386688,0.24947322914576298
XGBoost,0.7482376636455186,0.15509539514883314,0.38578957319259644,0.24947322914576298
XGBoost,0.7466263846928499,0.15533207626230883,0.38686567544937134,0.24947322914576298
XGBoost,0.7456193353474321,0.15569668166715733,0.38778480887413025,0.24947322914576298
XGBoost,0.7440080563947633,0.1559373548904555,0.3885921835899353,0.24947322914576298
XGBoost,0.7425981873111782,0.15622219397483159,0.38953351974487305,0.24947322914576298
XGBoost,0.740785498489426,0.15642410581380514,0.390433132648468,0.24947322914576298
XGBoost,0.7393756294058409,0.1567196038251366,0.39134812355041504,0.24947322914576298
XGBoost,0.7383685800604229,0.15708960020568197,0.39216217398643494,0.24947322914576298
XGBoost,0.737361530715005,0.15746913845756808,0.3930187523365021,0.24947322914576298
XGBoost,0.7357502517623363,0.15772203272742974,0.39409148693084717,0.24947322914576298
XGBoost,0.7347432024169185,0.15811373092926492,0.3951154351234436,0.24947322914576298
XGBoost,0.733534743202417,0.15845805777932476,0.39622604846954346,0.24947322914576298
XGBoost,0.7333333333333333,0.15902341020265548,0.39741435647010803,0.24947322914576298
XGBoost,0.7321248741188319,0.1593669165680214,0.3983331620693207,0.24947322914576298
XGBoost,0.7309164149043303,0.15972008274283703,0.3991812765598297,0.24947322914576298
XGBoost,0.7299093655589124,0.16012017850041974,0.4001263380050659,0.24947322914576298
XGBoost,0.7289023162134944,0.1605305180979418,0.4011671543121338,0.24947322914576298
XGBoost,0.7272910372608258,0.1608033487709298,0.40224188566207886,0.24947322914576298
XGBoost,0.7256797583081571,0.16108552778647114,0.4032228887081146,0.24947322914576298
XGBoost,0.724269889224572,0.1614003590664273,0.4043043255805969,0.24947322914576298
XGBoost,0.7232628398791541,0.1618150684931507,0.4055539667606354,0.24947322914576298
XGBoost,0.7220543806646526,0.16218783930510314,0.40659603476524353,0.24947322914576298
XGBoost,0.7198388721047332,0.16233648255813954,0.4077382981777191,0.24947322914576298
XGBoost,0.7180261832829808,0.16258494094039314,0.40896567702293396,0.24947322914576298
XGBoost,0.7174219536757301,0.16311017492444363,0.410342276096344,0.24947322914576298
XGBoost,0.7170191339375629,0.16367063583283528,0.4114563465118408,0.24947322914576298
XGBoost,0.716012084592145,0.1641046946406315,0.4125503897666931,0.24947322914576298
XGBoost,0.7148036253776435,0.16449594438006954,0.4135657548904419,0.24947322914576298
XGBoost,0.7133937562940584,0.16485153122963792,0.414733350276947,0.24947322914576298
XGBoost,0.7121852970795569,0.16525681170257514,0.4159618318080902,0.24947322914576298
XGBoost,0.7105740181268883,0.16556384626214277,0.4170265793800354,0.24947322914576298
XGBoost,0.7091641490433032,0.1659127320704929,0.4180532395839691,0.24947322914576298
XGBoost,0.7083585095669688,0.16641430869688653,0.41920435428619385,0.24947322914576298
XGBoost,0.7067472306143001,0.16673001995628622,0.4201141893863678,0.24947322914576298
XGBoost,0.7061430010070493,0.16728695486210515,0.42131832242012024,0.24947322914576298
XGBoost,0.7051359516616315,0.16775275515093435,0.4222216308116913,0.24947322914576298
XGBoost,0.7043303121852971,0.16827061880473487,0.42325159907341003,0.24947322914576298
XGBoost,0.702920443101712,0.16863976805991784,0.42421478033065796,0.24947322914576298
XGBoost,0.7013091641490433,0.16897170864269423,0.4253327548503876,0.24947322914576298
XGBoost,0.6990936555891238,0.16916029046249817,0.42648255825042725,0.24947322914576298
XGBoost,0.6972809667673716,0.16944838725466202,0.42754480242729187,0.24947322914576298
XGBoost,0.6964753272910372,0.1699847613429681,0.42850199341773987,0.24947322914576298
XGBoost,0.6948640483383686,0.17032831399654405,0.4296736419200897,0.24947322914576298
XGBoost,0.693655589123867,0.1707825052067837,0.4306541979312897,0.24947322914576298
XGBoost,0.6918429003021148,0.17107425668608994,0.43163296580314636,0.24947322914576298
XGBoost,0.6902316213494462,0.1714271422139963,0.43251028656959534,0.24947322914576298
XGBoost,0.6878147029204431,0.17158217354167712,0.43366941809654236,0.24947322914576298
XGBoost,0.6853977844914401,0.1717472494196023,0.4349242150783539,0.24947322914576298
XGBoost,0.683987915407855,0.17215857244246172,0.43622398376464844,0.24947322914576298
XGBoost,0.6825780463242699,0.1725735818311437,0.43724867701530457,0.24947322914576298
XGBoost,0.6813695871097684,0.17304347826086958,0.4381773769855499,0.24947322914576298
XGBoost,0.6795568982880161,0.17336347754598705,0.43919697403907776,0.24947322914576298
XGBoost,0.678147029204431,0.17379858566045528,0.44032812118530273,0.24947322914576298
XGBoost,0.6773413897280967,0.17438423645320197,0.44152066111564636,0.24947322914576298
XGBoost,0.6759315206445116,0.1748189821326249,0.4426221549510956,0.24947322914576298
XGBoost,0.6745216515609265,0.17527607683048096,0.44378241896629333,0.24947322914576298
XGBoost,0.6731117824773414,0.17571901782428098,0.44483116269111633,0.24947322914576298
XGBoost,0.6721047331319234,0.17627172362791188,0.4459257125854492,0.24947322914576298
XGBoost,0.6706948640483383,0.17672345167966885,0.44714421033859253,0.24947322914576298
XGBoost,0.6688821752265861,0.17707278059184217,0.4482564330101013,0.24947322914576298
XGBoost,0.6666666666666666,0.17731826217388974,0.4494735598564148,0.24947322914576298
XGBoost,0.66404833836858,0.1774584207976748,0.4506243169307709,0.24947322914576298
XGBoost,0.6622356495468278,0.17780661907852044,0.4515787363052368,0.24947322914576298
XGBoost,0.660221550855992,0.1781134535970441,0.4527352452278137,0.24947322914576298
XGBoost,0.6594159113796576,0.17875081895610395,0.45400795340538025,0.24947322914576298
XGBoost,0.6582074521651561,0.17928461707263552,0.45504647493362427,0.24947322914576298
XGBoost,0.6569989929506546,0.17982359426681366,0.45617711544036865,0.24947322914576298
XGBoost,0.6559919436052366,0.18042322180367826,0.4571780264377594,0.24947322914576298
XGBoost,0.6547834843907352,0.18096298357918175,0.45841681957244873,0.24947322914576298
XGBoost,0.6529707955689829,0.18136048332960394,0.459506094455719,0.24947322914576298
XGBoost,0.6509566968781471,0.1817057401472986,0.4608856439590454,0.24947322914576298
XGBoost,0.6493454179254784,0.18215718402169614,0.46222376823425293,0.24947322914576298
XGBoost,0.6475327291037261,0.1825563568224405,0.4634059965610504,0.24947322914576298
XGBoost,0.6459214501510574,0.1830166067454203,0.46456965804100037,0.24947322914576298
XGBoost,0.6439073514602216,0.18336679093776886,0.46590426564216614,0.24947322914576298
XGBoost,0.6424974823766365,0.18388286834217202,0.46710875630378723,0.24947322914576298
XGBoost,0.6414904330312186,0.18453070683661646,0.46820443868637085,0.24947322914576298
XGBoost,0.6398791540785499,0.1850320326150262,0.4693348705768585,0.24947322914576298
XGBoost,0.6382678751258811,0.18551691839363071,0.47047483921051025,0.24947322914576298
XGBoost,0.636858006042296,0.18606567023655407,0.47156667709350586,0.24947322914576298
XGBoost,0.6346424974823767,0.18639455782312925,0.47279709577560425,0.24947322914576298
XGBoost,0.6312185297079557,0.1863479605184921,0.4741436839103699,0.24947322914576298
XGBoost,0.6294058408862034,0.18680136290274374,0.4753180146217346,0.24947322914576298
XGBoost,0.6283987915407855,0.18748873264827834,0.4764026403427124,0.24947322914576298
XGBoost,0.626183282980866,0.18782093880263395,0.4777579605579376,0.24947322914576298
XGBoost,0.6243705941591138,0.18828960155490768,0.4789062440395355,0.24947322914576298
XGBoost,0.6225579053373616,0.18875183194919395,0.4800395667552948,0.24947322914576298
XGBoost,0.6203423967774421,0.18908465835840138,0.4815315902233124,0.24947322914576298
XGBoost,0.6177240684793555,0.18930930189494477,0.4826980233192444,0.24947322914576298
XGBoost,0.6161127895266868,0.18984670762738162,0.48403677344322205,0.24947322914576298
XGBoost,0.6145015105740181,0.19040189715426858,0.4851216971874237,0.24947322914576298
XGBoost,0.6126888217522659,0.19088855421686746,0.4865795373916626,0.24947322914576298
XGBoost,0.6114803625377644,0.19156991418475516,0.4880339801311493,0.24947322914576298
XGBoost,0.609667673716012,0.19206852791878173,0.48937106132507324,0.24947322914576298
XGBoost,0.6070493454179254,0.19232978112436985,0.4906585216522217,0.24947322914576298
XGBoost,0.605840886203424,0.1930308669704165,0.4917739927768707,0.24947322914576298
XGBoost,0.6038267875125881,0.19348176831235883,0.492997407913208,0.24947322914576298
XGBoost,0.6010070493454179,0.19369076982993638,0.4942958652973175,0.24947322914576298
XGBoost,0.5983887210473313,0.193954824389607,0.49553167819976807,0.24947322914576298
XGBoost,0.5953675730110776,0.19407786750705797,0.4967615008354187,0.24947322914576298
XGBoost,0.5931520644511581,0.19449214106458856,0.49804797768592834,0.24947322914576298
XGBoost,0.5899295065458208,0.19456622824498473,0.499570369720459,0.24947322914576298
XGBoost,0.5879154078549849,0.1950420954162769,0.5007514953613281,0.24947322914576298
XGBoost,0.5850956696878147,0.19525473854012637,0.5020542144775391,0.24947322914576298
XGBoost,0.5840886203423967,0.19607843137254902,0.5034287571907043,0.24947322914576298
XGBoost,0.5828801611278953,0.1968305787934435,0.5048627853393555,0.24947322914576298
XGBoost,0.5816717019133938,0.1976052001368457,0.5061548352241516,0.24947322914576298
XGBoost,0.5798590130916415,0.19818269429338473,0.5073196887969971,0.24947322914576298
XGBoost,0.5784491440080564,0.19890574139483344,0.5087749361991882,0.24947322914576298
XGBoost,0.5760322255790534,0.19930313588850174,0.5102365612983704,0.24947322914576298
XGBoost,0.5736153071500504,0.199691487869864,0.5116963386535645,0.24947322914576298
XGBoost,0.5720040281973817,0.20036686891491462,0.5131714344024658,0.24947322914576298
XGBoost,0.5705941591137966,0.2011216811018032,0.51433265209198,0.24947322914576298
XGBoost,0.5695871097683787,0.20202886126589512,0.515957772731781,0.24947322914576298
XGBoost,0.56797583081571,0.20274642317923647,0.5173640251159668,0.24947322914576298
XGBoost,0.5653575025176234,0.20309673684972143,0.5187376141548157,0.24947322914576298
XGBoost,0.5629405840886204,0.20352435738731522,0.5199426412582397,0.24947322914576298
XGBoost,0.5605236656596173,0.20395749358739465,0.5214000344276428,0.24947322914576298
XGBoost,0.5577039274924471,0.20423366278212127,0.5225360989570618,0.24947322914576298
XGBoost,0.556294058408862,0.2050482553823311,0.5238980054855347,0.24947322914576298
XGBoost,0.5540785498489426,0.20559001569389432,0.5251930952072144,0.24947322914576298
XGBoost,0.5516616314199396,0.2060637977730966,0.5264213681221008,0.24947322914576298
XGBoost,0.5496475327291037,0.20667979400181763,0.5278074741363525,0.24947322914576298
XGBoost,0.549043303121853,0.20783775541323574,0.5291460752487183,0.24947322914576298
XGBoost,0.5474320241691842,0.20861155883030164,0.5303596258163452,0.24947322914576298
XGBoost,0.5446122860020141,0.20894830384050692,0.5318037271499634,0.24947322914576298
XGBoost,0.5421953675730111,0.2094452656967245,0.5331900715827942,0.24947322914576298
XGBoost,0.5405840886203424,0.2102789094327797,0.5345832109451294,0.24947322914576298
XGBoost,0.5387713997985901,0.21102871568318082,0.5362859964370728,0.24947322914576298
XGBoost,0.5363544813695871,0.21155068319034,0.5376600027084351,0.24947322914576298
XGBoost,0.5347432024169184,0.21238300935925125,0.5390533208847046,0.24947322914576298
XGBoost,0.5317220543806647,0.21268025457181985,0.5402428507804871,0.24947322914576298
XGBoost,0.5287009063444109,0.2129817444219067,0.5416741967201233,0.24947322914576298
XGBoost,0.5254783484390735,0.21320585110729753,0.5432872772216797,0.24947322914576298
XGBoost,0.5228600201409869,0.21368013828298626,0.5446650385856628,0.24947322914576298
XGBoost,0.5192346424974824,0.21376451077943615,0.5463501214981079,0.24947322914576298
XGBoost,0.5180261832829809,0.21481667084272948,0.5476625561714172,0.24947322914576298
XGBoost,0.5164149043303122,0.21575227196230226,0.5491435527801514,0.24947322914576298
XGBoost,0.5146022155085599,0.2166172106824926,0.5504938960075378,0.24947322914576298
XGBoost,0.5109768378650554,0.21670795250704705,0.5519985556602478,0.24947322914576298
XGBoost,0.508761329305136,0.2174025303382391,0.5534633994102478,0.24947322914576298
XGBoost,0.5067472306143,0.21819443239961842,0.5548862218856812,0.24947322914576298
XGBoost,0.5035246727089627,0.21847417635235516,0.5563998818397522,0.24947322914576298
XGBoost,0.5011077542799597,0.2190912293060937,0.557816207408905,0.24947322914576298
XGBoost,0.4984894259818731,0.21964856230031948,0.5595021843910217,0.24947322914576298
XGBoost,0.4958710976837865,0.22025407049561638,0.5611138343811035,0.24947322914576298
XGBoost,0.4930513595166163,0.2207394048692516,0.5625033974647522,0.24947322914576298
XGBoost,0.49023162134944614,0.22123250318123977,0.5640682578086853,0.24947322914576298
XGBoost,0.48801611278952667,0.22200842954004033,0.5654711127281189,0.24947322914576298
XGBoost,0.4851963746223565,0.22251985959726583,0.5668805837631226,0.24947322914576298
XGBoost,0.48257804632426987,0.22313279940398584,0.5685805678367615,0.24947322914576298
XGBoost,0.4795568982880161,0.2235680751173709,0.5699459910392761,0.24947322914576298
XGBoost,0.4773413897280967,0.22438932020450672,0.5716778635978699,0.24947322914576298
XGBoost,0.4743202416918429,0.22484246706129463,0.573262631893158,0.24947322914576298
XGBoost,0.47210473313192347,0.22571015888300433,0.574975311756134,0.24947322914576298
XGBoost,0.4688821752265861,0.2260633132647116,0.5763803124427795,0.24947322914576298
XGBoost,0.46686807653575024,0.22703232125367287,0.5778908133506775,0.24947322914576298
XGBoost,0.4648539778449144,0.2280181782256471,0.5794510245323181,0.24947322914576298
XGBoost,0.46364551863041287,0.22944283863251272,0.5817146897315979,0.24947322914576298
XGBoost,0.4608257804632427,0.23006535947712417,0.5832422375679016,0.24947322914576298
XGBoost,0.4584088620342397,0.2309018971289439,0.5847356915473938,0.24947322914576298
XGBoost,0.4551863041289023,0.23132036847492324,0.586361825466156,0.24947322914576298
XGBoost,0.4529707955689829,0.23228671762032638,0.5876814126968384,0.24947322914576298
XGBoost,0.4503524672708963,0.23306233062330622,0.5891343951225281,0.24947322914576298
XGBoost,0.44833836858006043,0.2341678939617084,0.5907341241836548,0.24947322914576298
XGBoost,0.4459214501510574,0.235081758335103,0.5923407077789307,0.24947322914576298
XGBoost,0.44108761329305135,0.2347266881028939,0.5939034223556519,0.24947322914576298
XGBoost,0.4380664652567976,0.2353132099967543,0.5957089066505432,0.24947322914576298
XGBoost,0.435448136958711,0.23615510649918078,0.5970645546913147,0.24947322914576298
XGBoost,0.43343403826787513,0.23734421528620273,0.5986936092376709,0.24947322914576298
XGBoost,0.42920443101711986,0.23733155139770576,0.6002435088157654,0.24947322914576298
XGBoost,0.4269889224572004,0.23844336969969632,0.6022810935974121,0.24947322914576298
XGBoost,0.4245720040281974,0.23949102476709838,0.6040298342704773,0.24947322914576298
XGBoost,0.42255790533736154,0.24076199219646546,0.6060614585876465,0.24947322914576298
XGBoost,0.41973816717019136,0.2415671728294888,0.6077816486358643,0.24947322914576298
XGBoost,0.41711983887210474,0.24253425459655698,0.6093705892562866,0.24947322914576298
XGBoost,0.4136958710976838,0.24304815998106732,0.6109728813171387,0.24947322914576298
XGBoost,0.4094662638469285,0.2430945832835107,0.6124209761619568,0.24947322914576298
XGBoost,0.40725075528700905,0.24435045317220544,0.6143143177032471,0.24947322914576298
XGBoost,0.40463242698892243,0.24541900806254582,0.6159229278564453,0.24947322914576298
XGBoost,0.4020140986908359,0.2464806124969128,0.6173931360244751,0.24947322914576298
XGBoost,0.39919436052366564,0.24744069912609237,0.6192822456359863,0.24947322914576298
XGBoost,0.3961732124874119,0.24829588487755616,0.6212977170944214,0.24947322914576298
XGBoost,0.3929506545820745,0.24907442869909358,0.6231510043144226,0.24947322914576298
XGBoost,0.3907351460221551,0.25048418334409295,0.6245386004447937,0.24947322914576298
XGBoost,0.38731117824773414,0.25114274520047014,0.6264213919639587,0.24947322914576298
XGBoost,0.38408862034239677,0.25191545574636726,0.6278992891311646,0.24947322914576298
XGBoost,0.38187311178247735,0.25344205320144364,0.6295340061187744,0.24947322914576298
XGBoost,0.37824773413897284,0.25402407682943323,0.6314460635185242,0.24947322914576298
XGBoost,0.3756294058408862,0.25530458590006844,0.6331515908241272,0.24947322914576298
XGBoost,0.3726082578046324,0.2563391991132049,0.6349454522132874,0.24947322914576298
XGBoost,0.3701913393756294,0.25782017113199607,0.6368135809898376,0.24947322914576298
XGBoost,0.36656596173212486,0.2584493041749503,0.6385412812232971,0.24947322914576298
XGBoost,0.3627391742195368,0.25898763301696864,0.6403284668922424,0.24947322914576298
XGBoost,0.3599194360523666,0.2602679871832217,0.641887366771698,0.24947322914576298
XGBoost,0.3564954682779456,0.2611389790498672,0.6439853310585022,0.24947322914576298
XGBoost,0.35347432024169184,0.2623318385650224,0.6459441184997559,0.24947322914576298
XGBoost,0.3508559919436052,0.26385943653438354,0.6479395627975464,0.24947322914576298
XGBoost,0.3486404833836858,0.2657353392692662,0.6498116254806519,0.24947322914576298
XGBoost,0.3468277945619335,0.2679738562091503,0.6517649292945862,0.24947322914576298
XGBoost,0.34400805639476334,0.2694856421584096,0.6537588238716125,0.24947322914576298
XGBoost,0.34159113796576035,0.27140342454792765,0.6559047102928162,0.24947322914576298
XGBoost,0.33816717019133935,0.27260918980353954,0.6575513482093811,0.24947322914576298
XGBoost,0.33494461228600203,0.2739703459637562,0.6595132946968079,0.24947322914576298
XGBoost,0.33172205438066465,0.2752799598863446,0.6616762280464172,0.24947322914576298
XGBoost,0.32890231621349447,0.2770144189991518,0.6640774607658386,0.24947322914576298
XGBoost,0.32588116817724067,0.2786292405717238,0.6661697030067444,0.24947322914576298
XGBoost,0.32265861027190335,0.2801189019059276,0.6689600348472595,0.24947322914576298
XGBoost,0.3188318227593152,0.2811223583732907,0.6711216568946838,0.24947322914576298
XGBoost,0.316012084592145,0.2830597149558001,0.6736301183700562,0.24947322914576298
XGBoost,0.3129909365558912,0.2848762603116407,0.6757503151893616,0.24947322914576298
XGBoost,0.3097683786505539,0.28651266766020866,0.6777839660644531,0.24947322914576298
XGBoost,0.30694864048338366,0.28863636363636364,0.6797357201576233,0.24947322914576298
XGBoost,0.3031218529707956,0.28986902927580893,0.6819782257080078,0.24947322914576298
XGBoost,0.2990936555891239,0.29094827586206895,0.6840389966964722,0.24947322914576298
XGBoost,0.29566968781470293,0.29272183449651046,0.6863448023796082,0.24947322914576298
XGBoost,0.29244712990936556,0.2947026588187538,0.688448965549469,0.24947322914576298
XGBoost,0.2882175226586103,0.2956611570247934,0.6906365156173706,0.24947322914576298
XGBoost,0.2837865055387714,0.296506734006734,0.6932116150856018,0.24947322914576298
XGBoost,0.28016112789526687,0.29824185248713553,0.6957234740257263,0.24947322914576298
XGBoost,0.27633434038267873,0.29982517482517484,0.6982582807540894,0.24947322914576298
XGBoost,0.2727089627391742,0.3016934046345811,0.7009317278862,0.24947322914576298
XGBoost,0.2692849949647533,0.3038636363636364,0.7033130526542664,0.24947322914576298
XGBoost,0.26626384692849947,0.30651518664502664,0.7051578760147095,0.24947322914576298
XGBoost,0.2620342396777442,0.30792899408284025,0.7073365449905396,0.24947322914576298
XGBoost,0.25861027190332325,0.3104448742746615,0.7096660137176514,0.24947322914576298
XGBoost,0.25478348439073517,0.3125,0.7121853828430176,0.24947322914576298
XGBoost,0.2515609264853978,0.3154837080070725,0.7144817113876343,0.24947322914576298
XGBoost,0.24853977844914402,0.3187806768276931,0.7173415422439575,0.24947322914576298
XGBoost,0.24491440080563948,0.321353065539112,0.719691812992096,0.24947322914576298
XGBoost,0.2418932527693857,0.3249458874458874,0.7224488854408264,0.24947322914576298
XGBoost,0.23746223564954683,0.3267738359201774,0.7249492406845093,0.24947322914576298
XGBoost,0.23343403826787512,0.32926136363636366,0.7274906635284424,0.24947322914576298
XGBoost,0.229607250755287,0.3321678321678322,0.7297995686531067,0.24947322914576298
XGBoost,0.22658610271903323,0.33642344497607657,0.7319158315658569,0.24947322914576298
XGBoost,0.22195367573011077,0.33845208845208846,0.7348923087120056,0.24947322914576298
XGBoost,0.21792547834843906,0.34154040404040403,0.7376184463500977,0.24947322914576298
XGBoost,0.21289023162134946,0.3431818181818182,0.7403010129928589,0.24947322914576298
XGBoost,0.2080563947633434,0.34536944165830824,0.7433078289031982,0.24947322914576298
XGBoost,0.2030211480362538,0.34734665747760163,0.7467208504676819,0.24947322914576298
XGBoost,0.19939577039274925,0.35193743334518307,0.7498296499252319,0.24947322914576298
XGBoost,0.1957703927492447,0.356697247706422,0.752631664276123,0.24947322914576298
XGBoost,0.19154078549848944,0.36063708759954494,0.7553482055664062,0.24947322914576298
XGBoost,0.18731117824773413,0.3648489603766183,0.7578961253166199,0.24947322914576298
XGBoost,0.18308157099697886,0.3693620479479886,0.760940670967102,0.24947322914576298
XGBoost,0.17885196374622356,0.37420986093552466,0.7640658020973206,0.24947322914576298
XGBoost,0.17401812688821752,0.37811816192560177,0.7670562267303467,0.24947322914576298
XGBoost,0.17039274924471298,0.38507055075102414,0.7703625559806824,0.24947322914576298
XGBoost,0.16495468277945619,0.3881516587677725,0.7739158272743225,0.24947322914576298
XGBoost,0.15891238670694863,0.39020771513353114,0.7774897813796997,0.24947322914576298
XGBoost,0.1542799597180262,0.3960703205791106,0.7804837226867676,0.24947322914576298
XGBoost,0.1486404833836858,0.39978331527627303,0.7847715020179749,0.24947322914576298
XGBoost,0.143202416918429,0.4044368600682594,0.7885094285011292,0.24947322914576298
XGBoost,0.13716012084592144,0.4080287597363691,0.7924081683158875,0.24947322914576298
XGBoost,0.13192346424974824,0.4140328697850822,0.7951217293739319,0.24947322914576298
XGBoost,0.1256797583081571,0.41767068273092367,0.7981053590774536,0.24947322914576298
XGBoost,0.11863041289023162,0.4189189189189189,0.8016921877861023,0.24947322914576298
XGBoost,0.11379657603222558,0.4286798179059181,0.8056294918060303,0.24947322914576298
XGBoost,0.10956696878147029,0.44227642276422763,0.8103681802749634,0.24947322914576298
XGBoost,0.10171198388721048,0.44220665499124345,0.8152547478675842,0.24947322914576298
XGBoost,0.09446122860020141,0.44454976303317534,0.819235622882843,0.24947322914576298
XGBoost,0.08700906344410876,0.4467425025853154,0.823839008808136,0.24947322914576298
XGBoost,0.0809667673716012,0.45733788395904434,0.8282802700996399,0.24947322914576298
XGBoost,0.07452165156092648,0.46776232616940583,0.8338745832443237,0.24947322914576298
XGBoost,0.06847935548841894,0.48364153627311524,0.8397716283798218,0.24947322914576298
XGBoost,0.06143001007049345,0.4959349593495935,0.845890462398529,0.24947322914576298
XGBoost,0.05276938569989929,0.4962121212121212,0.8523610830307007,0.24947322914576298
XGBoost,0.04551863041289023,0.5136363636363637,0.8605865836143494,0.24947322914576298
XGBoost,0.038066465256797584,0.5369318181818182,0.8679056763648987,0.24947322914576298
XGBoost,0.027190332326283987,0.5113636363636364,0.8773291110992432,0.24947322914576298
XGBoost,0.018932527693857,0.5340909090909091,0.8888541460037231,0.24947322914576298
XGBoost,0.010070493454179255,0.5681818181818182,0.9064480066299438,0.24947322914576298
XGBoost,0.0,1.0,,0.24947322914576298
Blend 40% LGB / 50% CAT / 10% XGB,1.0,0.08072776937710356,0.007123977659516343,0.25927336017396324
Blend 40% LGB / 50% CAT / 10% XGB,1.0,0.0808421258304025,0.03244785714131603,0.25927336017396324
Blend 40% LGB / 50% CAT / 10% XGB,1.0,0.08095812679363423,0.04043648486352186,0.25927336017396324
Blend 40% LGB / 50% CAT / 10% XGB,0.9995971802618329,0.08104180274330502,0.045656104994896404,0.25927336017396324
Blend 40% LGB / 50% CAT / 10% XGB,0.9995971802618329,0.08115842490842491,0.04910474153056777,0.25927336017396324
Blend 40% LGB / 50% CAT / 10% XGB,0.9995971802618329,0.08127538320450675,0.05281745729924586,0.25927336017396324
Blend 40% LGB / 50% CAT / 10% XGB,0.9993957703927493,0.08137627919181317,0.05583810704848637,0.25927336017396324
Blend 40% LGB / 50% CAT / 10% XGB,0.9993957703927493,0.08149389042175798,0.058206004663179566,0.25927336017396324
Blend 40% LGB / 50% CAT / 10% XGB,0.9991943605236656,0.0815953947368421,0.06045245101077981,0.25927336017396324
Blend 40% LGB / 50% CAT / 10% XGB,0.9991943605236656,0.08171366451442878,0.06287479196762286,0.25927336017396324
Blend 40% LGB / 50% CAT / 10% XGB,0.9987915407854985,0.08179928741092636,0.06507637510975808,0.25927336017396324
Blend 40% LGB / 50% CAT / 10% XGB,0.9979859013091642,0.08185212105193604,0.06688701891491658,0.25927336017396324
Blend 40% LGB / 50% CAT / 10% XGB,0.9979859013091642,0.0819712811011117,0.06903175219574154,0.25927336017396324
Blend 40% LGB / 50% CAT / 10% XGB,0.9979859013091642,0.08209078860172299,0.0708142800525428,0.25927336017396324
Blend 40% LGB / 50% CAT / 10% XGB,0.9979859013091642,0.08221064507565702,0.07283484811432477,0.25927336017396324
Blend 40% LGB / 50% CAT / 10% XGB,0.9979859013091642,0.08233085205370198,0.07471553860161947,0.25927336017396324
Blend 40% LGB / 50% CAT / 10% XGB,0.9979859013091642,0.08245141107561235,0.07660165561338798,0.25927336017396324
Blend 40% LGB / 50% CAT / 10% XGB,0.9977844914400805,0.08255565924543394,0.07845796249198647,0.25927336017396324
Blend 40% LGB / 50% CAT / 10% XGB,0.9977844914400805,0.08267690253671563,0.07996273583757776,0.25927336017396324
Blend 40% LGB / 50% CAT / 10% XGB,0.9977844914400805,0.08279850247359273,0.081473282907829,0.25927336017396324
Blend 40% LGB / 50% CAT / 10% XGB,0.997583081570997,0.08290372254954473,0.08308490288417894,0.25927336017396324
Blend 40% LGB / 50% CAT / 10% XGB,0.997583081570997,0.08302601582405793,0.08442682916329343,0.25927336017396324
Blend 40% LGB / 50% CAT / 10% XGB,0.997583081570997,0.08314867042707494,0.08574354925588759,0.25927336017396324
Blend 40% LGB / 50% CAT / 10% XGB,0.9973816717019134,0.08325487558843309,0.08712718707085623,0.25927336017396324
Blend 40% LGB / 50% CAT / 10% XGB,0.996576032225579,0.08331088362068965,0.08859743247252103,0.25927336017396324
Blend 40% LGB / 50% CAT / 10% XGB,0.996576032225579,0.08343450694725482,0.0897764054293365,0.25927336017396324
Blend 40% LGB / 50% CAT / 10% XGB,0.9963746223564954,0.08354161037557417,0.09099513619151699,0.25927336017396324
Blend 40% LGB / 50% CAT / 10% XGB,0.9959718026183283,0.08363212014612366,0.09230790336275077,0.25927336017396324
Blend 40% LGB / 50% CAT / 10% XGB,0.9957703927492447,0.08373983739837398,0.09348453923003186,0.25927336017396324
Blend 40% LGB / 50% CAT / 10% XGB,0.9957703927492447,0.08386483919120641,0.09501099986878125,0.25927336017396324
Blend 40% LGB / 50% CAT / 10% XGB,0.9955689828801612,0.08397322642022288,0.09619978853157443,0.25927336017396324
Blend 40% LGB / 50% CAT / 10% XGB,0.9955689828801612,0.08409895195317817,0.09724870644917606,0.25927336017396324
Blend 40% LGB / 50% CAT / 10% XGB,0.9955689828801612,0.08422505452562705,0.09831861432149781,0.25927336017396324
Blend 40% LGB / 50% CAT / 10% XGB,0.9951661631419939,0.08431740614334471,0.09927494236373521,0.25927336017396324
Blend 40% LGB / 50% CAT / 10% XGB,0.9951661631419939,0.08444421657095981,0.1008623929463671,0.25927336017396324
Blend 40% LGB / 50% CAT / 10% XGB,0.9949647532729103,0.08455429275640147,0.10198490627108067,0.25927336017396324
Blend 40% LGB / 50% CAT / 10% XGB,0.9947633434038268,0.08466470104223807,0.1030661215252085,0.25927336017396324
Blend 40% LGB / 50% CAT / 10% XGB,0.9947633434038268,0.08479261090509545,0.10413232824789442,0.25927336017396324
Blend 40% LGB / 50% CAT / 10% XGB,0.9943605236656596,0.08488651994497937,0.10553010568017981,0.25927336017396324
Blend 40% LGB / 50% CAT / 10% XGB,0.9941591137965761,0.08499793359966938,0.1066457501266905,0.25927336017396324
Blend 40% LGB / 50% CAT / 10% XGB,0.9939577039274925,0.08510968543046357,0.10772438369233471,0.25927336017396324
Blend 40% LGB / 50% CAT / 10% XGB,0.9937562940584088,0.08522177697941136,0.10876163788884474,0.25927336017396324
Blend 40% LGB / 50% CAT / 10% XGB,0.9935548841893252,0.08533420979795184,0.10981197784068199,0.25927336017396324
Blend 40% LGB / 50% CAT / 10% XGB,0.9929506545820745,0.08541233541233541,0.11092151005233045,0.25927336017396324
Blend 40% LGB / 50% CAT / 10% XGB,0.992749244712991,0.08552540255413658,0.11182124006516708,0.25927336017396324
Blend 40% LGB / 50% CAT / 10% XGB,0.9925478348439074,0.08563881551508411,0.11262775039435924,0.25927336017396324
Blend 40% LGB / 50% CAT / 10% XGB,0.9925478348439074,0.08576998050682261,0.1138694606568316,0.25927336017396324
Blend 40% LGB / 50% CAT / 10% XGB,0.9923464249748237,0.08588411658067215,0.11474907935304487,0.25927336017396324
Blend 40% LGB / 50% CAT / 10% XGB,0.9919436052366566,0.08598114525139665,0.1157829733050451,0.25927336017396324
Blend 40% LGB / 50% CAT / 10% XGB,0.9919436052366566,0.08611344243950203,0.11683380585403147,0.25927336017396324
Blend 40% LGB / 50% CAT / 10% XGB,0.991742195367573,0.08622863547212105,0.11770012037874115,0.25927336017396324
Blend 40% LGB / 50% CAT / 10% XGB,0.9911379657603222,0.08630910621579907,0.1187373942770591,0.25927336017396324
Blend 40% LGB / 50% CAT / 10% XGB,0.9907351460221551,0.08640739179314222,0.1195970546244692,0.25927336017396324
Blend 40% LGB / 50% CAT / 10% XGB,0.9905337361530715,0.08652357494722027,0.12045794106764504,0.25927336017396324
Blend 40% LGB / 50% CAT / 10% XGB,0.9901309164149044,0.08662249788553707,0.12131188017626748,0.25927336017396324
Blend 40% LGB / 50% CAT / 10% XGB,0.9899295065458208,0.08673937597063391,0.1222547688616849,0.25927336017396324
Blend 40% LGB / 50% CAT / 10% XGB,0.98932527693857,0.08682126696832579,0.12292865661873173,0.25927336017396324
Blend 40% LGB / 50% CAT / 10% XGB,0.98932527693857,0.08695652173913043,0.1238145872464648,0.25927336017396324
Blend 40% LGB / 50% CAT / 10% XGB,0.98932527693857,0.08709219858156028,0.12478228131630402,0.25927336017396324
Blend 40% LGB / 50% CAT / 10% XGB,0.98932527693857,0.08722829947435716,0.12570201252477717,0.25927336017396324
Blend 40% LGB / 50% CAT / 10% XGB,0.9891238670694864,0.08734704040978941,0.1268024645827831,0.25927336017396324
Blend 40% LGB / 50% CAT / 10% XGB,0.988318227593152,0.08741271198517885,0.12771852289300176,0.25927336017396324
Blend 40% LGB / 50% CAT / 10% XGB,0.988318227593152,0.08754995717956038,0.12852641708222207,0.25927336017396324
Blend 40% LGB / 50% CAT / 10% XGB,0.988318227593152,0.08768763402430307,0.12922726368279516,0.25927336017396324
Blend 40% LGB / 50% CAT / 10% XGB,0.988318227593152,0.08782574455899197,0.1301272140937581,0.25927336017396324
Blend 40% LGB / 50% CAT / 10% XGB,0.9881168177240685,0.08794636454897461,0.13124541861503206,0.25927336017396324
Blend 40% LGB / 50% CAT / 10% XGB,0.9873111782477342,0.08801350186727952,0.1321574435971881,0.25927336017396324
Blend 40% LGB / 50% CAT / 10% XGB,0.9873111782477342,0.08815278377211912,0.13298256408306858,0.25927336017396324
Blend 40% LGB / 50% CAT / 10% XGB,0.9871097683786505,0.08827449567723343,0.13373420366130917,0.25927336017396324
Blend 40% LGB / 50% CAT / 10% XGB,0.9871097683786505,0.08841463414634146,0.13457121834850322,0.25927336017396324
Blend 40% LGB / 50% CAT / 10% XGB,0.9863041289023162,0.08848294304712345,0.1354028486742978,0.25927336017396324
Blend 40% LGB / 50% CAT / 10% XGB,0.9863041289023162,0.08862385985232372,0.13646577946390515,0.25927336017396324
Blend 40% LGB / 50% CAT / 10% XGB,0.9863041289023162,0.08876522621809745,0.13723942897424846,0.25927336017396324
Blend 40% LGB / 50% CAT / 10% XGB,0.9859013091641491,0.08887073347857662,0.1379958108681844,0.25927336017396324
Blend 40% LGB / 50% CAT / 10% XGB,0.9859013091641491,0.08901294733779459,0.13877489589946007,0.25927336017396324
Blend 40% LGB / 50% CAT / 10% XGB,0.9848942598187311,0.08906454903103599,0.13953959261830204,0.25927336017396324
Blend 40% LGB / 50% CAT / 10% XGB,0.984491440080564,0.08917104495037945,0.14020908457215162,0.25927336017396324
Blend 40% LGB / 50% CAT / 10% XGB,0.9840886203423967,0.08927788335038737,0.14104626764141776,0.25927336017396324
Blend 40% LGB / 50% CAT / 10% XGB,0.9828801611278952,0.08931022492267711,0.1420244933360263,0.25927336017396324
Blend 40% LGB / 50% CAT / 10% XGB,0.9828801611278952,0.08945429215625172,0.14278453817514392,0.25927336017396324
Blend 40% LGB / 50% CAT / 10% XGB,0.9826787512588117,0.08958046451849812,0.14373174679380424,0.25927336017396324
Blend 40% LGB / 50% CAT / 10% XGB,0.9818731117824774,0.08965187487356786,0.14452091634621472,0.25927336017396324
Blend 40% LGB / 50% CAT / 10% XGB,0.9818731117824774,0.08979719648547588,0.1452518993431909,0.25927336017396324
Blend 40% LGB / 50% CAT / 10% XGB,0.9812688821752266,0.0898876404494382,0.14601915759142273,0.25927336017396324
Blend 40% LGB / 50% CAT / 10% XGB,0.981067472306143,0.09001533827361262,0.14677574181317524,0.25927336017396324
Blend 40% LGB / 50% CAT / 10% XGB,0.9808660624370594,0.09014345210550671,0.14744935482502744,0.25927336017396324
Blend 40% LGB / 50% CAT / 10% XGB,0.9806646525679759,0.09027198398131153,0.14833560730475112,0.25927336017396324
Blend 40% LGB / 50% CAT / 10% XGB,0.9804632426988923,0.09040093595052832,0.14923825426129383,0.25927336017396324
Blend 40% LGB / 50% CAT / 10% XGB,0.980060422960725,0.09051170923159911,0.15012262842615715,0.25927336017396324
Blend 40% LGB / 50% CAT / 10% XGB,0.9798590130916415,0.09064147709276545,0.15099924598305284,0.25927336017396324
Blend 40% LGB / 50% CAT / 10% XGB,0.9794561933534743,0.09075300923765979,0.15170498938147423,0.25927336017396324
Blend 40% LGB / 50% CAT / 10% XGB,0.9794561933534743,0.09090229358655626,0.15250622533086927,0.25927336017396324
Blend 40% LGB / 50% CAT / 10% XGB,0.9790533736153072,0.09101462300361363,0.15319619522404,0.25927336017396324
Blend 40% LGB / 50% CAT / 10% XGB,0.9788519637462235,0.09114607753042892,0.1540696274655628,0.25927336017396324
Blend 40% LGB / 50% CAT / 10% XGB,0.97865055387714,0.09127796667480698,0.15485688902402886,0.25927336017396324
Blend 40% LGB / 50% CAT / 10% XGB,0.97865055387714,0.0914291090413021,0.15569129958003802,0.25927336017396324
Blend 40% LGB / 50% CAT / 10% XGB,0.9782477341389728,0.0915430574664983,0.15649752017608687,0.25927336017396324
Blend 40% LGB / 50% CAT / 10% XGB,0.9778449144008057,0.09165738450791973,0.157277697297599,0.25927336017396324
Blend 40% LGB / 50% CAT / 10% XGB,0.9776435045317221,0.0917910024394395,0.15799838054214682,0.25927336017396324
Blend 40% LGB / 50% CAT / 10% XGB,0.9774420946626384,0.09192506582312049,0.1587574659822674,0.25927336017396324
Blend 40% LGB / 50% CAT / 10% XGB,0.9774420946626384,0.09207855042216108,0.15952125499085495,0.25927336017396324
Blend 40% LGB / 50% CAT / 10% XGB,0.9774420946626384,0.0922325484159112,0.16041027785159745,0.25927336017396324
Blend 40% LGB / 50% CAT / 10% XGB,0.9770392749244713,0.09234898817795884,0.1610846629632865,0.25927336017396324
Blend 40% LGB / 50% CAT / 10% XGB,0.9766364551863042,0.09246581872961995,0.1618811491805718,0.25927336017396324
Blend 40% LGB / 50% CAT / 10% XGB,0.9760322255790533,0.0925639409393922,0.1626710172652368,0.25927336017396324
Blend 40% LGB / 50% CAT / 10% XGB,0.9758308157099698,0.09270066009757964,0.16320516058806223,0.25927336017396324
Blend 40% LGB / 50% CAT / 10% XGB,0.9756294058408862,0.0928378404277747,0.16393843060919133,0.25927336017396324
Blend 40% LGB / 50% CAT / 10% XGB,0.9750251762336355,0.0929370884447772,0.1647136978884694,0.25927336017396324
Blend 40% LGB / 50% CAT / 10% XGB,0.9748237663645518,0.09307513317051595,0.16540712082714665,0.25927336017396324
Blend 40% LGB / 50% CAT / 10% XGB,0.9746223564954682,0.09321364590757614,0.1661300581868087,0.25927336017396324
Blend 40% LGB / 50% CAT / 10% XGB,0.9736153071500504,0.09327544621321755,0.16683144039538905,0.25927336017396324
Blend 40% LGB / 50% CAT / 10% XGB,0.9736153071500504,0.0934340993872857,0.16759010634263258,0.25927336017396324
Blend 40% LGB / 50% CAT / 10% XGB,0.9734138972809667,0.09357393173149528,0.16852164790952212,0.25927336017396324
Blend 40% LGB / 50% CAT / 10% XGB,0.9734138972809667,0.09373363588758946,0.16925217953916077,0.25927336017396324
Blend 40% LGB / 50% CAT / 10% XGB,0.9726082578046324,0.09381617547063509,0.17002137973870785,0.25927336017396324
Blend 40% LGB / 50% CAT / 10% XGB,0.9724068479355489,0.09395738055852876,0.1708363605763974,0.25927336017396324
Blend 40% LGB / 50% CAT / 10% XGB,0.9722054380664653,0.09409907012105971,0.17154170290204723,0.25927336017396324
Blend 40% LGB / 50% CAT / 10% XGB,0.9716012084592145,0.09420219102110958,0.17225536379761758,0.25927336017396324
Blend 40% LGB / 50% CAT / 10% XGB,0.9711983887210474,0.09432522837972653,0.17292606193666143,0.25927336017396324
Blend 40% LGB / 50% CAT / 10% XGB,0.9707955689828801,0.09444869006329237,0.17366773951346282,0.25927336017396324
Blend 40% LGB / 50% CAT / 10% XGB,0.9707955689828801,0.0946118362940426,0.17451902555450444,0.25927336017396324
Blend 40% LGB / 50% CAT / 10% XGB,0.9699899295065458,0.09469689521599779,0.1751911531205093,0.25927336017396324
Blend 40% LGB / 50% CAT / 10% XGB,0.9697885196374623,0.09484134018790995,0.17606377939446705,0.25927336017396324
Blend 40% LGB / 50% CAT / 10% XGB,0.9697885196374623,0.09500601803437185,0.17686439084997896,0.25927336017396324
Blend 40% LGB / 50% CAT / 10% XGB,0.9691842900302114,0.09511197201193841,0.1776662220163583,0.25927336017396324
Blend 40% LGB / 50% CAT / 10% XGB,0.9691842900302114,0.09527769527769528,0.17841422244850616,0.25927336017396324
Blend 40% LGB / 50% CAT / 10% XGB,0.9687814702920443,0.09540432790527005,0.17916626178344652,0.25927336017396324
Blend 40% LGB / 50% CAT / 10% XGB,0.9687814702920443,0.09557114188638757,0.1799521678768115,0.25927336017396324
Blend 40% LGB / 50% CAT / 10% XGB,0.9681772406847936,0.09567882804880476,0.18081251775077772,0.25927336017396324
Blend 40% LGB / 50% CAT / 10% XGB,0.9679758308157099,0.09582677008354436,0.18151624807743522,0.25927336017396324
Blend 40% LGB / 50% CAT / 10% XGB,0.9677744209466264,0.09597523219814241,0.18229984820812362,0.25927336017396324
Blend 40% LGB / 50% CAT / 10% XGB,0.9669687814702921,0.0960641895271825,0.18305715334703637,0.25927336017396324
Blend 40% LGB / 50% CAT / 10% XGB,0.9667673716012085,0.09621359417907756,0.18383316244947628,0.25927336017396324
Blend 40% LGB / 50% CAT / 10% XGB,0.9659617321248741,0.0963032870825887,0.18469743295067037,0.25927336017396324
Blend 40% LGB / 50% CAT / 10% XGB,0.9659617321248741,0.09647375937883451,0.18538367135422534,0.25927336017396324
Blend 40% LGB / 50% CAT / 10% XGB,0.9653575025176233,0.09658438287153652,0.18611816244298807,0.25927336017396324
Blend 40% LGB / 50% CAT / 10% XGB,0.9635448136958711,0.09657427781254416,0.18679295532344042,0.25927336017396324
Blend 40% LGB / 50% CAT / 10% XGB,0.963141993957704,0.09670569677849906,0.18745023157534946,0.25927336017396324
Blend 40% LGB / 50% CAT / 10% XGB,0.9625377643504531,0.09681732541885293,0.18810225251214346,0.25927336017396324
Blend 40% LGB / 50% CAT / 10% XGB,0.9619335347432024,0.0969293527895602,0.18892696990093738,0.25927336017396324
Blend 40% LGB / 50% CAT / 10% XGB,0.9617321248741189,0.09708244383450239,0.1896537547669643,0.25927336017396324
Blend 40% LGB / 50% CAT / 10% XGB,0.9613293051359516,0.09721571582785099,0.19026941080346854,0.25927336017396324
Blend 40% LGB / 50% CAT / 10% XGB,0.9605236656596173,0.09730865759350324,0.19102590142565634,0.25927336017396324
Blend 40% LGB / 50% CAT / 10% XGB,0.9599194360523665,0.09742237484924675,0.19179171343992263,0.25927336017396324
Blend 40% LGB / 50% CAT / 10% XGB,0.959718026183283,0.0975774578666066,0.19250617330878275,0.25927336017396324
Blend 40% LGB / 50% CAT / 10% XGB,0.9593152064451158,0.09771258590624679,0.1930725376209399,0.25927336017396324
Blend 40% LGB / 50% CAT / 10% XGB,0.9591137965760322,0.09786875475265636,0.1937528190196338,0.25927336017396324
Blend 40% LGB / 50% CAT / 10% XGB,0.9585095669687814,0.0979843109802549,0.1945860853816025,0.25927336017396324
Blend 40% LGB / 50% CAT / 10% XGB,0.9581067472306143,0.09812091334749695,0.1952710902177282,0.25927336017396324
Blend 40% LGB / 50% CAT / 10% XGB,0.9577039274924471,0.09825801252247225,0.19602598209527838,0.25927336017396324
Blend 40% LGB / 50% CAT / 10% XGB,0.9566968781470292,0.09833350584825587,0.19673782761483913,0.25927336017396324
Blend 40% LGB / 50% CAT / 10% XGB,0.9560926485397785,0.09845075388348508,0.19761801700673354,0.25927336017396324
Blend 40% LGB / 50% CAT / 10% XGB,0.9556898288016112,0.09858920816971056,0.19822502972606934,0.25927336017396324
Blend 40% LGB / 50% CAT / 10% XGB,0.9554884189325277,0.09874898524177265,0.1990050096100099,0.25927336017396324
Blend 40% LGB / 50% CAT / 10% XGB,0.954884189325277,0.0988676412320397,0.19973352203322275,0.25927336017396324
Blend 40% LGB / 50% CAT / 10% XGB,0.9544813695871097,0.09900762561370521,0.2005611069856582,0.25927336017396324
Blend 40% LGB / 50% CAT / 10% XGB,0.9540785498489426,0.09914605048348613,0.2013777786751078,0.25927336017396324
Blend 40% LGB / 50% CAT / 10% XGB,0.9532729103726083,0.0992451247641015,0.202067504086882,0.25927336017396324
Blend 40% LGB / 50% CAT / 10% XGB,0.9530715005035246,0.0994075879164741,0.20275680572474591,0.25927336017396324
Blend 40% LGB / 50% CAT / 10% XGB,0.9524672708962739,0.09952856000336743,0.20337993564207318,0.25927336017396324
Blend 40% LGB / 50% CAT / 10% XGB,0.9520644511581068,0.09967106650360562,0.20405670287617003,0.25927336017396324
Blend 40% LGB / 50% CAT / 10% XGB,0.9518630412890232,0.09983522751278043,0.20478913838963542,0.25927336017396324
Blend 40% LGB / 50% CAT / 10% XGB,0.9518630412890232,0.10002116402116402,0.20555929384875893,0.25927336017396324
Blend 40% LGB / 50% CAT / 10% XGB,0.9518630412890232,0.10020779441075442,0.20630543297720122,0.25927336017396324
Blend 40% LGB / 50% CAT / 10% XGB,0.9512588116817724,0.10033139312571696,0.20701264537800584,0.25927336017396324
Blend 40% LGB / 50% CAT / 10% XGB,0.9510574018126888,0.10049802068701315,0.2077085938183359,0.25927336017396324
Blend 40% LGB / 50% CAT / 10% XGB,0.9508559919436053,0.1006652735724338,0.2083359735468725,0.25927336017396324
Blend 40% LGB / 50% CAT / 10% XGB,0.9506545820745217,0.10083315530869473,0.20915262509533772,0.25927336017396324
Blend 40% LGB / 50% CAT / 10% XGB,0.9500503524672709,0.10095886306236891,0.2100374347476681,0.25927336017396324
Blend 40% LGB / 50% CAT / 10% XGB,0.9496475327291037,0.10110648882789382,0.21072456184668784,0.25927336017396324
Blend 40% LGB / 50% CAT / 10% XGB,0.9490433031218529,0.10123318867357023,0.21157427931708597,0.25927336017396324
Blend 40% LGB / 50% CAT / 10% XGB,0.9488418932527694,0.10140341814111671,0.21235658770989446,0.25927336017396324
Blend 40% LGB / 50% CAT / 10% XGB,0.9480362537764351,0.10150959672201855,0.21294537414973205,0.25927336017396324
Blend 40% LGB / 50% CAT / 10% XGB,0.9470292044310171,0.10159457240395835,0.21363971701096449,0.25927336017396324
Blend 40% LGB / 50% CAT / 10% XGB,0.9464249748237664,0.10172316751093216,0.21434174496279637,0.25927336017396324
Blend 40% LGB / 50% CAT / 10% XGB,0.9462235649546827,0.10189563180497116,0.2150742565511557,0.25927336017396324
Blend 40% LGB / 50% CAT / 10% XGB,0.9460221550855992,0.10206875570428962,0.21569536508170284,0.25927336017396324
Blend 40% LGB / 50% CAT / 10% XGB,0.9454179254783485,0.10219899847594165,0.21635576297354006,0.25927336017396324
Blend 40% LGB / 50% CAT / 10% XGB,0.9446122860020141,0.10230792722830592,0.21706135386164707,0.25927336017396324
Blend 40% LGB / 50% CAT / 10% XGB,0.9440080563947634,0.10243913100493945,0.2177466835562975,0.25927336017396324
Blend 40% LGB / 50% CAT / 10% XGB,0.9440080563947634,0.10263653483992467,0.2184700546902985,0.25927336017396324
Blend 40% LGB / 50% CAT / 10% XGB,0.9434038267875126,0.10276887972267322,0.21914948659155825,0.25927336017396324
Blend 40% LGB / 50% CAT / 10% XGB,0.9427995971802619,0.10290173664541657,0.21980252709107256,0.25927336017396324
Blend 40% LGB / 50% CAT / 10% XGB,0.9415911379657603,0.10296903220122462,0.22050885500956977,0.25927336017396324
Blend 40% LGB / 50% CAT / 10% XGB,0.9409869083585096,0.1031027938385488,0.22135251595746608,0.25927336017396324
Blend 40% LGB / 50% CAT / 10% XGB,0.9409869083585096,0.10330340954318312,0.2219967051896568,0.25927336017396324
Blend 40% LGB / 50% CAT / 10% XGB,0.9403826787512588,0.10343834463201737,0.22277120686282115,0.25927336017396324
Blend 40% LGB / 50% CAT / 10% XGB,0.9393756294058409,0.10352941176470588,0.2234433926297447,0.25927336017396324
Blend 40% LGB / 50% CAT / 10% XGB,0.9385699899295066,0.10364307637560606,0.22425552013265027,0.25927336017396324
Blend 40% LGB / 50% CAT / 10% XGB,0.938368580060423,0.10382404064714534,0.2249222561141091,0.25927336017396324
Blend 40% LGB / 50% CAT / 10% XGB,0.9375629405840886,0.10393873085339168,0.22565177583434975,0.25927336017396324
Blend 40% LGB / 50% CAT / 10% XGB,0.9371601208459215,0.10409861738780259,0.2264622245354901,0.25927336017396324
Blend 40% LGB / 50% CAT / 10% XGB,0.9369587109768379,0.10428155122169917,0.2271683324143003,0.25927336017396324
Blend 40% LGB / 50% CAT / 10% XGB,0.9365558912386707,0.10444274740577691,0.22781921623821214,0.25927336017396324
Blend 40% LGB / 50% CAT / 10% XGB,0.9365558912386707,0.10464959265427376,0.22850669918582656,0.25927336017396324
Blend 40% LGB / 50% CAT / 10% XGB,0.9355488418932527,0.1047445090876291,0.22935466612653935,0.25927336017396324
Blend 40% LGB / 50% CAT / 10% XGB,0.9353474320241691,0.1049301821139681,0.23000483798897164,0.25927336017396324
Blend 40% LGB / 50% CAT / 10% XGB,0.9353474320241691,0.10513923477473398,0.23052173818760852,0.25927336017396324
Blend 40% LGB / 50% CAT / 10% XGB,0.9347432024169184,0.10528106710221859,0.23141085948426748,0.25927336017396324
Blend 40% LGB / 50% CAT / 10% XGB,0.9341389728096676,0.10542346683638679,0.2322675608242015,0.25927336017396324
Blend 40% LGB / 50% CAT / 10% XGB,0.933937562940584,0.10561198924976085,0.23303709946425324,0.25927336017396324
Blend 40% LGB / 50% CAT / 10% XGB,0.9329305135951662,0.10570998219909626,0.23388708232430266,0.25927336017396324
Blend 40% LGB / 50% CAT / 10% XGB,0.9321248741188318,0.10583123713697691,0.2345754949728317,0.25927336017396324
Blend 40% LGB / 50% CAT / 10% XGB,0.9313192346424974,0.10595298107327804,0.23542413670360646,0.25927336017396324
Blend 40% LGB / 50% CAT / 10% XGB,0.9309164149043303,0.10612113697938191,0.23625025337392547,0.25927336017396324
Blend 40% LGB / 50% CAT / 10% XGB,0.9305135951661632,0.10628997377260388,0.2370314422197278,0.25927336017396324
Blend 40% LGB / 50% CAT / 10% XGB,0.9301107754279959,0.10645949559684632,0.23786984226504435,0.25927336017396324
Blend 40% LGB / 50% CAT / 10% XGB,0.9297079556898288,0.10662970662970662,0.23861819067717738,0.25927336017396324
Blend 40% LGB / 50% CAT / 10% XGB,0.9289023162134945,0.10675431692977178,0.2394743495009586,0.25927336017396324
Blend 40% LGB / 50% CAT / 10% XGB,0.9289023162134945,0.1069722132022081,0.24029222895492347,0.25927336017396324
Blend 40% LGB / 50% CAT / 10% XGB,0.9287009063444108,0.10716775902942408,0.24102623688707223,0.25927336017396324
Blend 40% LGB / 50% CAT / 10% XGB,0.9278952668680766,0.10729423820392194,0.24177674807617044,0.25927336017396324
Blend 40% LGB / 50% CAT / 10% XGB,0.9272910372608257,0.10744457409568262,0.24249128468941766,0.25927336017396324
Blend 40% LGB / 50% CAT / 10% XGB,0.9270896273917422,0.10764229923764089,0.24329032414615792,0.25927336017396324
Blend 40% LGB / 50% CAT / 10% XGB,0.9262839879154079,0.107770539438534,0.24400620645326218,0.25927336017396324
Blend 40% LGB / 50% CAT / 10% XGB,0.9260825780463243,0.10796975531864932,0.24472369670317679,0.25927336017396324
Blend 40% LGB / 50% CAT / 10% XGB,0.9256797583081571,0.10814626570662149,0.24544677267000162,0.25927336017396324
Blend 40% LGB / 50% CAT / 10% XGB,0.9254783484390735,0.10834708795095496,0.24621966899667608,0.25927336017396324
Blend 40% LGB / 50% CAT / 10% XGB,0.9246727089627391,0.10847786021454563,0.24696581814368823,0.25927336017396324
Blend 40% LGB / 50% CAT / 10% XGB,0.9244712990936556,0.1086802102571388,0.24785323002165957,0.25927336017396324
Blend 40% LGB / 50% CAT / 10% XGB,0.9238670694864048,0.10883595121719736,0.2485494093783163,0.25927336017396324
Blend 40% LGB / 50% CAT / 10% XGB,0.9236656596173213,0.10903989728470208,0.24922378596578282,0.25927336017396324
Blend 40% LGB / 50% CAT / 10% XGB,0.9230614300100705,0.10919704550869669,0.2503452902017663,0.25927336017396324
Blend 40% LGB / 50% CAT / 10% XGB,0.9222557905337362,0.10933097750823743,0.2510155350077871,0.25927336017396324
Blend 40% LGB / 50% CAT / 10% XGB,0.9218529707955689,0.10951332727185721,0.2518196812575291,0.25927336017396324
Blend 40% LGB / 50% CAT / 10% XGB,0.9210473313192347,0.10964849182371841,0.25268834017115843,0.25927336017396324
Blend 40% LGB / 50% CAT / 10% XGB,0.9202416918429003,0.10978422797827862,0.25336501445034276,0.25927336017396324
Blend 40% LGB / 50% CAT / 10% XGB,0.9190332326283988,0.10987238141102817,0.2540149733883344,0.25927336017396324
Blend 40% LGB / 50% CAT / 10% XGB,0.9188318227593152,0.11008155977028136,0.25470086436878475,0.25927336017396324
Blend 40% LGB / 50% CAT / 10% XGB,0.918429003021148,0.11026744692170044,0.2555225488920382,0.25927336017396324
Blend 40% LGB / 50% CAT / 10% XGB,0.9176233635448137,0.11040566083458538,0.2561949943081601,0.25927336017396324
Blend 40% LGB / 50% CAT / 10% XGB,0.9162134944612286,0.11047161105444656,0.2568580252668924,0.25927336017396324
Blend 40% LGB / 50% CAT / 10% XGB,0.9156092648539779,0.11063519104404965,0.25765238446807226,0.25927336017396324
Blend 40% LGB / 50% CAT / 10% XGB,0.9152064451158107,0.11082386225062192,0.25834690281051875,0.25927336017396324
Blend 40% LGB / 50% CAT / 10% XGB,0.9148036253776435,0.11101063179762923,0.25907427374237013,0.25927336017396324
Blend 40% LGB / 50% CAT / 10% XGB,0.9141993957703928,0.11117642736424425,0.25974823281045845,0.25927336017396324
Blend 40% LGB / 50% CAT / 10% XGB,0.9133937562940584,0.1113183926949606,0.2604658448844408,0.25927336017396324
Blend 40% LGB / 50% CAT / 10% XGB,0.9129909365558913,0.1115101719514895,0.2610910167358202,0.25927336017396324
Blend 40% LGB / 50% CAT / 10% XGB,0.9125881168177241,0.11170278332470478,0.2618376472331496,0.25927336017396324
Blend 40% LGB / 50% CAT / 10% XGB,0.9117824773413897,0.11184681902408894,0.2625051731894061,0.25927336017396324
Blend 40% LGB / 50% CAT / 10% XGB,0.9109768378650553,0.11199148240770546,0.26326071115910904,0.25927336017396324
Blend 40% LGB / 50% CAT / 10% XGB,0.9099697885196375,0.11211196307600685,0.26393669957398025,0.25927336017396324
Blend 40% LGB / 50% CAT / 10% XGB,0.9097683786505538,0.11233244634552735,0.26468082982671715,0.25927336017396324
Blend 40% LGB / 50% CAT / 10% XGB,0.9093655589123867,0.11252897340677417,0.2653144881460643,0.25927336017396324
Blend 40% LGB / 50% CAT / 10% XGB,0.9083585095669687,0.1126514299987511,0.26608345868402805,0.25927336017396324
Blend 40% LGB / 50% CAT / 10% XGB,0.9071500503524673,0.11274939294565299,0.26691375216222973,0.25927336017396324
Blend 40% LGB / 50% CAT / 10% XGB,0.9063444108761329,0.11289796532778043,0.26773271734381476,0.25927336017396324
Blend 40% LGB / 50% CAT / 10% XGB,0.9057401812688822,0.11307233914158557,0.26848560519723524,0.25927336017396324
Blend 40% LGB / 50% CAT / 10% XGB,0.9055387713997985,0.11329788574452536,0.26916121880168287,0.25927336017396324
Blend 40% LGB / 50% CAT / 10% XGB,0.9047331319234643,0.11344866776108095,0.2698066646501513,0.25927336017396324
Blend 40% LGB / 50% CAT / 10% XGB,0.904330312185297,0.11365074543751741,0.2704409968416585,0.25927336017396324
Blend 40% LGB / 50% CAT / 10% XGB,0.9039274924471299,0.11385372536086659,0.27122639400324605,0.25927336017396324
Blend 40% LGB / 50% CAT / 10% XGB,0.9033232628398792,0.11403218835015637,0.2719640309248114,0.25927336017396324
Blend 40% LGB / 50% CAT / 10% XGB,0.9029204431017119,0.11423693397548608,0.2727351984162405,0.25927336017396324
Blend 40% LGB / 50% CAT / 10% XGB,0.9025176233635448,0.11444259992338143,0.2735438619912246,0.25927336017396324
Blend 40% LGB / 50% CAT / 10% XGB,0.9017119838872105,0.11459799831059463,0.27422329267315687,0.25927336017396324
Blend 40% LGB / 50% CAT / 10% XGB,0.9009063444108761,0.11475409836065574,0.2749493099366973,0.25927336017396324
Blend 40% LGB / 50% CAT / 10% XGB,0.9009063444108761,0.11501375639608136,0.2757443132911197,0.25927336017396324
Blend 40% LGB / 50% CAT / 10% XGB,0.9001007049345418,0.11517150735767853,0.2765604381170398,0.25927336017396324
Blend 40% LGB / 50% CAT / 10% XGB,0.8990936555891239,0.11530414567996901,0.27743800859954115,0.25927336017396324
Blend 40% LGB / 50% CAT / 10% XGB,0.8988922457200402,0.11554094286379993,0.2782461406400443,0.25927336017396324
Blend 40% LGB / 50% CAT / 10% XGB,0.8976837865055388,0.11564908274734684,0.27880737345866363,0.25927336017396324
Blend 40% LGB / 50% CAT / 10% XGB,0.8972809667673716,0.11586174611843646,0.27966644153947595,0.25927336017396324
Blend 40% LGB / 50% CAT / 10% XGB,0.8958710976837865,0.11594505122122879,0.2803630358049498,0.25927336017396324
Blend 40% LGB / 50% CAT / 10% XGB,0.8954682779456193,0.11615937295885043,0.28112218278049805,0.25927336017396324
Blend 40% LGB / 50% CAT / 10% XGB,0.894662638469285,0.11632230863906565,0.2820144023813975,0.25927336017396324
Blend 40% LGB / 50% CAT / 10% XGB,0.8938569989929507,0.11648599700779548,0.28276989354636245,0.25927336017396324
Blend 40% LGB / 50% CAT / 10% XGB,0.8928499496475327,0.1166241351187814,0.2835479230799605,0.25927336017396324
Blend 40% LGB / 50% CAT / 10% XGB,0.8926485397784492,0.11686839121377528,0.284358980955909,0.25927336017396324
Blend 40% LGB / 50% CAT / 10% XGB,0.8918429003021148,0.11703449187260473,0.2851794685598169,0.25927336017396324
Blend 40% LGB / 50% CAT / 10% XGB,0.8914400805639476,0.11725435133917927,0.28595074797743447,0.25927336017396324
Blend 40% LGB / 50% CAT / 10% XGB,0.8912386706948641,0.11750179240022306,0.28676544095566997,0.25927336017396324
Blend 40% LGB / 50% CAT / 10% XGB,0.8902316213494461,0.11764392749727183,0.2876499951582022,0.25927336017396324
Blend 40% LGB / 50% CAT / 10% XGB,0.8902316213494461,0.11792012378945121,0.28843090911248903,0.25927336017396324
Blend 40% LGB / 50% CAT / 10% XGB,0.8896273917421954,0.11811739537371306,0.28918825543551746,0.25927336017396324
Blend 40% LGB / 50% CAT / 10% XGB,0.888821752265861,0.11828879298791112,0.289971451036257,0.25927336017396324
Blend 40% LGB / 50% CAT / 10% XGB,0.8878147029204431,0.11843413310405976,0.2906977358791351,0.25927336017396324
Blend 40% LGB / 50% CAT / 10% XGB,0.8876132930513595,0.11868788882604832,0.29144912948327545,0.25927336017396324
Blend 40% LGB / 50% CAT / 10% XGB,0.8872104733131924,0.11891585454741786,0.29223298208079707,0.25927336017396324
Blend 40% LGB / 50% CAT / 10% XGB,0.886404833836858,0.11909078609119199,0.2930324180813808,0.25927336017396324
Blend 40% LGB / 50% CAT / 10% XGB,0.8858006042296073,0.11929367727235739,0.2939268449542578,0.25927336017396324
Blend 40% LGB / 50% CAT / 10% XGB,0.8849949647532729,0.11947034992794801,0.2946178121929237,0.25927336017396324
Blend 40% LGB / 50% CAT / 10% XGB,0.8843907351460222,0.11967512468997847,0.29542333693521355,0.25927336017396324
Blend 40% LGB / 50% CAT / 10% XGB,0.8829808660624371,0.11977160342048467,0.2962652692259858,0.25927336017396324
Blend 40% LGB / 50% CAT / 10% XGB,0.8819738167170191,0.11992331918389702,0.2970740146109128,0.25927336017396324
Blend 40% LGB / 50% CAT / 10% XGB,0.8807653575025176,0.1200483158097016,0.2978749721712206,0.25927336017396324
Blend 40% LGB / 50% CAT / 10% XGB,0.8801611278952669,0.12025647376097306,0.29859274145862524,0.25927336017396324
Blend 40% LGB / 50% CAT / 10% XGB,0.8789526686807654,0.12038288598935201,0.29947386381264385,0.25927336017396324
Blend 40% LGB / 50% CAT / 10% XGB,0.8783484390735146,0.12059287116666206,0.30028571960907235,0.25927336017396324
Blend 40% LGB / 50% CAT / 10% XGB,0.8775427995971803,0.12077616077616078,0.30097604329106964,0.25927336017396324
Blend 40% LGB / 50% CAT / 10% XGB,0.8767371601208459,0.12096034679189707,0.30167445786115016,0.25927336017396324
Blend 40% LGB / 50% CAT / 10% XGB,0.8763343403826788,0.12120114766428035,0.3025578262241468,0.25927336017396324
Blend 40% LGB / 50% CAT / 10% XGB,0.875730110775428,0.12141520761777108,0.30336058935777743,0.25927336017396324
Blend 40% LGB / 50% CAT / 10% XGB,0.8747230614300101,0.12157433586204966,0.3041383270128698,0.25927336017396324
Blend 40% LGB / 50% CAT / 10% XGB,0.8739174219536757,0.1217623123333801,0.30504867359590854,0.25927336017396324
Blend 40% LGB / 50% CAT / 10% XGB,0.8729103726082578,0.12192308774298816,0.30586591944461233,0.25927336017396324
Blend 40% LGB / 50% CAT / 10% XGB,0.8721047331319235,0.12211286274288614,0.3066196664001707,0.25927336017396324
Blend 40% LGB / 50% CAT / 10% XGB,0.8710976837865055,0.12227531028243477,0.3072893276847779,0.25927336017396324
Blend 40% LGB / 50% CAT / 10% XGB,0.8700906344410876,0.12243856814896692,0.30820076987656064,0.25927336017396324
Blend 40% LGB / 50% CAT / 10% XGB,0.8690835850956697,0.12260264242079841,0.3089327935832429,0.25927336017396324
Blend 40% LGB / 50% CAT / 10% XGB,0.867472306143001,0.1226820861936366,0.3098677012042449,0.25927336017396324
Blend 40% LGB / 50% CAT / 10% XGB,0.8664652567975831,0.12284759701876125,0.31094706581406284,0.25927336017396324
Blend 40% LGB / 50% CAT / 10% XGB,0.8656596173212487,0.12304256963728494,0.31180583844725396,0.25927336017396324
Blend 40% LGB / 50% CAT / 10% XGB,0.8648539778449144,0.12323852710730994,0.31259048258676364,0.25927336017396324
Blend 40% LGB / 50% CAT / 10% XGB,0.8646525679758308,0.1235217954251187,0.31334391402613104,0.25927336017396324
Blend 40% LGB / 50% CAT / 10% XGB,0.8632426988922457,0.12363342660166729,0.3140851620038563,0.25927336017396324
Blend 40% LGB / 50% CAT / 10% XGB,0.8622356495468277,0.12380346453049539,0.31484997823350735,0.25927336017396324
Blend 40% LGB / 50% CAT / 10% XGB,0.8614300100704935,0.1240033631961961,0.3155336322059103,0.25927336017396324
Blend 40% LGB / 50% CAT / 10% XGB,0.8604229607250755,0.124175217277563,0.3162562112520261,0.25927336017396324
Blend 40% LGB / 50% CAT / 10% XGB,0.859214501510574,0.12431881101559085,0.31709500500182225,0.25927336017396324
Blend 40% LGB / 50% CAT / 10% XGB,0.8586102719033233,0.12455079323341221,0.3179086799195477,0.25927336017396324
Blend 40% LGB / 50% CAT / 10% XGB,0.858207452165156,0.12480960749853544,0.3186762577564235,0.25927336017396324
Blend 40% LGB / 50% CAT / 10% XGB,0.8572004028197382,0.12498531657465053,0.3194282865413222,0.25927336017396324
Blend 40% LGB / 50% CAT / 10% XGB,0.8569989929506546,0.12527970792603935,0.3202190216655467,0.25927336017396324
Blend 40% LGB / 50% CAT / 10% XGB,0.8563947633434038,0.12551658991616485,0.32125788299541636,0.25927336017396324
Blend 40% LGB / 50% CAT / 10% XGB,0.8557905337361531,0.12575470581271458,0.3219922005956151,0.25927336017396324
Blend 40% LGB / 50% CAT / 10% XGB,0.8551863041289023,0.1259940652818991,0.32294594795695436,0.25927336017396324
Blend 40% LGB / 50% CAT / 10% XGB,0.8531722054380665,0.12602641913602286,0.3236882176412691,0.25927336017396324
Blend 40% LGB / 50% CAT / 10% XGB,0.8515609264853978,0.12611860159885455,0.32452184103980464,0.25927336017396324
Blend 40% LGB / 50% CAT / 10% XGB,0.850956696878147,0.12636080870917574,0.32538776561435273,0.25927336017396324
Blend 40% LGB / 50% CAT / 10% XGB,0.8505538771399799,0.12663428091639678,0.32631288401383163,0.25927336017396324
Blend 40% LGB / 50% CAT / 10% XGB,0.8495468277945619,0.12681900180396874,0.32721266585237935,0.25927336017396324
Blend 40% LGB / 50% CAT / 10% XGB,0.8487411883182276,0.12703484866755094,0.3280830643024026,0.25927336017396324
Blend 40% LGB / 50% CAT / 10% XGB,0.8475327291037261,0.1271913916092371,0.3288083834467278,0.25927336017396324
Blend 40% LGB / 50% CAT / 10% XGB,0.8465256797583082,0.12737907625166686,0.329676353931293,0.25927336017396324
Blend 40% LGB / 50% CAT / 10% XGB,0.8463242698892246,0.1276893156679227,0.3305900811277068,0.25927336017396324
Blend 40% LGB / 50% CAT / 10% XGB,0.8457200402819738,0.12794028031687996,0.3314285077191984,0.25927336017396324
Blend 40% LGB / 50% CAT / 10% XGB,0.8447129909365559,0.1281314921178052,0.3322828140109417,0.25927336017396324
Blend 40% LGB / 50% CAT / 10% XGB,0.8445115810674723,0.128446268839603,0.3330700813524004,0.25927336017396324
Blend 40% LGB / 50% CAT / 10% XGB,0.8441087613293051,0.12873203096203464,0.3339198916788704,0.25927336017396324
Blend 40% LGB / 50% CAT / 10% XGB,0.8429003021148036,0.1288961438955279,0.3346508547931224,0.25927336017396324
Blend 40% LGB / 50% CAT / 10% XGB,0.8422960725075529,0.1291537986411365,0.335552579578952,0.25927336017396324
Blend 40% LGB / 50% CAT / 10% XGB,0.8416918429003021,0.12941285767372723,0.33646126254871944,0.25927336017396324
Blend 40% LGB / 50% CAT / 10% XGB,0.8410876132930514,0.12967333250527885,0.3373303688724211,0.25927336017396324
Blend 40% LGB / 50% CAT / 10% XGB,0.8404833836858006,0.12993523477394445,0.3381034434208518,0.25927336017396324
Blend 40% LGB / 50% CAT / 10% XGB,0.8396777442094663,0.13016735356563008,0.3390595268268136,0.25927336017396324
Blend 40% LGB / 50% CAT / 10% XGB,0.8392749244712991,0.130463368816531,0.33978444505736205,0.25927336017396324
Blend 40% LGB / 50% CAT / 10% XGB,0.8386706948640483,0.13072962451337436,0.34051240890427587,0.25927336017396324
Blend 40% LGB / 50% CAT / 10% XGB,0.8370594159113797,0.13083994459136128,0.34112978381171255,0.25927336017396324
Blend 40% LGB / 50% CAT / 10% XGB,0.8360523665659617,0.1310455865639601,0.34188796651860787,0.25927336017396324
Blend 40% LGB / 50% CAT / 10% XGB,0.835448136958711,0.13131568950234265,0.3429709152933958,0.25927336017396324
Blend 40% LGB / 50% CAT / 10% XGB,0.834441087613293,0.13152380952380952,0.343870285130815,0.25927336017396324
Blend 40% LGB / 50% CAT / 10% XGB,0.8342396777442095,0.1318604355023558,0.3447258678325742,0.25927336017396324
Blend 40% LGB / 50% CAT / 10% XGB,0.8332326283987915,0.1320712552675265,0.3456780576948485,0.25927336017396324
Blend 40% LGB / 50% CAT / 10% XGB,0.8324269889224571,0.13231527724420541,0.34638953288370117,0.25927336017396324
Blend 40% LGB / 50% CAT / 10% XGB,0.8314199395770393,0.13252857326313086,0.34723734501558623,0.25927336017396324
Blend 40% LGB / 50% CAT / 10% XGB,0.8302114803625378,0.13271088216355442,0.3480016553767873,0.25927336017396324
Blend 40% LGB / 50% CAT / 10% XGB,0.8294058408862034,0.13295880149812733,0.34891094576571,0.25927336017396324
Blend 40% LGB / 50% CAT / 10% XGB,0.8288016112789527,0.13324051288693176,0.34964397796300684,0.25927336017396324
Blend 40% LGB / 50% CAT / 10% XGB,0.8275931520644512,0.13342641901545654,0.35044610717204516,0.25927336017396324
Blend 40% LGB / 50% CAT / 10% XGB,0.8267875125881168,0.13367852025530808,0.3513968151074345,0.25927336017396324
Blend 40% LGB / 50% CAT / 10% XGB,0.8259818731117825,0.13393207054212933,0.3522335610510401,0.25927336017396324
Blend 40% LGB / 50% CAT / 10% XGB,0.824773413897281,0.13412157736145683,0.35300440674391514,0.25927336017396324
Blend 40% LGB / 50% CAT / 10% XGB,0.823766364551863,0.13434502693469977,0.3537595685398383,0.25927336017396324
Blend 40% LGB / 50% CAT / 10% XGB,0.8225579053373615,0.13453682962182106,0.35461008422605844,0.25927336017396324
Blend 40% LGB / 50% CAT / 10% XGB,0.8209466263846928,0.13466367120391173,0.3554343427497739,0.25927336017396324
Blend 40% LGB / 50% CAT / 10% XGB,0.8197381671701913,0.13485752153744202,0.3562945914495306,0.25927336017396324
Blend 40% LGB / 50% CAT / 10% XGB,0.818932527693857,0.1351189684966104,0.35739797093418957,0.25927336017396324
Blend 40% LGB / 50% CAT / 10% XGB,0.8179254783484391,0.13534862018397548,0.35835229141140895,0.25927336017396324
Blend 40% LGB / 50% CAT / 10% XGB,0.8173212487411883,0.13564647680171146,0.35905329250722384,0.25927336017396324
Blend 40% LGB / 50% CAT / 10% XGB,0.8159113796576032,0.1358119887354164,0.3599753204067649,0.25927336017396324
Blend 40% LGB / 50% CAT / 10% XGB,0.8147029204431017,0.13601210490921317,0.3609131657028506,0.25927336017396324
Blend 40% LGB / 50% CAT / 10% XGB,0.8132930513595166,0.13617968433832456,0.3618006269115006,0.25927336017396324
Blend 40% LGB / 50% CAT / 10% XGB,0.8118831822759315,0.13634826139899878,0.362839427214081,0.25927336017396324
Blend 40% LGB / 50% CAT / 10% XGB,0.8112789526686808,0.13665354864974893,0.36361575357457687,0.25927336017396324
Blend 40% LGB / 50% CAT / 10% XGB,0.8104733131923464,0.13692663672247177,0.3643453270808533,0.25927336017396324
Blend 40% LGB / 50% CAT / 10% XGB,0.8096676737160121,0.1372013651877133,0.3650739355133704,0.25927336017396324
Blend 40% LGB / 50% CAT / 10% XGB,0.8092648539778449,0.13754621388470492,0.3657397363153225,0.25927336017396324
Blend 40% LGB / 50% CAT / 10% XGB,0.8084592145015106,0.13782447466007416,0.36656757328828865,0.25927336017396324
Blend 40% LGB / 50% CAT / 10% XGB,0.8078549848942598,0.13813886210221793,0.36755712022180326,0.25927336017396324
Blend 40% LGB / 50% CAT / 10% XGB,0.8066465256797583,0.13835152687577726,0.36835401376579996,0.25927336017396324
Blend 40% LGB / 50% CAT / 10% XGB,0.8050352467270896,0.1384961884961885,0.36922946180156757,0.25927336017396324
Blend 40% LGB / 50% CAT / 10% XGB,0.8040281973816717,0.13874600305852913,0.37007566324063507,0.25927336017396324
Blend 40% LGB / 50% CAT / 10% XGB,0.8032225579053374,0.13903221308046299,0.370934356751674,0.25927336017396324
Blend 40% LGB / 50% CAT / 10% XGB,0.8026183282980867,0.13935515456707231,0.37181909036796995,0.25927336017396324
Blend 40% LGB / 50% CAT / 10% XGB,0.8022155085599194,0.13971516767223235,0.3727932494606574,0.25927336017396324
Blend 40% LGB / 50% CAT / 10% XGB,0.8016112789526687,0.14004222378606615,0.3737870251349249,0.25927336017396324
Blend 40% LGB / 50% CAT / 10% XGB,0.8010070493454179,0.1403713115911337,0.37462368620332187,0.25927336017396324
Blend 40% LGB / 50% CAT / 10% XGB,0.8004028197381672,0.14070245007789264,0.37542165811681644,0.25927336017396324
Blend 40% LGB / 50% CAT / 10% XGB,0.7995971802618328,0.14100014206563433,0.37625733108185544,0.25927336017396324
Blend 40% LGB / 50% CAT / 10% XGB,0.7989929506545821,0.14133532848795782,0.3770587773124109,0.25927336017396324
Blend 40% LGB / 50% CAT / 10% XGB,0.7981873111782477,0.14163688348820586,0.37786530743464786,0.25927336017396324
Blend 40% LGB / 50% CAT / 10% XGB,0.7969788519637462,0.14186863616807688,0.3786914313496133,0.25927336017396324
Blend 40% LGB / 50% CAT / 10% XGB,0.7953675730110775,0.14202992375197812,0.3795113095162185,0.25927336017396324
Blend 40% LGB / 50% CAT / 10% XGB,0.7945619335347432,0.1423365565016597,0.38040830531536235,0.25927336017396324
Blend 40% LGB / 50% CAT / 10% XGB,0.7939577039274924,0.1426813377732735,0.38130037698797214,0.25927336017396324
Blend 40% LGB / 50% CAT / 10% XGB,0.7929506545820745,0.14295570079883804,0.38217410634163096,0.25927336017396324
Blend 40% LGB / 50% CAT / 10% XGB,0.7927492447129909,0.14337753169168002,0.3830592108547129,0.25927336017396324
Blend 40% LGB / 50% CAT / 10% XGB,0.7917421953675731,0.14365589826048825,0.38385993089380754,0.25927336017396324
Blend 40% LGB / 50% CAT / 10% XGB,0.7911379657603222,0.14400410602338967,0.3849119634956423,0.25927336017396324
Blend 40% LGB / 50% CAT / 10% XGB,0.7897280966767372,0.1442127330905881,0.38569181322457413,0.25927336017396324
Blend 40% LGB / 50% CAT / 10% XGB,0.7889224572004028,0.1445334120512158,0.3870882812194494,0.25927336017396324
Blend 40% LGB / 50% CAT / 10% XGB,0.7881168177240685,0.14485618035760559,0.3879509219990751,0.25927336017396324
Blend 40% LGB / 50% CAT / 10% XGB,0.7871097683786505,0.1451439182915506,0.3889089052233208,0.25927336017396324
Blend 40% LGB / 50% CAT / 10% XGB,0.7867069486404834,0.14554532920967322,0.3896992124784012,0.25927336017396324
Blend 40% LGB / 50% CAT / 10% XGB,0.7861027190332326,0.1459119967101574,0.39057410848121393,0.25927336017396324
Blend 40% LGB / 50% CAT / 10% XGB,0.7848942598187311,0.14616856081917406,0.3915824477871791,0.25927336017396324
Blend 40% LGB / 50% CAT / 10% XGB,0.7836858006042297,0.146426824220073,0.3924866757401223,0.25927336017396324
Blend 40% LGB / 50% CAT / 10% XGB,0.7822759315206446,0.146649046630168,0.39346219141402916,0.25927336017396324
Blend 40% LGB / 50% CAT / 10% XGB,0.7816717019133937,0.14702428306246923,0.394434122410692,0.25927336017396324
Blend 40% LGB / 50% CAT / 10% XGB,0.7808660624370594,0.14736401991713863,0.3953971619507241,0.25927336017396324
Blend 40% LGB / 50% CAT / 10% XGB,0.7800604229607251,0.14770603714579916,0.3963363041341428,0.25927336017396324
Blend 40% LGB / 50% CAT / 10% XGB,0.7794561933534743,0.14808862357938238,0.3970245918560782,0.25927336017396324
Blend 40% LGB / 50% CAT / 10% XGB,0.7780463242698892,0.1483202150124784,0.3979359868572008,0.25927336017396324
Blend 40% LGB / 50% CAT / 10% XGB,0.7774420946626385,0.1487074777516662,0.39885218523579014,0.25927336017396324
Blend 40% LGB / 50% CAT / 10% XGB,0.7764350453172205,0.149020062623217,0.3996778710837362,0.25927336017396324
Blend 40% LGB / 50% CAT / 10% XGB,0.7754279959718026,0.14933478142818354,0.4006188507558375,0.25927336017396324
Blend 40% LGB / 50% CAT / 10% XGB,0.7744209466263847,0.1496516560930993,0.40161078429814134,0.25927336017396324
Blend 40% LGB / 50% CAT / 10% XGB,0.7730110775427996,0.14989259910173794,0.40253190664762983,0.25927336017396324
Blend 40% LGB / 50% CAT / 10% XGB,0.7718026183282981,0.15017439354156054,0.40331737113972255,0.25927336017396324
Blend 40% LGB / 50% CAT / 10% XGB,0.7711983887210473,0.15057611388572104,0.404095947188571,0.25927336017396324
Blend 40% LGB / 50% CAT / 10% XGB,0.7701913393756294,0.15090170080107335,0.40507008310224546,0.25927336017396324
Blend 40% LGB / 50% CAT / 10% XGB,0.7695871097683786,0.15130875539539856,0.4061048815878743,0.25927336017396324
Blend 40% LGB / 50% CAT / 10% XGB,0.7681772406847935,0.15155970594079077,0.40713127883999534,0.25927336017396324
Blend 40% LGB / 50% CAT / 10% XGB,0.7675730110775428,0.15197192646648322,0.4079827051230468,0.25927336017396324
Blend 40% LGB / 50% CAT / 10% XGB,0.7663645518630413,0.15226699747889072,0.4088742427633324,0.25927336017396324
Blend 40% LGB / 50% CAT / 10% XGB,0.7657603222557905,0.15268463113931166,0.40991735399377166,0.25927336017396324
Blend 40% LGB / 50% CAT / 10% XGB,0.7647532729103727,0.15302462418893323,0.4109119932109781,0.25927336017396324
Blend 40% LGB / 50% CAT / 10% XGB,0.7639476334340383,0.15340748230535894,0.41211784603884527,0.25927336017396324
Blend 40% LGB / 50% CAT / 10% XGB,0.7631419939577039,0.15379307545561555,0.4129267973972395,0.25927336017396324
Blend 40% LGB / 50% CAT / 10% XGB,0.7617321248741188,0.1540592284818119,0.41379893171411164,0.25927336017396324
Blend 40% LGB / 50% CAT / 10% XGB,0.760725075528701,0.15440905931891583,0.41486782896849883,0.25927336017396324
Blend 40% LGB / 50% CAT / 10% XGB,0.759718026183283,0.1547614163213392,0.4160228812455783,0.25927336017396324
Blend 40% LGB / 50% CAT / 10% XGB,0.758710976837865,0.15511632695079267,0.4169694414130435,0.25927336017396324
Blend 40% LGB / 50% CAT / 10% XGB,0.7577039274924471,0.15547381906847957,0.4181836106900051,0.25927336017396324
Blend 40% LGB / 50% CAT / 10% XGB,0.7564954682779457,0.15579244265626943,0.4190596951267352,0.25927336017396324
Blend 40% LGB / 50% CAT / 10% XGB,0.7556898288016113,0.15619666125473544,0.4201072059150345,0.25927336017396324
Blend 40% LGB / 50% CAT / 10% XGB,0.7546827794561933,0.15656206910959763,0.42118558095135405,0.25927336017396324
Blend 40% LGB / 50% CAT / 10% XGB,0.7530715005035247,0.15680436150136298,0.42216914317518905,0.25927336017396324
Blend 40% LGB / 50% CAT / 10% XGB,0.7516616314199396,0.15709054173506756,0.423189928003302,0.25927336017396324
Blend 40% LGB / 50% CAT / 10% XGB,0.7510574018126889,0.15754784739532723,0.4241042768010326,0.25927336017396324
Blend 40% LGB / 50% CAT / 10% XGB,0.7502517623363545,0.15796615919596285,0.42514520505355624,0.25927336017396324
Blend 40% LGB / 50% CAT / 10% XGB,0.7484390735146023,0.15817477546503214,0.42606072185691896,0.25927336017396324
Blend 40% LGB / 50% CAT / 10% XGB,0.7476334340382679,0.1585985900448622,0.4270753698280273,0.25927336017396324
Blend 40% LGB / 50% CAT / 10% XGB,0.7466263846928499,0.15898271647295964,0.4279728320106869,0.25927336017396324
Blend 40% LGB / 50% CAT / 10% XGB,0.7448136958710977,0.1591975547806621,0.42884541030046863,0.25927336017396324
Blend 40% LGB / 50% CAT / 10% XGB,0.7438066465256797,0.1595868804286764,0.42994582046863733,0.25927336017396324
Blend 40% LGB / 50% CAT / 10% XGB,0.7425981873111782,0.15993580011278358,0.43075853943364134,0.25927336017396324
Blend 40% LGB / 50% CAT / 10% XGB,0.7417925478348439,0.16037448290877424,0.43165865107610635,0.25927336017396324
Blend 40% LGB / 50% CAT / 10% XGB,0.7395770392749245,0.16051055645408052,0.4327202023774588,0.25927336017396324
Blend 40% LGB / 50% CAT / 10% XGB,0.7387713997985901,0.16095484663653517,0.43392133979827807,0.25927336017396324
Blend 40% LGB / 50% CAT / 10% XGB,0.7375629405840887,0.16131447953834632,0.43480157253475116,0.25927336017396324
Blend 40% LGB / 50% CAT / 10% XGB,0.7365558912386707,0.16172113386105338,0.43588412043664726,0.25927336017396324
Blend 40% LGB / 50% CAT / 10% XGB,0.7357502517623363,0.16217536071032188,0.4370169524974794,0.25927336017396324
Blend 40% LGB / 50% CAT / 10% XGB,0.7337361530715005,0.16236573516958594,0.43809361531279734,0.25927336017396324
Blend 40% LGB / 50% CAT / 10% XGB,0.7323262839879154,0.16269184303548256,0.4391572510995483,0.25927336017396324
Blend 40% LGB / 50% CAT / 10% XGB,0.7307150050352468,0.16297560756479942,0.44027351995853914,0.25927336017396324
Blend 40% LGB / 50% CAT / 10% XGB,0.7295065458207453,0.16335182429080414,0.44139690957411704,0.25927336017396324
Blend 40% LGB / 50% CAT / 10% XGB,0.7280966767371602,0.16368575956531584,0.4424932219251174,0.25927336017396324
Blend 40% LGB / 50% CAT / 10% XGB,0.7274924471299093,0.1642042096649543,0.44345524142117676,0.25927336017396324
Blend 40% LGB / 50% CAT / 10% XGB,0.7262839879154078,0.16458989456387785,0.4446075513740173,0.25927336017396324
Blend 40% LGB / 50% CAT / 10% XGB,0.7246727089627392,0.164887035424591,0.445574786394588,0.25927336017396324
Blend 40% LGB / 50% CAT / 10% XGB,0.7236656596173212,0.1653246215432752,0.4465452266750414,0.25927336017396324
Blend 40% LGB / 50% CAT / 10% XGB,0.7222557905337361,0.16567336567336569,0.4477189203028109,0.25927336017396324
Blend 40% LGB / 50% CAT / 10% XGB,0.7206445115810675,0.16597856844644432,0.44875709626808435,0.25927336017396324
Blend 40% LGB / 50% CAT / 10% XGB,0.7178247734138973,0.16600680050305092,0.44973438836338864,0.25927336017396324
Blend 40% LGB / 50% CAT / 10% XGB,0.7164149043303122,0.16636265843505915,0.4508299914885914,0.25927336017396324
Blend 40% LGB / 50% CAT / 10% XGB,0.7150050352467271,0.16672145775607006,0.4518654991338484,0.25927336017396324
Blend 40% LGB / 50% CAT / 10% XGB,0.7139979859013091,0.1671775524640415,0.45296944654235505,0.25927336017396324
Blend 40% LGB / 50% CAT / 10% XGB,0.7121852970795569,0.16744802765544348,0.45404389330820566,0.25927336017396324
Blend 40% LGB / 50% CAT / 10% XGB,0.7107754279959718,0.16781587331779924,0.45511965129757614,0.25927336017396324
Blend 40% LGB / 50% CAT / 10% XGB,0.7091641490433032,0.1681390573516069,0.4562396960779056,0.25927336017396324
Blend 40% LGB / 50% CAT / 10% XGB,0.7073514602215508,0.16841701433846448,0.4572135326215212,0.25927336017396324
Blend 40% LGB / 50% CAT / 10% XGB,0.7061430010070493,0.16884180110763303,0.4582367744717992,0.25927336017396324
Blend 40% LGB / 50% CAT / 10% XGB,0.7041289023162135,0.16907675194660735,0.45924246113863526,0.25927336017396324
Blend 40% LGB / 50% CAT / 10% XGB,0.7037260825780464,0.1697022682014668,0.46025420993579047,0.25927336017396324
Blend 40% LGB / 50% CAT / 10% XGB,0.702920443101712,0.17023559826349935,0.46144587658189073,0.25927336017396324
Blend 40% LGB / 50% CAT / 10% XGB,0.7017119838872105,0.1706671891838934,0.462586518084738,0.25927336017396324
Blend 40% LGB / 50% CAT / 10% XGB,0.7007049345417925,0.17116009052445144,0.46350521244537146,0.25927336017396324
Blend 40% LGB / 50% CAT / 10% XGB,0.6986908358509567,0.17141021840102777,0.4646464870129339,0.25927336017396324
Blend 40% LGB / 50% CAT / 10% XGB,0.6972809667673716,0.17181141439205955,0.46567307031002114,0.25927336017396324
Blend 40% LGB / 50% CAT / 10% XGB,0.6964753272910372,0.17236566643405443,0.46667060793476867,0.25927336017396324
Blend 40% LGB / 50% CAT / 10% XGB,0.6952668680765357,0.1728246720736958,0.46784431261226195,0.25927336017396324
Blend 40% LGB / 50% CAT / 10% XGB,0.6942598187311179,0.1733380267524892,0.46875096806812233,0.25927336017396324
Blend 40% LGB / 50% CAT / 10% XGB,0.6926485397784491,0.17370441458733205,0.46980469052077245,0.25927336017396324
Blend 40% LGB / 50% CAT / 10% XGB,0.6908358509566969,0.17402333840690004,0.4711129378091792,0.25927336017396324
Blend 40% LGB / 50% CAT / 10% XGB,0.6898288016112789,0.1745489756395882,0.47227174062598737,0.25927336017396324
Blend 40% LGB / 50% CAT / 10% XGB,0.6884189325276938,0.1749769632435753,0.4733664422610687,0.25927336017396324
Blend 40% LGB / 50% CAT / 10% XGB,0.6866062437059416,0.17530597552195826,0.474657600115038,0.25927336017396324
Blend 40% LGB / 50% CAT / 10% XGB,0.6849949647532729,0.17568963735923132,0.47576070947383353,0.25927336017396324
Blend 40% LGB / 50% CAT / 10% XGB,0.6831822759315207,0.17602490918526206,0.4766790313120688,0.25927336017396324
Blend 40% LGB / 50% CAT / 10% XGB,0.6815709969788519,0.17641538942758836,0.4776724386077953,0.25927336017396324
Blend 40% LGB / 50% CAT / 10% XGB,0.6799597180261833,0.1768094689431235,0.47860861996702986,0.25927336017396324
Blend 40% LGB / 50% CAT / 10% XGB,0.6779456193353475,0.1771019677996422,0.4796881753783837,0.25927336017396324
Blend 40% LGB / 50% CAT / 10% XGB,0.6759315206445116,0.17739718786341052,0.4809904542815344,0.25927336017396324
Blend 40% LGB / 50% CAT / 10% XGB,0.67472306143001,0.17790759426447159,0.4821415520959188,0.25927336017396324
Blend 40% LGB / 50% CAT / 10% XGB,0.6735146022155085,0.1784227937253228,0.48321005045063703,0.25927336017396324
Blend 40% LGB / 50% CAT / 10% XGB,0.672306143001007,0.178942854079554,0.48435649406931536,0.25927336017396324
Blend 40% LGB / 50% CAT / 10% XGB,0.668479355488419,0.17876763977162555,0.4854400122390925,0.25927336017396324
Blend 40% LGB / 50% CAT / 10% XGB,0.6670694864048339,0.17924017750838836,0.4868093771975918,0.25927336017396324
Blend 40% LGB / 50% CAT / 10% XGB,0.6658610271903324,0.1797716150081566,0.4880639917167494,0.25927336017396324
Blend 40% LGB / 50% CAT / 10% XGB,0.66404833836858,0.18014424653043384,0.4889589149287391,0.25927336017396324
Blend 40% LGB / 50% CAT / 10% XGB,0.6622356495468278,0.18052047875260788,0.490063947406573,0.25927336017396324
Blend 40% LGB / 50% CAT / 10% XGB,0.6614300100704934,0.18117621096767075,0.49102923116532304,0.25927336017396324
Blend 40% LGB / 50% CAT / 10% XGB,0.6596173212487412,0.1815611486861071,0.4921385638323582,0.25927336017396324
Blend 40% LGB / 50% CAT / 10% XGB,0.6586102719033232,0.18217270194986074,0.49310407886714397,0.25927336017396324
Blend 40% LGB / 50% CAT / 10% XGB,0.6572004028197381,0.1826783114992722,0.49407217602573295,0.25927336017396324
Blend 40% LGB / 50% CAT / 10% XGB,0.6559919436052366,0.1832451896027906,0.4951451781245373,0.25927336017396324
Blend 40% LGB / 50% CAT / 10% XGB,0.6541792547834844,0.1836480832296732,0.4963846937135691,0.25927336017396324
Blend 40% LGB / 50% CAT / 10% XGB,0.6525679758308157,0.18411183088987385,0.4975752083120698,0.25927336017396324
Blend 40% LGB / 50% CAT / 10% XGB,0.6515609264853978,0.18475157053112506,0.4987137609292611,0.25927336017396324
Blend 40% LGB / 50% CAT / 10% XGB,0.6501510574018127,0.1852829755481575,0.4998034747895543,0.25927336017396324
Blend 40% LGB / 50% CAT / 10% XGB,0.6487411883182276,0.1858197761624553,0.5009928628658258,0.25927336017396324
Blend 40% LGB / 50% CAT / 10% XGB,0.6475327291037261,0.18642003942943292,0.5020326939340822,0.25927336017396324
Blend 40% LGB / 50% CAT / 10% XGB,0.6463242698892245,0.18702645996036835,0.5031090752925564,0.25927336017396324
Blend 40% LGB / 50% CAT / 10% XGB,0.6453172205438067,0.18769771528998241,0.5041329201183988,0.25927336017396324
Blend 40% LGB / 50% CAT / 10% XGB,0.6437059415911379,0.18819926981509835,0.5053768920255611,0.25927336017396324
Blend 40% LGB / 50% CAT / 10% XGB,0.6414904330312186,0.1885284716467385,0.5066169112578469,0.25927336017396324
Blend 40% LGB / 50% CAT / 10% XGB,0.6386706948640484,0.18868261335237416,0.5079858880135795,0.25927336017396324
Blend 40% LGB / 50% CAT / 10% XGB,0.6374622356495468,0.1893169039358775,0.5092763574427681,0.25927336017396324
Blend 40% LGB / 50% CAT / 10% XGB,0.6360523665659618,0.1898977751052315,0.5107068756162871,0.25927336017396324
Blend 40% LGB / 50% CAT / 10% XGB,0.6344410876132931,0.19042437431991294,0.5117958210656075,0.25927336017396324
Blend 40% LGB / 50% CAT / 10% XGB,0.6322255790533736,0.19077427981038045,0.5128976607442278,0.25927336017396324
Blend 40% LGB / 50% CAT / 10% XGB,0.6304128902316214,0.19125015275571305,0.514032499144782,0.25927336017396324
Blend 40% LGB / 50% CAT / 10% XGB,0.628600201409869,0.19173117090551664,0.5150586030135309,0.25927336017396324
Blend 40% LGB / 50% CAT / 10% XGB,0.6267875125881168,0.19221741815935764,0.5162271187488476,0.25927336017396324
Blend 40% LGB / 50% CAT / 10% XGB,0.6251762336354482,0.1927710843373494,0.5174881566733246,0.25927336017396324
Blend 40% LGB / 50% CAT / 10% XGB,0.6231621349446123,0.1932059447983015,0.5186614706914698,0.25927336017396324
Blend 40% LGB / 50% CAT / 10% XGB,0.6201409869083585,0.19333165892251664,0.5198373906056215,0.25927336017396324
Blend 40% LGB / 50% CAT / 10% XGB,0.6187311178247734,0.1939638843288294,0.5210822567780897,0.25927336017396324
Blend 40% LGB / 50% CAT / 10% XGB,0.6173212487411883,0.1946031746031746,0.5224050657412065,0.25927336017396324
Blend 40% LGB / 50% CAT / 10% XGB,0.6161127895266868,0.19531349763759417,0.5236811317000474,0.25927336017396324
Blend 40% LGB / 50% CAT / 10% XGB,0.614098690835851,0.195775009631437,0.5250319796774618,0.25927336017396324
Blend 40% LGB / 50% CAT / 10% XGB,0.6122860020140987,0.19630634121141677,0.5262846237613718,0.25927336017396324
Blend 40% LGB / 50% CAT / 10% XGB,0.6112789526686808,0.19710351993765424,0.5274207048919367,0.25927336017396324
Blend 40% LGB / 50% CAT / 10% XGB,0.609667673716012,0.1977139124755062,0.5284381170711867,0.25927336017396324
Blend 40% LGB / 50% CAT / 10% XGB,0.6080563947633434,0.19833136250164235,0.5296621717255539,0.25927336017396324
Blend 40% LGB / 50% CAT / 10% XGB,0.6066465256797583,0.1990220695123563,0.5309858610203843,0.25927336017396324
Blend 40% LGB / 50% CAT / 10% XGB,0.6048338368580061,0.19958793034693606,0.5320467303633325,0.25927336017396324
Blend 40% LGB / 50% CAT / 10% XGB,0.6032225579053374,0.20022730311538975,0.5332646424310009,0.25927336017396324
Blend 40% LGB / 50% CAT / 10% XGB,0.6018126888217523,0.20094149293880295,0.5344877724794243,0.25927336017396324
Blend 40% LGB / 50% CAT / 10% XGB,0.6,0.2015288864835611,0.535890247764024,0.25927336017396324
Blend 40% LGB / 50% CAT / 10% XGB,0.5985901309164149,0.20225942561589766,0.5370386386903439,0.25927336017396324
Blend 40% LGB / 50% CAT / 10% XGB,0.5965760322255791,0.20279337258660823,0.538247025173232,0.25927336017396324
Blend 40% LGB / 50% CAT / 10% XGB,0.5949647532729103,0.2034715525554484,0.5394065050100051,0.25927336017396324
Blend 40% LGB / 50% CAT / 10% XGB,0.5929506545820745,0.20401940401940402,0.5405241922711735,0.25927336017396324
Blend 40% LGB / 50% CAT / 10% XGB,0.5911379657603223,0.20464370380700042,0.5418527401991426,0.25927336017396324
Blend 40% LGB / 50% CAT / 10% XGB,0.5899295065458208,0.20548617931808616,0.5431247703741984,0.25927336017396324
Blend 40% LGB / 50% CAT / 10% XGB,0.5873111782477342,0.20584498094027953,0.5445034904058812,0.25927336017396324
Blend 40% LGB / 50% CAT / 10% XGB,0.5848942598187311,0.20627930103707914,0.5458303136814285,0.25927336017396324
Blend 40% LGB / 50% CAT / 10% XGB,0.583484390735146,0.20707648320228736,0.5471625942198399,0.25927336017396324
Blend 40% LGB / 50% CAT / 10% XGB,0.5816717019133938,0.20773989354049777,0.5484380144266302,0.25927336017396324
Blend 40% LGB / 50% CAT / 10% XGB,0.5806646525679758,0.20870131750398146,0.5497119146151244,0.25927336017396324
Blend 40% LGB / 50% CAT / 10% XGB,0.5788519637462236,0.20938365146437418,0.5511463820853257,0.25927336017396324
Blend 40% LGB / 50% CAT / 10% XGB,0.5770392749244713,0.21005938851821981,0.5524833064790243,0.25927336017396324
Blend 40% LGB / 50% CAT / 10% XGB,0.5750251762336355,0.2106855582613829,0.5536153898405716,0.25927336017396324
Blend 40% LGB / 50% CAT / 10% XGB,0.5722054380664653,0.21102280323850553,0.5550329246794253,0.25927336017396324
Blend 40% LGB / 50% CAT / 10% XGB,0.5707955689828802,0.21188785046728972,0.5564458744146339,0.25927336017396324
Blend 40% LGB / 50% CAT / 10% XGB,0.5685800604229607,0.21246331000225785,0.5580016755645072,0.25927336017396324
Blend 40% LGB / 50% CAT / 10% XGB,0.5669687814702921,0.2132737328585499,0.5591955283660276,0.25927336017396324
Blend 40% LGB / 50% CAT / 10% XGB,0.564551863041289,0.21378994737243537,0.5606347181699636,0.25927336017396324
Blend 40% LGB / 50% CAT / 10% XGB,0.5623363544813695,0.21438992551639408,0.5620933047257248,0.25927336017396324
Blend 40% LGB / 50% CAT / 10% XGB,0.5601208459214502,0.2149980672593738,0.5632832153177769,0.25927336017396324
Blend 40% LGB / 50% CAT / 10% XGB,0.5583081570996978,0.21577021872810773,0.564659875295709,0.25927336017396324
Blend 40% LGB / 50% CAT / 10% XGB,0.5564954682779456,0.2165530213966612,0.5659075368813564,0.25927336017396324
Blend 40% LGB / 50% CAT / 10% XGB,0.5544813695871098,0.21726777681319548,0.5673371863933235,0.25927336017396324
Blend 40% LGB / 50% CAT / 10% XGB,0.5520644511581068,0.21783358499562902,0.5685834759961718,0.25927336017396324
Blend 40% LGB / 50% CAT / 10% XGB,0.5498489425981873,0.2184873949579832,0.5700423576417402,0.25927336017396324
Blend 40% LGB / 50% CAT / 10% XGB,0.5478348439073515,0.21923107922946725,0.57136632055262,0.25927336017396324
Blend 40% LGB / 50% CAT / 10% XGB,0.5444108761329305,0.2194171604838055,0.5725243598917583,0.25927336017396324
Blend 40% LGB / 50% CAT / 10% XGB,0.5415911379657603,0.2198511977761426,0.573900885523909,0.25927336017396324
Blend 40% LGB / 50% CAT / 10% XGB,0.5387713997985901,0.22029152598204726,0.5753215808082512,0.25927336017396324
Blend 40% LGB / 50% CAT / 10% XGB,0.5357502517623364,0.22065532973869764,0.5767859861847298,0.25927336017396324
Blend 40% LGB / 50% CAT / 10% XGB,0.5335347432024169,0.22135873652544497,0.5781647929080529,0.25927336017396324
Blend 40% LGB / 50% CAT / 10% XGB,0.5311178247734138,0.22198838286051015,0.5794710603085707,0.25927336017396324
Blend 40% LGB / 50% CAT / 10% XGB,0.527693856998993,0.22220337545585617,0.5807842043616761,0.25927336017396324
Blend 40% LGB / 50% CAT / 10% XGB,0.5244712990936556,0.2225070494744937,0.5822148790703886,0.25927336017396324
Blend 40% LGB / 50% CAT / 10% XGB,0.5206445115810675,0.2225570383125269,0.5834555731403392,0.25927336017396324
Blend 40% LGB / 50% CAT / 10% XGB,0.5182275931520645,0.2232150602932246,0.5847512407491746,0.25927336017396324
Blend 40% LGB / 50% CAT / 10% XGB,0.5154078549848943,0.2237083661159192,0.5862497466227641,0.25927336017396324
Blend 40% LGB / 50% CAT / 10% XGB,0.513595166163142,0.2246498105893754,0.5877534101382638,0.25927336017396324
Blend 40% LGB / 50% CAT / 10% XGB,0.5115810674723061,0.22551718014738525,0.5889387350727526,0.25927336017396324
Blend 40% LGB / 50% CAT / 10% XGB,0.5081570996978853,0.22577181208053693,0.5904971952441628,0.25927336017396324
Blend 40% LGB / 50% CAT / 10% XGB,0.5063444108761329,0.22675205195273743,0.5922059339516428,0.25927336017396324
Blend 40% LGB / 50% CAT / 10% XGB,0.5041289023162135,0.22756614237657968,0.5935908599501054,0.25927336017396324
Blend 40% LGB / 50% CAT / 10% XGB,0.5013091641490433,0.2281184126111264,0.5947796287039947,0.25927336017396324
Blend 40% LGB / 50% CAT / 10% XGB,0.49889224572004026,0.22886445532661923,0.5963212539686981,0.25927336017396324
Blend 40% LGB / 50% CAT / 10% XGB,0.4960725075528701,0.22943642291569633,0.5978260486660724,0.25927336017396324
Blend 40% LGB / 50% CAT / 10% XGB,0.4930513595166163,0.22992392223161454,0.5994166078524761,0.25927336017396324
Blend 40% LGB / 50% CAT / 10% XGB,0.49083585095669685,0.23079837105786533,0.6011583000307076,0.25927336017396324
Blend 40% LGB / 50% CAT / 10% XGB,0.48841893252769386,0.23159201604431287,0.602427016704145,0.25927336017396324
Blend 40% LGB / 50% CAT / 10% XGB,0.4855991943605237,0.23220649138014063,0.6039182964829495,0.25927336017396324
Blend 40% LGB / 50% CAT / 10% XGB,0.4827794561933535,0.2328314715881496,0.605490161865156,0.25927336017396324
Blend 40% LGB / 50% CAT / 10% XGB,0.47995971802618326,0.2334672283726854,0.607233195362271,0.25927336017396324
Blend 40% LGB / 50% CAT / 10% XGB,0.4771399798590131,0.2341140428896136,0.6087153767691936,0.25927336017396324
Blend 40% LGB / 50% CAT / 10% XGB,0.47311178247734137,0.23417406041272057,0.6102055839834113,0.25927336017396324
Blend 40% LGB / 50% CAT / 10% XGB,0.4704934541792548,0.23493915317308658,0.6118695369616507,0.25927336017396324
Blend 40% LGB / 50% CAT / 10% XGB,0.46807653575025177,0.23581938102486047,0.6134175257892321,0.25927336017396324
Blend 40% LGB / 50% CAT / 10% XGB,0.46445115810674725,0.23610115695710043,0.614899312862284,0.25927336017396324
Blend 40% LGB / 50% CAT / 10% XGB,0.4612286002014099,0.23659468953404278,0.6164595923000138,0.25927336017396324
Blend 40% LGB / 50% CAT / 10% XGB,0.459214501510574,0.237722865186112,0.6180789622711973,0.25927336017396324
Blend 40% LGB / 50% CAT / 10% XGB,0.4561933534743202,0.23834578554140798,0.6194043982946247,0.25927336017396324
Blend 40% LGB / 50% CAT / 10% XGB,0.45337361530715004,0.23908656399362718,0.6209782709740452,0.25927336017396324
Blend 40% LGB / 50% CAT / 10% XGB,0.4515609264853978,0.24037739894928703,0.6223888375652507,0.25927336017396324
Blend 40% LGB / 50% CAT / 10% XGB,0.44914400805639476,0.24136811343218964,0.6238885547629673,0.25927336017396324
Blend 40% LGB / 50% CAT / 10% XGB,0.4459214501510574,0.24194077150038248,0.6254658507858096,0.25927336017396324
Blend 40% LGB / 50% CAT / 10% XGB,0.44290030211480363,0.24263488910956638,0.6267371753951789,0.25927336017396324
Blend 40% LGB / 50% CAT / 10% XGB,0.44108761329305135,0.24401114206128133,0.6285856574592907,0.25927336017396324
Blend 40% LGB / 50% CAT / 10% XGB,0.43967774420946626,0.24563969843591762,0.6300681580650502,0.25927336017396324
Blend 40% LGB / 50% CAT / 10% XGB,0.43705941591137965,0.2466189339697693,0.6315773930397495,0.25927336017396324
Blend 40% LGB / 50% CAT / 10% XGB,0.4324269889224572,0.24646998048444496,0.6329944098695739,0.25927336017396324
Blend 40% LGB / 50% CAT / 10% XGB,0.4304128902316213,0.24782558274382466,0.6347881363303169,0.25927336017396324
Blend 40% LGB / 50% CAT / 10% XGB,0.4263846928499496,0.24803749267721148,0.6360474212457696,0.25927336017396324
Blend 40% LGB / 50% CAT / 10% XGB,0.42376636455186306,0.24908251450219013,0.6375791956258756,0.25927336017396324
Blend 40% LGB / 50% CAT / 10% XGB,0.42134944612286,0.25026917095346335,0.6390720949520046,0.25927336017396324
Blend 40% LGB / 50% CAT / 10% XGB,0.41852970795568983,0.25123926973763755,0.6409506530859558,0.25927336017396324
Blend 40% LGB / 50% CAT / 10% XGB,0.415508559919436,0.2521080288402786,0.6423013852469619,0.25927336017396324
Blend 40% LGB / 50% CAT / 10% XGB,0.4114803625377644,0.25237801111797403,0.6436137822214785,0.25927336017396324
Blend 40% LGB / 50% CAT / 10% XGB,0.4092648539778449,0.2537779442987386,0.6450716346300811,0.25927336017396324
Blend 40% LGB / 50% CAT / 10% XGB,0.40584088620342396,0.254451319611062,0.6468498227887367,0.25927336017396324
Blend 40% LGB / 50% CAT / 10% XGB,0.40221550855991944,0.2550121312731452,0.6483931855986577,0.25927336017396324
Blend 40% LGB / 50% CAT / 10% XGB,0.3983887210473313,0.25545654139222523,0.6499201931167882,0.25927336017396324
Blend 40% LGB / 50% CAT / 10% XGB,0.3947633434038268,0.256041802743305,0.6515789215603218,0.25927336017396324
Blend 40% LGB / 50% CAT / 10% XGB,0.3919436052366566,0.25716928769657726,0.6532194091496288,0.25927336017396324
Blend 40% LGB / 50% CAT / 10% XGB,0.38932527693857,0.25845701296964835,0.6545393403086831,0.25927336017396324
Blend 40% LGB / 50% CAT / 10% XGB,0.3865055387713998,0.2596401028277635,0.6563267552121925,0.25927336017396324
Blend 40% LGB / 50% CAT / 10% XGB,0.3824773413897281,0.2600301246063262,0.658014629003668,0.25927336017396324
Blend 40% LGB / 50% CAT / 10% XGB,0.37925478348439073,0.26098406098406096,0.6597053173654543,0.25927336017396324
Blend 40% LGB / 50% CAT / 10% XGB,0.3768378650553877,0.26252280061737054,0.6613890036822634,0.25927336017396324
Blend 40% LGB / 50% CAT / 10% XGB,0.37482376636455184,0.26438414547520955,0.6630866306972354,0.25927336017396324
Blend 40% LGB / 50% CAT / 10% XGB,0.3716012084592145,0.26542943461372465,0.6649043856220409,0.25927336017396324
Blend 40% LGB / 50% CAT / 10% XGB,0.36837865055387714,0.26650152994317355,0.6666384576396398,0.25927336017396324
Blend 40% LGB / 50% CAT / 10% XGB,0.3657603222557905,0.2680047225501771,0.6684140221386571,0.25927336017396324
Blend 40% LGB / 50% CAT / 10% XGB,0.36435045317220544,0.2704844497607656,0.6702450393842303,0.25927336017396324
Blend 40% LGB / 50% CAT / 10% XGB,0.3617321248741188,0.2721212121212121,0.6719720467683687,0.25927336017396324
Blend 40% LGB / 50% CAT / 10% XGB,0.3591137965760322,0.27380221130221133,0.6736312240360696,0.25927336017396324
Blend 40% LGB / 50% CAT / 10% XGB,0.3568982880161128,0.27584059775840597,0.6754739089407304,0.25927336017396324
Blend 40% LGB / 50% CAT / 10% XGB,0.3540785498489426,0.2774621212121212,0.6774472918628998,0.25927336017396324
Blend 40% LGB / 50% CAT / 10% XGB,0.35166163141993956,0.279449423815621,0.6794629461368666,0.25927336017396324
Blend 40% LGB / 50% CAT / 10% XGB,0.34924471299093657,0.2814935064935065,0.6811245474957408,0.25927336017396324
Blend 40% LGB / 50% CAT / 10% XGB,0.34521651560926486,0.28227931488801056,0.6829528333776254,0.25927336017396324
Blend 40% LGB / 50% CAT / 10% XGB,0.3403826787512588,0.2824197860962567,0.6850065351771748,0.25927336017396324
Blend 40% LGB / 50% CAT / 10% XGB,0.3363544813695871,0.28324287652645863,0.6868521117054642,0.25927336017396324
Blend 40% LGB / 50% CAT / 10% XGB,0.3333333333333333,0.2849517906336088,0.6890312402309988,0.25927336017396324
Blend 40% LGB / 50% CAT / 10% XGB,0.3297079556898288,0.2861888111888112,0.6907906664131683,0.25927336017396324
Blend 40% LGB / 50% CAT / 10% XGB,0.3282980866062437,0.28941761363636365,0.6929419288660926,0.25927336017396324
Blend 40% LGB / 50% CAT / 10% XGB,0.3256797583081571,0.2916666666666667,0.6950655525182106,0.25927336017396324
Blend 40% LGB / 50% CAT / 10% XGB,0.32084592145015106,0.29197214076246336,0.6971506409745631,0.25927336017396324
Blend 40% LGB / 50% CAT / 10% XGB,0.3166163141993958,0.29284649776453053,0.6990698336091465,0.25927336017396324
Blend 40% LGB / 50% CAT / 10% XGB,0.313595166163142,0.2948863636363636,0.700751224067673,0.25927336017396324
Blend 40% LGB / 50% CAT / 10% XGB,0.30996978851963747,0.2964175654853621,0.7025614067389394,0.25927336017396324
Blend 40% LGB / 50% CAT / 10% XGB,0.30694864048338366,0.29858934169278994,0.7046954820676177,0.25927336017396324
Blend 40% LGB / 50% CAT / 10% XGB,0.3039274924471299,0.3008373205741627,0.7063277394761487,0.25927336017396324
Blend 40% LGB / 50% CAT / 10% XGB,0.29929506545820744,0.3015422077922078,0.7086038652652331,0.25927336017396324
Blend 40% LGB / 50% CAT / 10% XGB,0.29607250755287007,0.3037190082644628,0.7106498987946613,0.25927336017396324
Blend 40% LGB / 50% CAT / 10% XGB,0.29103726082578046,0.30408249158249157,0.7129162732059604,0.25927336017396324
Blend 40% LGB / 50% CAT / 10% XGB,0.2876132930513595,0.30617495711835335,0.7150433937912177,0.25927336017396324
Blend 40% LGB / 50% CAT / 10% XGB,0.2835850956696878,0.3076923076923077,0.7169194944053336,0.25927336017396324
Blend 40% LGB / 50% CAT / 10% XGB,0.27935548841893254,0.30904634581105167,0.718999020321607,0.25927336017396324
Blend 40% LGB / 50% CAT / 10% XGB,0.2759315206445116,0.31136363636363634,0.7210824008285368,0.25927336017396324
Blend 40% LGB / 50% CAT / 10% XGB,0.273313192346425,0.3147031539888683,0.7230138124575505,0.25927336017396324
Blend 40% LGB / 50% CAT / 10% XGB,0.2690835850956697,0.3162878787878788,0.725253168952762,0.25927336017396324
Blend 40% LGB / 50% CAT / 10% XGB,0.26586102719033233,0.3191489361702128,0.7272261621987886,0.25927336017396324
Blend 40% LGB / 50% CAT / 10% XGB,0.2610271903323263,0.3201581027667984,0.7296065799126067,0.25927336017396324
Blend 40% LGB / 50% CAT / 10% XGB,0.2582074521651561,0.3237373737373737,0.7318439300304789,0.25927336017396324
Blend 40% LGB / 50% CAT / 10% XGB,0.25337361530715,0.32489669421487605,0.7345289576355085,0.25927336017396324
Blend 40% LGB / 50% CAT / 10% XGB,0.2499496475327291,0.32795983086680763,0.7369373881603649,0.25927336017396324
Blend 40% LGB / 50% CAT / 10% XGB,0.2459214501510574,0.33035714285714285,0.7390995053436609,0.25927336017396324
Blend 40% LGB / 50% CAT / 10% XGB,0.2418932527693857,0.33287139689578715,0.7415368254196582,0.25927336017396324
Blend 40% LGB / 50% CAT / 10% XGB,0.23846928499496475,0.33636363636363636,0.7441244193023854,0.25927336017396324
Blend 40% LGB / 50% CAT / 10% XGB,0.2352467270896274,0.34032634032634035,0.7461670077453952,0.25927336017396324
Blend 40% LGB / 50% CAT / 10% XGB,0.2310171198388721,0.3430023923444976,0.748686568725283,0.25927336017396324
Blend 40% LGB / 50% CAT / 10% XGB,0.22638469284994964,0.3452088452088452,0.7513779002934471,0.25927336017396324
Blend 40% LGB / 50% CAT / 10% XGB,0.22356495468277945,0.3503787878787879,0.7538273498836257,0.25927336017396324
Blend 40% LGB / 50% CAT / 10% XGB,0.21933534743202418,0.3535714285714286,0.7562523622182125,0.25927336017396324
Blend 40% LGB / 50% CAT / 10% XGB,0.21510574018126888,0.356951871657754,0.7586158387337991,0.25927336017396324
Blend 40% LGB / 50% CAT / 10% XGB,0.21148036253776434,0.3615702479338843,0.7611615282468245,0.25927336017396324
Blend 40% LGB / 50% CAT / 10% XGB,0.20704934541792547,0.3650568181818182,0.7633388449669405,0.25927336017396324
Blend 40% LGB / 50% CAT / 10% XGB,0.20201409869083586,0.36766862170087977,0.7662161601306094,0.25927336017396324
Blend 40% LGB / 50% CAT / 10% XGB,0.1971802618328298,0.37083333333333335,0.7690796778773563,0.25927336017396324
Blend 40% LGB / 50% CAT / 10% XGB,0.19254783484390736,0.37460815047021945,0.7713362274570793,0.25927336017396324
Blend 40% LGB / 50% CAT / 10% XGB,0.1881168177240685,0.37905844155844154,0.7739804930106282,0.25927336017396324
Blend 40% LGB / 50% CAT / 10% XGB,0.18429003021148035,0.3851010101010101,0.7768418797103283,0.25927336017396324
Blend 40% LGB / 50% CAT / 10% XGB,0.17965760322255792,0.38986013986013984,0.7798080801633613,0.25927336017396324
Blend 40% LGB / 50% CAT / 10% XGB,0.17502517623363545,0.395,0.7830229012855056,0.25927336017396324
Blend 40% LGB / 50% CAT / 10% XGB,0.17119838872104734,0.4024621212121212,0.7858696770947158,0.25927336017396324
Blend 40% LGB / 50% CAT / 10% XGB,0.16475327291037262,0.4041501976284585,0.7884196504955878,0.25927336017396324
Blend 40% LGB / 50% CAT / 10% XGB,0.15891238670694863,0.4075413223140496,0.7919439278344533,0.25927336017396324
Blend 40% LGB / 50% CAT / 10% XGB,0.15347432024169183,0.41233766233766234,0.7952947430342303,0.25927336017396324
Blend 40% LGB / 50% CAT / 10% XGB,0.1488418932527694,0.4198863636363636,0.7988637613803101,0.25927336017396324
Blend 40% LGB / 50% CAT / 10% XGB,0.1415911379657603,0.42045454545454547,0.8023933885213393,0.25927336017396324
Blend 40% LGB / 50% CAT / 10% XGB,0.13554884189325278,0.42487373737373735,0.8053899806625187,0.25927336017396324
Blend 40% LGB / 50% CAT / 10% XGB,0.12910372608257806,0.428475935828877,0.8084018542444251,0.25927336017396324
Blend 40% LGB / 50% CAT / 10% XGB,0.12265861027190332,0.4325284090909091,0.812674631651417,0.25927336017396324
Blend 40% LGB / 50% CAT / 10% XGB,0.11601208459214502,0.43636363636363634,0.8162590601888455,0.25927336017396324
Blend 40% LGB / 50% CAT / 10% XGB,0.10996978851963746,0.4431818181818182,0.8195250901709898,0.25927336017396324
Blend 40% LGB / 50% CAT / 10% XGB,0.10433031218529708,0.4527972027972028,0.8232978679092136,0.25927336017396324
Blend 40% LGB / 50% CAT / 10% XGB,0.09848942598187312,0.4630681818181818,0.8266933065970387,0.25927336017396324
Blend 40% LGB / 50% CAT / 10% XGB,0.09123867069486405,0.46797520661157027,0.8312579978045171,0.25927336017396324
Blend 40% LGB / 50% CAT / 10% XGB,0.08580060422960725,0.48409090909090907,0.8355893497246858,0.25927336017396324
Blend 40% LGB / 50% CAT / 10% XGB,0.07734138972809668,0.48484848484848486,0.8406526845902802,0.25927336017396324
Blend 40% LGB / 50% CAT / 10% XGB,0.06827794561933535,0.4815340909090909,0.845797528442068,0.25927336017396324
Blend 40% LGB / 50% CAT / 10% XGB,0.06102719033232629,0.49188311688311687,0.8518497785169155,0.25927336017396324
Blend 40% LGB / 50% CAT / 10% XGB,0.05337361530715005,0.5018939393939394,0.8589165152909576,0.25927336017396324
Blend 40% LGB / 50% CAT / 10% XGB,0.04471299093655589,0.5045454545454545,0.8659298620740437,0.25927336017396324
Blend 40% LGB / 50% CAT / 10% XGB,0.038267875125881166,0.5397727272727273,0.8733361067087787,0.25927336017396324
Blend 40% LGB / 50% CAT / 10% XGB,0.029607250755287008,0.5568181818181818,0.8804283768358925,0.25927336017396324
Blend 40% LGB / 50% CAT / 10% XGB,0.02014098690835851,0.5681818181818182,0.8916612300850744,0.25927336017396324
Blend 40% LGB / 50% CAT / 10% XGB,0.011077542799597181,0.625,0.9067017567425959,0.25927336017396324
Blend 40% LGB / 50% CAT / 10% XGB,0.0,1.0,,0.25927336017396324
