Model,FPR,TPR,Threshold,ROC_AUC
LightGBM,0.0,0.0,inf,0.7646779071883745
LightGBM,0.00014149775372315965,0.002416918429003021,0.9240048186470391,0.7646779071883745
LightGBM,0.0002829955074463193,0.004632426988922457,0.915393924733108,0.7646779071883745
LightGBM,0.0004421804803848739,0.00785498489425982,0.9090816482671904,0.7646779071883745
LightGBM,0.0005659910148926386,0.010070493454179255,0.9054633877038237,0.7646779071883745
LightGBM,0.000778237645477378,0.011681772406847936,0.9012265876454308,0.7646779071883745
LightGBM,0.0010081714952775126,0.013897280966767372,0.8974986256331159,0.7646779071883745
LightGBM,0.001185043687431462,0.018328298086606243,0.8931555700090927,0.7646779071883745
LightGBM,0.0014326647564469914,0.01933534743202417,0.890867720755754,0.7646779071883745
LightGBM,0.0016625986062471258,0.021349446122860022,0.8872408214858107,0.7646779071883745
LightGBM,0.0019455941136934452,0.02336354481369587,0.8846376027063133,0.7646779071883745
LightGBM,0.0021932151827089743,0.025981873111782478,0.8822550204383712,0.7646779071883745
LightGBM,0.002405461813293714,0.028801611278952668,0.8804391310024778,0.7646779071883745
LightGBM,0.002706144539955428,0.03162134944612286,0.8764677131230778,0.7646779071883745
LightGBM,0.0029183911705401677,0.03403826787512588,0.8747499519923557,0.7646779071883745
LightGBM,0.0032367611164172768,0.03625377643504532,0.8725454492686026,0.7646779071883745
LightGBM,0.0033782588701404366,0.038267875125881166,0.8709878059664884,0.7646779071883745
LightGBM,0.003590505500725176,0.041289023162134945,0.8684655562577915,0.7646779071883745
LightGBM,0.0038027521313099156,0.0433031218529708,0.8668137567656008,0.7646779071883745
LightGBM,0.00406806041954084,0.04632426988922457,0.8646227970678865,0.7646779071883745
LightGBM,0.004191870954048604,0.048539778449144005,0.8634389086187687,0.7646779071883745
LightGBM,0.004368743146202554,0.05055387713997986,0.8617406773755703,0.7646779071883745
LightGBM,0.004580989776787294,0.05216515609264854,0.8606824923374914,0.7646779071883745
LightGBM,0.004775549188156638,0.05397784491440081,0.8595362623930543,0.7646779071883745
LightGBM,0.005005483037956772,0.056797583081571,0.8577535516322488,0.7646779071883745
LightGBM,0.005235416887756907,0.05820745216515609,0.8563638363222702,0.7646779071883745
LightGBM,0.0056245357104955955,0.060624370594159115,0.8551030014710059,0.7646779071883745
LightGBM,0.005819095121864941,0.06203423967774421,0.8540420802791197,0.7646779071883745
LightGBM,0.0062082139446036294,0.06505538771399799,0.8515787101559028,0.7646779071883745
LightGBM,0.006367398917542184,0.06787512588116817,0.850296268183284,0.7646779071883745
LightGBM,0.006544271109696133,0.06948640483383686,0.8492489559309407,0.7646779071883745
LightGBM,0.006738830521065478,0.07089627391742195,0.8482320761667719,0.7646779071883745
LightGBM,0.007198698220665747,0.07351460221550855,0.845881397148963,0.7646779071883745
LightGBM,0.007587817043404436,0.0755287009063444,0.8436319408500287,0.7646779071883745
LightGBM,0.007764689235558385,0.07693856998992951,0.8425962745031026,0.7646779071883745
LightGBM,0.007976935866143125,0.07814702920443102,0.8418349960893305,0.7646779071883745
LightGBM,0.00834836746966642,0.08056394763343404,0.8399834588992013,0.7646779071883745
LightGBM,0.008542926881035763,0.08277945619335347,0.8386953123655201,0.7646779071883745
LightGBM,0.008755173511620503,0.08499496475327291,0.8370605196479386,0.7646779071883745
LightGBM,0.008985107361420637,0.086404833836858,0.8365183941393364,0.7646779071883745
LightGBM,0.009250415649651561,0.08821752265861027,0.8355694488915343,0.7646779071883745
LightGBM,0.00949803671866709,0.09003021148036254,0.8341946950464394,0.7646779071883745
LightGBM,0.009781032226113411,0.09204431017119839,0.8330757270367732,0.7646779071883745
LightGBM,0.00992252997983657,0.09385699899295065,0.8319859122434634,0.7646779071883745
LightGBM,0.010152463829636705,0.09607250755287008,0.8310457913300621,0.7646779071883745
LightGBM,0.01031164880257526,0.09748237663645519,0.8303766328638499,0.7646779071883745
LightGBM,0.010630018748452368,0.09929506545820745,0.8295124309247205,0.7646779071883745
LightGBM,0.010913014255898688,0.1015105740181269,0.8281796403158943,0.7646779071883745
LightGBM,0.011142948105698823,0.1027190332326284,0.8271167721149029,0.7646779071883745
LightGBM,0.011443630832360536,0.1041289023162135,0.8259857193126982,0.7646779071883745
LightGBM,0.011762000778237646,0.10654582074521651,0.8249308917369228,0.7646779071883745
LightGBM,0.011974247408822384,0.10876132930513595,0.8239964640124929,0.7646779071883745
LightGBM,0.012292617354699494,0.11057401812688822,0.822977958653941,0.7646779071883745
LightGBM,0.012628674519791999,0.11319234642497482,0.8216798750820261,0.7646779071883745
LightGBM,0.013000106123315293,0.11419939577039274,0.8206136047471723,0.7646779071883745
LightGBM,0.013176978315469242,0.11641490433031218,0.8198713034818702,0.7646779071883745
LightGBM,0.013406912165269376,0.11782477341389729,0.8189458121508636,0.7646779071883745
LightGBM,0.01377834376879267,0.11943605236656596,0.8176520766304615,0.7646779071883745
LightGBM,0.014043652057023594,0.1216515609264854,0.8167280476710429,0.7646779071883745
LightGBM,0.014273585906823729,0.12406847935548843,0.8159810855717405,0.7646779071883745
LightGBM,0.014680391948777812,0.1270896273917422,0.8145709931819277,0.7646779071883745
LightGBM,0.014928013017793342,0.12870090634441086,0.8138057793640162,0.7646779071883745
LightGBM,0.015352506278962822,0.13051359516616315,0.8129492346070124,0.7646779071883745
LightGBM,0.015582440128762956,0.13192346424974824,0.8123676403346111,0.7646779071883745
LightGBM,0.01588312285542467,0.1339375629405841,0.8112740015444441,0.7646779071883745
LightGBM,0.016077682266794013,0.13534743202416918,0.8105124196210599,0.7646779071883745
LightGBM,0.01644911387031731,0.13716012084592144,0.8092367343322283,0.7646779071883745
LightGBM,0.016838232693055996,0.13856998992950656,0.8081622608171523,0.7646779071883745
LightGBM,0.01712122820050232,0.14038267875125882,0.8071203208731488,0.7646779071883745
LightGBM,0.017616470338533377,0.14239677744209467,0.8060025856754345,0.7646779071883745
LightGBM,0.01802327638048746,0.14360523665659616,0.8046945354013335,0.7646779071883745
LightGBM,0.018713077929887863,0.14561933534743202,0.8033301777760228,0.7646779071883745
LightGBM,0.019137571191057343,0.1474320241691843,0.8024759570089914,0.7646779071883745
LightGBM,0.019579751671442217,0.14924471299093656,0.801463360388749,0.7646779071883745
LightGBM,0.01988043439810393,0.1512588116817724,0.8005104028046204,0.7646779071883745
LightGBM,0.020110368247904065,0.15327291037260826,0.7998924416773355,0.7646779071883745
LightGBM,0.020446425412996568,0.15589123867069488,0.798620122053389,0.7646779071883745
LightGBM,0.020711733701227492,0.15730110775427997,0.7977818081289015,0.7646779071883745
LightGBM,0.021348473592981712,0.15871097683786506,0.7963254241743064,0.7646779071883745
LightGBM,0.021772966854151192,0.16032225579053375,0.7950780484166604,0.7646779071883745
LightGBM,0.022073649580812905,0.1619335347432024,0.7941852967096332,0.7646779071883745
LightGBM,0.022321270649828435,0.16334340382678753,0.7935787139064213,0.7646779071883745
LightGBM,0.02274576391099791,0.16475327291037262,0.792431968214818,0.7646779071883745
LightGBM,0.023435565460398315,0.1659617321248741,0.7912143304255599,0.7646779071883745
LightGBM,0.023930807598429374,0.1673716012084592,0.7901725913007223,0.7646779071883745
LightGBM,0.02433761364038346,0.1691842900302115,0.7889779750981364,0.7646779071883745
LightGBM,0.024673670805475962,0.17059415911379658,0.788439854000241,0.7646779071883745
LightGBM,0.02520428738193781,0.17240684793554883,0.7872565343103572,0.7646779071883745
LightGBM,0.025611093423891895,0.17401812688821752,0.7859699077290598,0.7646779071883745
LightGBM,0.02580565283526124,0.17603222557905338,0.7854504919741143,0.7646779071883745
LightGBM,0.02605327390427677,0.1772406847935549,0.7850605431178767,0.7646779071883745
LightGBM,0.026654639357600197,0.17925478348439072,0.7840235651778699,0.7646779071883745
LightGBM,0.02697300930347731,0.18026183282980865,0.7833539101342226,0.7646779071883745
LightGBM,0.02737981534543139,0.1822759315206445,0.7827213385404153,0.7646779071883745
LightGBM,0.02759206197601613,0.18368580060422962,0.7819969025041433,0.7646779071883745
LightGBM,0.027751246948954686,0.18549848942598188,0.7814549518156724,0.7646779071883745
LightGBM,0.02801655523718561,0.1877139979859013,0.7805424070968503,0.7646779071883745
LightGBM,0.028405674059924297,0.18952668680765358,0.7798336530657959,0.7646779071883745
LightGBM,0.028865541759524566,0.19113796576032224,0.7787721842286437,0.7646779071883745
LightGBM,0.029166224486186283,0.19274924471299093,0.7780027506435201,0.7646779071883745
LightGBM,0.029449219993632602,0.19395770392749245,0.7772180049742808,0.7646779071883745
LightGBM,0.029749902720294315,0.1957703927492447,0.7767101522850397,0.7646779071883745
LightGBM,0.02994446213166366,0.19818731117824773,0.7760253507531302,0.7646779071883745
LightGBM,0.03022745763910998,0.19939577039274925,0.7754220021978245,0.7646779071883745
LightGBM,0.030528140365771693,0.20100704934541794,0.7748376554894925,0.7646779071883745
LightGBM,0.0308465103116488,0.20241691842900303,0.7738409897598953,0.7646779071883745
LightGBM,0.03105875694223354,0.20382678751258812,0.773349732961093,0.7646779071883745
LightGBM,0.03150093742261842,0.2052366565961732,0.7724930398636056,0.7646779071883745
LightGBM,0.03204924121829566,0.20704934541792547,0.7715347992972357,0.7646779071883745
LightGBM,0.03257985779475751,0.20926485397784492,0.7703445309533632,0.7646779071883745
LightGBM,0.03323428490572712,0.2104733131923464,0.7690771823366642,0.7646779071883745
LightGBM,0.03360571650925041,0.21168177240684793,0.7684771819546373,0.7646779071883745
LightGBM,0.033994835331989104,0.21289023162134946,0.767889844943467,0.7646779071883745
LightGBM,0.034277830839435426,0.21409869083585095,0.7670218652624958,0.7646779071883745
LightGBM,0.03459620078531253,0.21530715005035247,0.7663791402587439,0.7646779071883745
LightGBM,0.03498531960805122,0.21651560926485397,0.7655480414668002,0.7646779071883745
LightGBM,0.03553362340372847,0.21792547834843906,0.7646650709412303,0.7646779071883745
LightGBM,0.03604655276097492,0.21933534743202418,0.7635445942353648,0.7646779071883745
LightGBM,0.03638260992606742,0.22074521651560927,0.7626260530334316,0.7646779071883745
LightGBM,0.03663023099508295,0.22195367573011077,0.7621618675044155,0.7646779071883745
LightGBM,0.036983975379390854,0.22336354481369586,0.7615768633772536,0.7646779071883745
LightGBM,0.03756765361349888,0.22457200402819738,0.7604474720435613,0.7646779071883745
LightGBM,0.03774452580565284,0.22618328298086607,0.7600009552291324,0.7646779071883745
LightGBM,0.03818670628603771,0.227190332326284,0.7593587635680197,0.7646779071883745
LightGBM,0.03861119954720719,0.22860020140986909,0.7584908297144819,0.7646779071883745
LightGBM,0.03887650783543811,0.23061430010070494,0.7579285941299899,0.7646779071883745
LightGBM,0.039212565000530615,0.23202416918429003,0.7572602113725,0.7646779071883745
LightGBM,0.03947787328876154,0.23403826787512588,0.7565483985336358,0.7646779071883745
LightGBM,0.04016767483816194,0.23544813695871097,0.7553933616517341,0.7646779071883745
LightGBM,0.04064522975697761,0.23726082578046323,0.7545042734053257,0.7646779071883745
LightGBM,0.04110509745657788,0.23826787512588116,0.7536370439615148,0.7646779071883745
LightGBM,0.04165340125225512,0.23967774420946628,0.7527241543599207,0.7646779071883745
LightGBM,0.04193639675970144,0.24128902316213494,0.7521546036326392,0.7646779071883745
LightGBM,0.04246701333616329,0.24290030211480362,0.7510898167412214,0.7646779071883745
LightGBM,0.04282075772047119,0.24410876132930515,0.7505734015220832,0.7646779071883745
LightGBM,0.04338674873536383,0.24531722054380664,0.749561615314755,0.7646779071883745
LightGBM,0.04407655028476423,0.24672708962739173,0.7484378524343681,0.7646779071883745
LightGBM,0.044412607449856735,0.24853977844914402,0.747866211630972,0.7646779071883745
LightGBM,0.044766351834164636,0.2497482376636455,0.7470575542292057,0.7646779071883745
LightGBM,0.04504934734161095,0.2515609264853978,0.7464023040263701,0.7646779071883745
LightGBM,0.04565071279493438,0.2541792547834844,0.7451420732904234,0.7646779071883745
LightGBM,0.046199016590611625,0.25579053373615307,0.7442034164101824,0.7646779071883745
LightGBM,0.046623509851781104,0.2569989929506546,0.7437453284071207,0.7646779071883745
LightGBM,0.04685344370158124,0.2582074521651561,0.7432977010348054,0.7646779071883745
LightGBM,0.047171813647458344,0.2596173212487412,0.7426081302636863,0.7646779071883745
LightGBM,0.04770243022392019,0.2610271903323263,0.7417693863567737,0.7646779071883745
LightGBM,0.048339170115674415,0.26263846928499496,0.7404436288982037,0.7646779071883745
LightGBM,0.048887473911351655,0.2642497482376637,0.7396365324833774,0.7646779071883745
LightGBM,0.04952421380310588,0.26545820745216514,0.7385073508943916,0.7646779071883745
LightGBM,0.0497895220913368,0.2676737160120846,0.7377153679145788,0.7646779071883745
LightGBM,0.05039088754466023,0.2690835850956697,0.7367133266165352,0.7646779071883745
LightGBM,0.051027627436414445,0.27089627391742194,0.7358678600771509,0.7646779071883745
LightGBM,0.051434433478368534,0.27250755287009065,0.7352447626109363,0.7646779071883745
LightGBM,0.05201811171247656,0.2737160120845921,0.7342086679267253,0.7646779071883745
LightGBM,0.052265732781492096,0.275730110775428,0.7337055761571857,0.7646779071883745
LightGBM,0.052849411015600124,0.2777442094662638,0.7327962889373252,0.7646779071883745
LightGBM,0.05311471930383105,0.27895266868076535,0.7322048010579572,0.7646779071883745
LightGBM,0.05373377197636987,0.28016112789526687,0.731171636934986,0.7646779071883745
LightGBM,0.054052141922246985,0.2813695871097684,0.7307093389046697,0.7646779071883745
LightGBM,0.054529696841062646,0.28338368580060425,0.7298597618074165,0.7646779071883745
LightGBM,0.054989564540662915,0.28479355488418934,0.7288658841270442,0.7646779071883745
LightGBM,0.05564399165163253,0.28580060422960724,0.7277732312396727,0.7646779071883745
LightGBM,0.05617460822809438,0.2872104733131923,0.7267143707834008,0.7646779071883745
LightGBM,0.05649297817397149,0.2892245720040282,0.7261204086267892,0.7646779071883745
LightGBM,0.05689978421592557,0.2904330312185297,0.7255709054319387,0.7646779071883745
LightGBM,0.057200466942587284,0.2916414904330312,0.7250567919324684,0.7646779071883745
LightGBM,0.0578725812727723,0.29284994964753275,0.7239575628562248,0.7646779071883745
LightGBM,0.05831476175315717,0.2940584088620342,0.7231112748716516,0.7646779071883745
LightGBM,0.05870388057589586,0.29526686807653574,0.7226671241961727,0.7646779071883745
LightGBM,0.05921680993314231,0.29687814702920445,0.721880346157146,0.7646779071883745
LightGBM,0.05951749265980402,0.29828801611278954,0.7213566749369067,0.7646779071883745
LightGBM,0.060207294209204426,0.29969788519637464,0.720191836879723,0.7646779071883745
LightGBM,0.06084403410095865,0.3011077542799597,0.7190992786375825,0.7646779071883745
LightGBM,0.061197778485266544,0.30231621349446125,0.7185641222708695,0.7646779071883745
LightGBM,0.061586897308005234,0.30372608257804634,0.7180246712732384,0.7646779071883745
LightGBM,0.06248894548799038,0.305337361530715,0.7169280688543814,0.7646779071883745
LightGBM,0.0631079981605292,0.3067472306143001,0.7158057625321698,0.7646779071883745
LightGBM,0.06349711698326789,0.3081570996978852,0.7152348010622407,0.7646779071883745
LightGBM,0.0637801124907142,0.3095669687814703,0.714768614534059,0.7646779071883745
LightGBM,0.06404542077894514,0.31097683786505537,0.7142834210876551,0.7646779071883745
LightGBM,0.0645229756977608,0.3125881168177241,0.7137901028992429,0.7646779071883745
LightGBM,0.06508896671265343,0.31419939577039274,0.7129802359393865,0.7646779071883745
LightGBM,0.06632707205773108,0.31560926485397783,0.7114324254990125,0.7646779071883745
LightGBM,0.06669850366125438,0.3170191339375629,0.7107401187896208,0.7646779071883745
LightGBM,0.06735293077222398,0.31822759315206445,0.7098342080131658,0.7646779071883745
LightGBM,0.06756517740280873,0.3198388721047331,0.7091790468519613,0.7646779071883745
LightGBM,0.06866178499416321,0.3214501510574018,0.707710394700373,0.7646779071883745
LightGBM,0.06928083766670204,0.32265861027190335,0.7067738237473938,0.7646779071883745
LightGBM,0.0697760798047331,0.3238670694864048,0.706158434084176,0.7646779071883745
LightGBM,0.07058969188864127,0.32547834843907353,0.7051440641257707,0.7646779071883745
LightGBM,0.07182779723371892,0.3268882175226586,0.7035942967084707,0.7646779071883745
LightGBM,0.0729244048250734,0.32809667673716014,0.7020498901357375,0.7646779071883745
LightGBM,0.0736495808129046,0.32950654582074523,0.7007561630389427,0.7646779071883745
LightGBM,0.0743570695815204,0.3309164149043303,0.6997993979880608,0.7646779071883745
LightGBM,0.07488768615798225,0.3323262839879154,0.6991173852819428,0.7646779071883745
LightGBM,0.07522374332307474,0.3337361530715005,0.6987375800809877,0.7646779071883745
LightGBM,0.07594891931090594,0.33494461228600203,0.6978389869092488,0.7646779071883745
LightGBM,0.07632035091442924,0.3365558912386707,0.6973384017473361,0.7646779071883745
LightGBM,0.0767625313948141,0.33816717019133935,0.6969794333845097,0.7646779071883745
LightGBM,0.07745233294421451,0.3395770392749245,0.6956975610415624,0.7646779071883745
LightGBM,0.07815982171283031,0.3409869083585096,0.6949390962613357,0.7646779071883745
LightGBM,0.07867275107007676,0.343202416918429,0.6940538193391301,0.7646779071883745
LightGBM,0.07945098871555414,0.3446122860020141,0.6929024277976565,0.7646779071883745
LightGBM,0.08008772860730835,0.3464249748237664,0.6920220225132042,0.7646779071883745
LightGBM,0.08060065796455482,0.34763343403826785,0.6913826592837683,0.7646779071883745
LightGBM,0.08118433619866285,0.34924471299093657,0.690516033952697,0.7646779071883745
LightGBM,0.08215713325550957,0.3508559919436052,0.6892214013239069,0.7646779071883745
LightGBM,0.08291768368177155,0.3518630412890232,0.6878206305453637,0.7646779071883745
LightGBM,0.08357211079274117,0.35347432024169184,0.6870490407291149,0.7646779071883745
LightGBM,0.08412041458841842,0.35468277945619336,0.6862739950057406,0.7646779071883745
LightGBM,0.08472178004174184,0.3558912386706949,0.6853184211567149,0.7646779071883745
LightGBM,0.08504014998761894,0.35730110775428,0.6848758937888131,0.7646779071883745
LightGBM,0.08564151544094238,0.35891238670694864,0.6840886503217498,0.7646779071883745
LightGBM,0.08620750645583501,0.3605236656596173,0.6832907293884001,0.7646779071883745
LightGBM,0.0866143124977891,0.3617321248741188,0.6827704580035406,0.7646779071883745
LightGBM,0.0876755456507128,0.3631419939577039,0.6813789339676503,0.7646779071883745
LightGBM,0.08845378329619018,0.36435045317220544,0.6804796376750909,0.7646779071883745
LightGBM,0.089072835968729,0.3663645518630413,0.6796431588068585,0.7646779071883745
LightGBM,0.0894265803530369,0.36797583081570995,0.6790519110045864,0.7646779071883745
LightGBM,0.08992182249106795,0.36918429003021147,0.6782963861484647,0.7646779071883745
LightGBM,0.09066468569811455,0.370392749244713,0.6772127138409727,0.7646779071883745
LightGBM,0.09156673387809969,0.37200402819738165,0.6756855674214407,0.7646779071883745
LightGBM,0.0922211609890693,0.3730110775427996,0.6749075778674736,0.7646779071883745
LightGBM,0.0928932753192543,0.3744209466263847,0.6741538373344067,0.7646779071883745
LightGBM,0.09321164526513141,0.3756294058408862,0.6736183240453085,0.7646779071883745
LightGBM,0.0939898829106088,0.3768378650553877,0.6727110916097954,0.7646779071883745
LightGBM,0.09444975061020906,0.37824773413897284,0.6721623490575047,0.7646779071883745
LightGBM,0.09508649050196329,0.3794561933534743,0.6713605004277058,0.7646779071883745
LightGBM,0.09590010258587145,0.3808660624370594,0.6704048840271057,0.7646779071883745
LightGBM,0.09657221691605646,0.3826787512588117,0.6695144940807463,0.7646779071883745
LightGBM,0.09733276734231844,0.3838872104733132,0.6687190698616605,0.7646779071883745
LightGBM,0.09772188616505713,0.38549848942598186,0.6681932042413862,0.7646779071883745
LightGBM,0.0982171283030882,0.38690835850956695,0.6675235063130837,0.7646779071883745
LightGBM,0.09864162156425767,0.38851963746223567,0.6670250907742232,0.7646779071883745
LightGBM,0.09917223814071952,0.3903323262839879,0.6664021773042497,0.7646779071883745
LightGBM,0.09987972690933532,0.39234642497482375,0.6654657152310638,0.7646779071883745
LightGBM,0.10019809685521243,0.39395770392749246,0.6649959638272717,0.7646779071883745
LightGBM,0.1005872156779511,0.39516616314199393,0.6644129095434551,0.7646779071883745
LightGBM,0.1013123916657823,0.39677744209466265,0.6636474669162676,0.7646779071883745
LightGBM,0.10209062931125969,0.3983887210473313,0.6627156646523799,0.7646779071883745
LightGBM,0.10286886695673707,0.39959718026183283,0.6617185440468453,0.7646779071883745
LightGBM,0.1030811135873218,0.4010070493454179,0.6614138786106272,0.7646779071883745
LightGBM,0.10382397679436839,0.40221550855991944,0.6603853948608737,0.7646779071883745
LightGBM,0.10454915278219959,0.40362537764350453,0.6594308481126957,0.7646779071883745
LightGBM,0.10495595882415366,0.4054380664652568,0.6587123298202358,0.7646779071883745
LightGBM,0.10566344759276947,0.4066465256797583,0.6578932055721896,0.7646779071883745
LightGBM,0.10603487919629276,0.4080563947633434,0.6574092293969106,0.7646779071883745
LightGBM,0.10644168523824685,0.4094662638469285,0.6567325581841302,0.7646779071883745
LightGBM,0.10686617849941632,0.4108761329305136,0.6561769021037674,0.7646779071883745
LightGBM,0.1072906717605858,0.41289023162134947,0.655461064234891,0.7646779071883745
LightGBM,0.10813965828292475,0.41409869083585094,0.6543740517620695,0.7646779071883745
LightGBM,0.1087410237362482,0.4163141993957704,0.653542479156548,0.7646779071883745
LightGBM,0.10911245533977149,0.4179254783484391,0.6531175809885035,0.7646779071883745
LightGBM,0.10981994410838727,0.418932527693857,0.6522654322032309,0.7646779071883745
LightGBM,0.11050974565778768,0.4201409869083585,0.6516374345735666,0.7646779071883745
LightGBM,0.11125260886483428,0.4215508559919436,0.650809564627468,0.7646779071883745
LightGBM,0.11169478934521915,0.4231621349446123,0.6503098375847032,0.7646779071883745
LightGBM,0.1122077187024656,0.4243705941591138,0.6498363756449322,0.7646779071883745
LightGBM,0.11298595634794298,0.4263846928499496,0.6489001020206219,0.7646779071883745
LightGBM,0.11356963458205101,0.42779456193353477,0.6479456491794429,0.7646779071883745
LightGBM,0.11406487672008207,0.42900302114803623,0.6472809933185326,0.7646779071883745
LightGBM,0.11544447981888288,0.43021148036253776,0.6460064208967018,0.7646779071883745
LightGBM,0.11565672644946762,0.4314199395770393,0.6456072844696344,0.7646779071883745
LightGBM,0.11597509639534473,0.43303121852970794,0.6452804673214072,0.7646779071883745
LightGBM,0.11678870847925289,0.43464249748237666,0.6442817701091986,0.7646779071883745
LightGBM,0.11751388446708408,0.4358509566968781,0.6433984184973227,0.7646779071883745
LightGBM,0.11820368601648448,0.43726082578046327,0.6425420595109472,0.7646779071883745
LightGBM,0.1188404259082387,0.43867069486404836,0.6419659462377165,0.7646779071883745
LightGBM,0.11945947858077753,0.4398791540785498,0.6412481575801269,0.7646779071883745
LightGBM,0.12046765007605505,0.4412890231621349,0.6400630861374309,0.7646779071883745
LightGBM,0.12124588772153241,0.44269889224572007,0.6392018294892617,0.7646779071883745
LightGBM,0.12190031483250204,0.44410876132930516,0.6384358114101267,0.7646779071883745
LightGBM,0.12253705472425626,0.4459214501510574,0.6376201543007629,0.7646779071883745
LightGBM,0.12303229686228731,0.4473313192346425,0.6370380029368852,0.7646779071883745
LightGBM,0.12393434504227245,0.448539778449144,0.6361107237568052,0.7646779071883745
LightGBM,0.12474795712618063,0.4501510574018127,0.6352450151697979,0.7646779071883745
LightGBM,0.1251193887297039,0.4511581067472306,0.6348141221585437,0.7646779071883745
LightGBM,0.1258799391559659,0.45236656596173214,0.6341155430656511,0.7646779071883745
LightGBM,0.1262336835402738,0.45357502517623366,0.6337859820602977,0.7646779071883745
LightGBM,0.12692348508967422,0.45498489425981875,0.6328220946071584,0.7646779071883745
LightGBM,0.12745410166613605,0.45639476334340384,0.6322791999825894,0.7646779071883745
LightGBM,0.12773709717358236,0.45780463242698893,0.6319314485575799,0.7646779071883745
LightGBM,0.1283738370653366,0.4594159113796576,0.6312861174263085,0.7646779071883745
LightGBM,0.12915207471081397,0.4606243705941591,0.6304781942246186,0.7646779071883745
LightGBM,0.13028405674059923,0.46183282980866064,0.629164670765877,0.7646779071883745
LightGBM,0.13070855000176873,0.46364551863041287,0.6286888424781686,0.7646779071883745
LightGBM,0.1314337259895999,0.4648539778449144,0.6278089748466242,0.7646779071883745
LightGBM,0.1321235275390003,0.4662638469284995,0.6270228256358146,0.7646779071883745
LightGBM,0.13343238176093955,0.4676737160120846,0.6254976760222505,0.7646779071883745
LightGBM,0.13405143443347836,0.46908358509566966,0.6247482124966542,0.7646779071883745
LightGBM,0.13470586154444797,0.4704934541792548,0.6239081577963389,0.7646779071883745
LightGBM,0.13546641197070997,0.47230614300100704,0.6229875593936246,0.7646779071883745
LightGBM,0.1360677774240334,0.47371601208459213,0.6224544388183362,0.7646779071883745
LightGBM,0.13647458346598748,0.47492447129909365,0.6221667395330349,0.7646779071883745
LightGBM,0.13725282111146486,0.4771399798590131,0.6211954175247243,0.7646779071883745
LightGBM,0.13815486929145,0.4787512588116818,0.620126211910404,0.7646779071883745
LightGBM,0.1387916091832042,0.48036253776435045,0.6193550875382158,0.7646779071883745
LightGBM,0.1395521596094662,0.48177240684793554,0.6184692748865316,0.7646779071883745
LightGBM,0.1399589656514203,0.48298086606243706,0.617933620349541,0.7646779071883745
LightGBM,0.14066645442003609,0.4841893252769386,0.6170730606046559,0.7646779071883745
LightGBM,0.14117938377728254,0.48539778449144005,0.6164335126060878,0.7646779071883745
LightGBM,0.1419929958611907,0.4874118831822759,0.6156170908666451,0.7646779071883745
LightGBM,0.14255898687608334,0.4890231621349446,0.6149238832650141,0.7646779071883745
LightGBM,0.1437263433442994,0.4906344410876133,0.6137670048886114,0.7646779071883745
LightGBM,0.14436308323605362,0.4918429003021148,0.6130137370284569,0.7646779071883745
LightGBM,0.1451059464431002,0.4936555891238671,0.6121795235319603,0.7646779071883745
LightGBM,0.14597262018465457,0.49486404833836856,0.6113519557937727,0.7646779071883745
LightGBM,0.14687466836463972,0.49667673716012084,0.6104513766742442,0.7646779071883745
LightGBM,0.1475467826948247,0.49808660624370593,0.6097238051433447,0.7646779071883745
LightGBM,0.14857264140931764,0.49929506545820745,0.6086573238351222,0.7646779071883745
LightGBM,0.14952775124694895,0.5011077542799597,0.6074800525297981,0.7646779071883745
LightGBM,0.150111429481057,0.5027190332326285,0.6067250409291717,0.7646779071883745
LightGBM,0.15060667161908806,0.5041289023162135,0.606062362472424,0.7646779071883745
LightGBM,0.1517740280873041,0.505337361530715,0.6047701708523715,0.7646779071883745
LightGBM,0.1524815168559199,0.5065458207452165,0.6040813689925415,0.7646779071883745
LightGBM,0.15375499663942835,0.507754279959718,0.6028980609254206,0.7646779071883745
LightGBM,0.15483391701156743,0.5091641490433031,0.6019389746787916,0.7646779071883745
LightGBM,0.15550603134175245,0.5109768378650554,0.6013052385784319,0.7646779071883745
LightGBM,0.1557005907531218,0.5123867069486405,0.6009707973875655,0.7646779071883745
LightGBM,0.1566733878099685,0.5139979859013092,0.599707905191324,0.7646779071883745
LightGBM,0.1581591142240617,0.5154078549848943,0.5982132590143264,0.7646779071883745
LightGBM,0.15861898192366197,0.5168177240684794,0.5978096391726362,0.7646779071883745
LightGBM,0.16001627224167816,0.5182275931520645,0.5965309767953756,0.7646779071883745
LightGBM,0.16082988432558634,0.5196374622356495,0.5957742305059067,0.7646779071883745
LightGBM,0.161307439244402,0.5214501510574018,0.5952634976847213,0.7646779071883745
LightGBM,0.16169655806714067,0.5226586102719033,0.5949171999750617,0.7646779071883745
LightGBM,0.16279316565849516,0.5240684793554884,0.5938563023062222,0.7646779071883745
LightGBM,0.16385439881141886,0.5252769385699899,0.5928977726754779,0.7646779071883745
LightGBM,0.1641020198804344,0.526686807653575,0.5926313169859702,0.7646779071883745
LightGBM,0.16507481693728113,0.5280966767371601,0.5916756320155994,0.7646779071883745
LightGBM,0.16624217340549718,0.5293051359516616,0.5906885564204647,0.7646779071883745
LightGBM,0.16686122607803602,0.5311178247734138,0.5900323142101657,0.7646779071883745
LightGBM,0.1676040892850826,0.5325276938569989,0.5891417530842621,0.7646779071883745
LightGBM,0.16811701864232906,0.5341389728096677,0.5885737282202044,0.7646779071883745
LightGBM,0.16857688634192933,0.5357502517623364,0.5881482522389443,0.7646779071883745
LightGBM,0.16953199617956066,0.5371601208459215,0.5873452370661768,0.7646779071883745
LightGBM,0.17046941879797659,0.5385699899295066,0.5863235722842269,0.7646779071883745
LightGBM,0.17128303088188476,0.5395770392749245,0.5855241070186528,0.7646779071883745
LightGBM,0.17222045350030069,0.5411883182275932,0.5845403358576083,0.7646779071883745
LightGBM,0.17305175280342425,0.5425981873111783,0.5838135955576801,0.7646779071883745
LightGBM,0.17337012274930136,0.5440080563947634,0.5834951599602629,0.7646779071883745
LightGBM,0.17436060702536346,0.5454179254783484,0.5828481389733366,0.7646779071883745
LightGBM,0.1750150341363331,0.54662638469285,0.5821834102402992,0.7646779071883745
LightGBM,0.17543952739750257,0.5478348439073515,0.5818596998079356,0.7646779071883745
LightGBM,0.17623545226219534,0.549043303121853,0.5809890108786037,0.7646779071883745
LightGBM,0.17692525381159574,0.5502517623363545,0.5803083725092874,0.7646779071883745
LightGBM,0.17768580423785774,0.551460221550856,0.5795938264447781,0.7646779071883745
LightGBM,0.17823410803353495,0.5526686807653575,0.5790071895217366,0.7646779071883745
LightGBM,0.17865860129470446,0.5542799597180262,0.5784788779607055,0.7646779071883745
LightGBM,0.1791715306519509,0.5556898288016113,0.577947183907665,0.7646779071883745
LightGBM,0.1799497682974283,0.5570996978851964,0.5771914815293384,0.7646779071883745
LightGBM,0.18099331423113657,0.5583081570996978,0.576093284938272,0.7646779071883745
LightGBM,0.18171849021896777,0.5593152064451158,0.5751798905906943,0.7646779071883745
LightGBM,0.18295659556404542,0.5605236656596173,0.5739764254515347,0.7646779071883745
LightGBM,0.1840355159361845,0.5619335347432024,0.5730199089680323,0.7646779071883745
LightGBM,0.18481375358166188,0.5631419939577039,0.5722440321047599,0.7646779071883745
LightGBM,0.18527362128126215,0.5643504531722054,0.5717955800857443,0.7646779071883745
LightGBM,0.18592804839223176,0.565558912386707,0.5710873062831758,0.7646779071883745
LightGBM,0.18672397325692455,0.5669687814702921,0.5703940766344594,0.7646779071883745
LightGBM,0.18780289362906363,0.5681772406847936,0.56929932758247,0.7646779071883745
LightGBM,0.18889950122041813,0.5693856998992951,0.5681868767365922,0.7646779071883745
LightGBM,0.18957161555060315,0.5707955689828802,0.5672620434196483,0.7646779071883745
LightGBM,0.1903498531960805,0.5720040281973817,0.5665411137355012,0.7646779071883745
LightGBM,0.19169408185645054,0.5736153071500504,0.565269520794675,0.7646779071883745
LightGBM,0.1929321872015282,0.5750251762336355,0.5641989840326178,0.7646779071883745
LightGBM,0.1939049842583749,0.5766364551863041,0.5632204727514378,0.7646779071883745
LightGBM,0.19455941136934451,0.5778449144008057,0.5628103404725086,0.7646779071883745
LightGBM,0.1956206445222682,0.5788519637462236,0.5618086103308472,0.7646779071883745
LightGBM,0.1969825604018536,0.5800604229607251,0.5606090222114236,0.7646779071883745
LightGBM,0.19827372740457747,0.5812688821752265,0.5593890760021103,0.7646779071883745
LightGBM,0.1991580883653472,0.5826787512588116,0.558457858387926,0.7646779071883745
LightGBM,0.2005553786833634,0.5838872104733132,0.5570738746682731,0.7646779071883745
LightGBM,0.20172273515157946,0.5856998992950655,0.5561404759083117,0.7646779071883745
LightGBM,0.20292546605822634,0.586908358509567,0.5548175623025228,0.7646779071883745
LightGBM,0.20398669921115004,0.5887210473313192,0.5539780429946138,0.7646779071883745
LightGBM,0.20536630230995084,0.5899295065458208,0.5526275230115842,0.7646779071883745
LightGBM,0.20625066327072059,0.5911379657603223,0.5518827205587488,0.7646779071883745
LightGBM,0.2078955746577523,0.5925478348439074,0.5501727777720913,0.7646779071883745
LightGBM,0.20909830556439918,0.594159113796576,0.5490329252616135,0.7646779071883745
LightGBM,0.20946973716792247,0.5953675730110776,0.5486163981512951,0.7646779071883745
LightGBM,0.2107432169514309,0.5969788519637462,0.5472705004205546,0.7646779071883745
LightGBM,0.21157451625455445,0.5985901309164149,0.546579100706085,0.7646779071883745
LightGBM,0.21192826063886236,0.5995971802618328,0.5461929481022868,0.7646779071883745
LightGBM,0.21272418550355512,0.6008056394763344,0.5451578611441295,0.7646779071883745
LightGBM,0.21440447132901766,0.602416918429003,0.5439510686078475,0.7646779071883745
LightGBM,0.21567795111252608,0.6038267875125881,0.5428248145809891,0.7646779071883745
LightGBM,0.2166861226078036,0.6054380664652568,0.5420159834597232,0.7646779071883745
LightGBM,0.2177473557607273,0.6066465256797583,0.5410155314480297,0.7646779071883745
LightGBM,0.21884396335208178,0.6078549848942598,0.5400143751753324,0.7646779071883745
LightGBM,0.22024125367009798,0.609667673716012,0.5387218211804881,0.7646779071883745
LightGBM,0.22135554848066788,0.61067472306143,0.5377669199011545,0.7646779071883745
LightGBM,0.22170929286497576,0.6118831822759315,0.537386360989674,0.7646779071883745
LightGBM,0.22245215607202234,0.613091641490433,0.5365605405833982,0.7646779071883745
LightGBM,0.22330114259436132,0.6143001007049346,0.5357725649017258,0.7646779071883745
LightGBM,0.22425625243199265,0.6155085599194361,0.5347447876581428,0.7646779071883745
LightGBM,0.22563585553079346,0.6173212487411883,0.5337406114954024,0.7646779071883745
LightGBM,0.22675015034136334,0.6187311178247734,0.5330250194102887,0.7646779071883745
LightGBM,0.22809437900173335,0.6199395770392749,0.5316859376967558,0.7646779071883745
LightGBM,0.22869574445505678,0.6209466263846929,0.531166569897338,0.7646779071883745
LightGBM,0.22972160316954968,0.6221550855991944,0.530449151463604,0.7646779071883745
LightGBM,0.2310658318299197,0.6239677744209466,0.5289318229800894,0.7646779071883745
LightGBM,0.23182638225618168,0.6251762336354482,0.5282673440645934,0.7646779071883745
LightGBM,0.23309986203969013,0.6263846928499497,0.5272342140737447,0.7646779071883745
LightGBM,0.23444409070006014,0.6275931520644512,0.5261842489838064,0.7646779071883745
LightGBM,0.23538151331847607,0.6288016112789526,0.5254943535559082,0.7646779071883745
LightGBM,0.2366903675404153,0.6302114803625377,0.5242166818338323,0.7646779071883745
LightGBM,0.2377339134741236,0.6316213494461229,0.52348410685771,0.7646779071883745
LightGBM,0.2384590894619548,0.6332326283987916,0.5229123899810082,0.7646779071883745
LightGBM,0.23959107149174008,0.6346424974823767,0.5220721170844137,0.7646779071883745
LightGBM,0.24040468357564823,0.6358509566968782,0.5214529906056921,0.7646779071883745
LightGBM,0.24144822950935654,0.6370594159113797,0.5204247211620585,0.7646779071883745
LightGBM,0.24277477095051117,0.6388721047331319,0.5193599494965859,0.7646779071883745
LightGBM,0.24312851533481905,0.6400805639476335,0.519100733091565,0.7646779071883745
LightGBM,0.2444373695567583,0.641289023162135,0.5179807563056513,0.7646779071883745
LightGBM,0.2457462237786975,0.6426988922457201,0.5167858750170518,0.7646779071883745
LightGBM,0.24712582687749832,0.6441087613293052,0.5156687378184669,0.7646779071883745
LightGBM,0.248275496126499,0.6455186304128903,0.5146321446436978,0.7646779071883745
LightGBM,0.24979659697902296,0.6469284994964754,0.5131172313770116,0.7646779071883745
LightGBM,0.25096395344723904,0.6483383685800604,0.5122120916818936,0.7646779071883745
LightGBM,0.25165375499663944,0.649546827794562,0.5115338102436643,0.7646779071883745
LightGBM,0.2528564859032863,0.6507552870090635,0.5105856449689958,0.7646779071883745
LightGBM,0.25411227846757933,0.6521651560926486,0.5094914573840764,0.7646779071883745
LightGBM,0.25501432664756446,0.6533736153071501,0.5089068321907092,0.7646779071883745
LightGBM,0.2559871237044112,0.6547834843907352,0.5081143327960224,0.7646779071883745
LightGBM,0.25687148466518095,0.6561933534743203,0.5073683252268991,0.7646779071883745
LightGBM,0.25844564717535107,0.6578046324269889,0.506079938839179,0.7646779071883745
LightGBM,0.2591000742863207,0.6590130916414905,0.5054007785796228,0.7646779071883745
LightGBM,0.2599313735894443,0.660221550855992,0.5046011507257077,0.7646779071883745
LightGBM,0.261487848880399,0.6612286002014098,0.5033836613926143,0.7646779071883745
LightGBM,0.2622130248682302,0.6628398791540786,0.5028224826564246,0.7646779071883745
LightGBM,0.2625313948141073,0.66404833836858,0.5023881974542403,0.7646779071883745
LightGBM,0.2653967243270013,0.6654582074521651,0.4997106238365396,0.7646779071883745
LightGBM,0.2671477590293254,0.6666666666666666,0.49832113641892706,0.7646779071883745
LightGBM,0.26838586437440304,0.6678751258811682,0.4972847035083125,0.7646779071883745
LightGBM,0.2695532208426191,0.6692849949647532,0.49635864804548757,0.7646779071883745
LightGBM,0.27089744950298916,0.6704934541792548,0.49516570051674513,0.7646779071883745
LightGBM,0.2717818104637589,0.6717019133937563,0.494524542792436,0.7646779071883745
LightGBM,0.2735682196045138,0.6729103726082578,0.4932129215268341,0.7646779071883745
LightGBM,0.27464713997665285,0.6741188318227593,0.4922111596242761,0.7646779071883745
LightGBM,0.2758675581025151,0.6753272910372609,0.49131221030067307,0.7646779071883745
LightGBM,0.27705260178994656,0.676737160120846,0.49019430259579616,0.7646779071883745
LightGBM,0.27821995825816265,0.6779456193353475,0.48924223033127967,0.7646779071883745
LightGBM,0.2790158831228554,0.6799597180261833,0.48852571163476666,0.7646779071883745
LightGBM,0.28032473734479463,0.6811681772406848,0.48759349932554474,0.7646779071883745
LightGBM,0.2822526442392727,0.6821752265861027,0.4860968923987284,0.7646779071883745
LightGBM,0.28343768792670415,0.6835850956696878,0.48507469003011516,0.7646779071883745
LightGBM,0.28387986840708906,0.6849949647532729,0.4845826189551576,0.7646779071883745
LightGBM,0.28600233471293646,0.686404833836858,0.48284136662971167,0.7646779071883745
LightGBM,0.28699281898899853,0.6876132930513595,0.48206700892453785,0.7646779071883745
LightGBM,0.2880009904842761,0.6888217522658611,0.481309430446612,0.7646779071883745
LightGBM,0.28913297251406134,0.6900302114803626,0.48048033730455375,0.7646779071883745
LightGBM,0.29019420566698506,0.691238670694864,0.47944495878350185,0.7646779071883745
LightGBM,0.2910255049701086,0.6924471299093655,0.4788474248498616,0.7646779071883745
LightGBM,0.29229898475361704,0.693655589123867,0.4780753407019,0.7646779071883745
LightGBM,0.2935724645371255,0.6950654582074521,0.4771723360900558,0.7646779071883745
LightGBM,0.29433301496338743,0.6962739174219537,0.4765780361925525,0.7646779071883745
LightGBM,0.2956949308429729,0.6974823766364552,0.47545318019744187,0.7646779071883745
LightGBM,0.2968622873111889,0.6988922457200403,0.47466131018227814,0.7646779071883745
LightGBM,0.2984010753829283,0.7003021148036254,0.47353138193937233,0.7646779071883745
LightGBM,0.2993384980013442,0.7013091641490433,0.4729048935298656,0.7646779071883745
LightGBM,0.30100109660759133,0.7027190332326284,0.47175499433317897,0.7646779071883745
LightGBM,0.3029290035020694,0.7039274924471299,0.47014118908471797,0.7646779071883745
LightGBM,0.3044854787930242,0.705337361530715,0.4690684337461334,0.7646779071883745
LightGBM,0.30513990590399376,0.7067472306143001,0.46841285134493676,0.7646779071883745
LightGBM,0.30618345183770207,0.7079556898288016,0.4675551524504547,0.7646779071883745
LightGBM,0.3077753015670876,0.7091641490433032,0.4665107273893366,0.7646779071883745
LightGBM,0.30945558739255014,0.7107754279959718,0.46515914273581405,0.7646779071883745
LightGBM,0.31076444161448935,0.7119838872104733,0.46428815110337585,0.7646779071883745
LightGBM,0.312090983055644,0.7133937562940584,0.4632263606609328,0.7646779071883745
LightGBM,0.31304609289327534,0.7148036253776435,0.462501957844756,0.7646779071883745
LightGBM,0.31442569599207615,0.7162134944612286,0.4613127911649113,0.7646779071883745
LightGBM,0.3154869291449998,0.7176233635448137,0.46050712550500356,0.7646779071883745
LightGBM,0.31647741342106195,0.7188318227593152,0.4596938273457777,0.7646779071883745
LightGBM,0.31748558491633944,0.7200402819738168,0.4589420609000911,0.7646779071883745
LightGBM,0.31824613534260143,0.7214501510574018,0.458297960764416,0.7646779071883745
LightGBM,0.3201032933602179,0.7226586102719034,0.4572361708963838,0.7646779071883745
LightGBM,0.32141214758215714,0.7240684793554885,0.4561911590582793,0.7646779071883745
LightGBM,0.32348155223035835,0.7254783484390736,0.45461051880845454,0.7646779071883745
LightGBM,0.325303335809544,0.7268882175226586,0.45340987402223304,0.7646779071883745
LightGBM,0.3277618592804839,0.7282980866062437,0.4517905486708358,0.7646779071883745
LightGBM,0.329424457886731,0.7297079556898288,0.4506051329088211,0.7646779071883745
LightGBM,0.3305210654780855,0.7309164149043303,0.4497029796091771,0.7646779071883745
LightGBM,0.3326965934415791,0.7321248741188319,0.44814124660591037,0.7646779071883745
LightGBM,0.3341469454172415,0.733534743202417,0.447137324698731,0.7646779071883745
LightGBM,0.33508436803565744,0.7351460221550856,0.44627776771373145,0.7646779071883745
LightGBM,0.3368530899571969,0.7363544813695871,0.4450138497918258,0.7646779071883745
LightGBM,0.33860412465952106,0.7375629405840887,0.4439925227469559,0.7646779071883745
LightGBM,0.3409565248151686,0.7387713997985901,0.442552726855372,0.7646779071883745
LightGBM,0.34313205277866216,0.7399798590130916,0.44099246162818756,0.7646779071883745
LightGBM,0.34486540026177087,0.7409869083585096,0.4396789124185971,0.7646779071883745
LightGBM,0.3460150695107715,0.7423967774420946,0.43859091950600665,0.7646779071883745
LightGBM,0.3468463688138951,0.7438066465256797,0.437994596116758,0.7646779071883745
LightGBM,0.34797835084368034,0.7450151057401813,0.43738911511968187,0.7646779071883745
LightGBM,0.3491457073118964,0.7462235649546828,0.43624322292880036,0.7646779071883745
LightGBM,0.35082599313735896,0.7474320241691843,0.43517384804989584,0.7646779071883745
LightGBM,0.3520110368247904,0.7486404833836858,0.43432198729340443,0.7646779071883745
LightGBM,0.3541688775690686,0.7500503524672709,0.4325370002536429,0.7646779071883745
LightGBM,0.3575648236584244,0.7510574018126889,0.43014702605888994,0.7646779071883745
LightGBM,0.35905055007251757,0.7522658610271903,0.42916706194399357,0.7646779071883745
LightGBM,0.3616151968587499,0.7534743202416918,0.4272812036438904,0.7646779071883745
LightGBM,0.3636846015069511,0.7546827794561933,0.42580958641711747,0.7646779071883745
LightGBM,0.3666914287735682,0.7558912386706949,0.4237875381021064,0.7646779071883745
LightGBM,0.36893770561392336,0.75730110775428,0.4222718473697974,0.7646779071883745
LightGBM,0.37045880646644735,0.7585095669687815,0.42139621942529637,0.7646779071883745
LightGBM,0.37183840956524816,0.7599194360523666,0.4204342263009598,0.7646779071883745
LightGBM,0.3730057660334642,0.7611278952668681,0.41965078326334304,0.7646779071883745
LightGBM,0.3745445541052036,0.7623363544813696,0.4185022226984903,0.7646779071883745
LightGBM,0.3768085181647741,0.7635448136958711,0.4170607517606256,0.7646779071883745
LightGBM,0.37951466270472956,0.7647532729103727,0.4152407292164501,0.7646779071883745
LightGBM,0.38054052141922246,0.7661631419939577,0.4144860986921036,0.7646779071883745
LightGBM,0.3821677455870388,0.7673716012084593,0.4133206990796016,0.7646779071883745
LightGBM,0.3833881637129011,0.7687814702920444,0.41218619051229394,0.7646779071883745
LightGBM,0.3855283172379638,0.7697885196374622,0.41091669895814703,0.7646779071883745
LightGBM,0.3877392196398882,0.7711983887210473,0.4092040812252255,0.7646779071883745
LightGBM,0.39003855813788957,0.7724068479355488,0.40772724838140983,0.7646779071883745
LightGBM,0.3908875446602285,0.7736153071500503,0.4070591196880565,0.7646779071883745
LightGBM,0.39173653118256746,0.7748237663645519,0.40658125114736837,0.7646779071883745
LightGBM,0.39435423962644595,0.7760322255790534,0.4048716626248581,0.7646779071883745
LightGBM,0.39681276309738583,0.7772406847935549,0.4032300915506038,0.7646779071883745
LightGBM,0.3983692383883406,0.7788519637462236,0.40231771030268176,0.7646779071883745
LightGBM,0.39923591212989495,0.7798590130916415,0.4018278526118961,0.7646779071883745
LightGBM,0.40142912731260394,0.781067472306143,0.40019333933987317,0.7646779071883745
LightGBM,0.4031094131380664,0.7822759315206446,0.39926612154479013,0.7646779071883745
LightGBM,0.4043475184831441,0.7836858006042297,0.39836068881315806,0.7646779071883745
LightGBM,0.4077788390109307,0.7848942598187311,0.3961646330017598,0.7646779071883745
LightGBM,0.40944143761717783,0.7861027190332326,0.394778257510255,0.7646779071883745
LightGBM,0.4127135731720259,0.7873111782477341,0.392723445960106,0.7646779071883745
LightGBM,0.41391630407867275,0.7887210473313192,0.392086622252495,0.7646779071883745
LightGBM,0.41674625915313596,0.7897280966767372,0.39023513708846225,0.7646779071883745
LightGBM,0.4196823375428915,0.7909365558912387,0.3883588233273841,0.7646779071883745
LightGBM,0.4210973150801231,0.7921450151057402,0.38745370348613795,0.7646779071883745
LightGBM,0.42155718277972337,0.7933534743202417,0.3871511391977692,0.7646779071883745
LightGBM,0.4234850896742014,0.7947633434038268,0.3858984223330016,0.7646779071883745
LightGBM,0.425749053733772,0.7959718026183283,0.3843194413802786,0.7646779071883745
LightGBM,0.42792458169726555,0.7971802618328299,0.3829186667631398,0.7646779071883745
LightGBM,0.4295518058650819,0.7981873111782477,0.38183429069802893,0.7646779071883745
LightGBM,0.4312851533481906,0.7995971802618328,0.38097062800984943,0.7646779071883745
LightGBM,0.4330008136120839,0.8008056394763343,0.37980724458613124,0.7646779071883745
LightGBM,0.43611376419399345,0.802416918429003,0.37791129286149394,0.7646779071883745
LightGBM,0.436768191304963,0.8036253776435045,0.3773971507735199,0.7646779071883745
LightGBM,0.4381831688421946,0.8050352467270896,0.3764104199802663,0.7646779071883745
LightGBM,0.4397042696947186,0.8064451158106747,0.37543080352717345,0.7646779071883745
LightGBM,0.44331246241465916,0.8076535750251762,0.3732109647695317,0.7646779071883745
LightGBM,0.4453464926244296,0.8086606243705942,0.3721614217185653,0.7646779071883745
LightGBM,0.44872475149457003,0.8098690835850957,0.37054706918582814,0.7646779071883745
LightGBM,0.4498036718667091,0.8110775427995972,0.36989133329190255,0.7646779071883745
LightGBM,0.45212069758392587,0.8122860020140987,0.3685708617248433,0.7646779071883745
LightGBM,0.45493296543917366,0.8136958710976838,0.36706639462240265,0.7646779071883745
LightGBM,0.4600268845732074,0.8149043303121853,0.36404115233674883,0.7646779071883745
LightGBM,0.46172485761788534,0.8163141993957704,0.363058304175669,0.7646779071883745
LightGBM,0.46372351338922496,0.817522658610272,0.36179931875049715,0.7646779071883745
LightGBM,0.46619972407938026,0.8185297079556898,0.3603230455120163,0.7646779071883745
LightGBM,0.4688881814001203,0.8199395770392749,0.35870213050315064,0.7646779071883745
LightGBM,0.4704623439102904,0.8211480362537764,0.3577857892198454,0.7646779071883745
LightGBM,0.4711698326789062,0.8223564954682779,0.35739293350777657,0.7646779071883745
LightGBM,0.4743358449184619,0.8235649546827795,0.3558177184611941,0.7646779071883745
LightGBM,0.4759100074286321,0.824773413897281,0.3549708084425843,0.7646779071883745
LightGBM,0.4796773851215112,0.8259818731117825,0.352638231691211,0.7646779071883745
LightGBM,0.48121617319325055,0.8269889224572003,0.351723190711578,0.7646779071883745
LightGBM,0.4833917011567441,0.8281973816717019,0.35029911545129166,0.7646779071883745
LightGBM,0.48595634794297643,0.8298086606243706,0.3488379570830142,0.7646779071883745
LightGBM,0.4871060171919771,0.831017119838872,0.34829455851087654,0.7646779071883745
LightGBM,0.4884148714139163,0.8322255790533736,0.3474007277831618,0.7646779071883745
LightGBM,0.49097951820014857,0.8334340382678751,0.345891725965378,0.7646779071883745
LightGBM,0.49280130177933423,0.8348439073514602,0.34473740943890746,0.7646779071883745
LightGBM,0.49490608086596627,0.8360523665659617,0.3434184113661581,0.7646779071883745
LightGBM,0.4967101772259365,0.8370594159113797,0.34241150618557514,0.7646779071883745
LightGBM,0.4979305953517988,0.8382678751258812,0.3416570389206253,0.7646779071883745
LightGBM,0.5006013654533235,0.8394763343403827,0.340212096302793,0.7646779071883745
LightGBM,0.5018040963599703,0.8408862034239678,0.3393704955462854,0.7646779071883745
LightGBM,0.5031306378011249,0.8422960725075529,0.3383331760415934,0.7646779071883745
LightGBM,0.5047401747497259,0.8435045317220544,0.3375099496029834,0.7646779071883745
LightGBM,0.507251759878312,0.8447129909365559,0.33596203773748895,0.7646779071883745
LightGBM,0.5107538292829601,0.8457200402819738,0.33401047189186245,0.7646779071883745
LightGBM,0.5123810534507764,0.8471299093655589,0.3329715956893568,0.7646779071883745
LightGBM,0.5159715589515016,0.8483383685800604,0.3310136319917358,0.7646779071883745
LightGBM,0.5189253245604726,0.8495468277945619,0.329447856082129,0.7646779071883745
LightGBM,0.5205348615090736,0.8507552870090634,0.32833992852989724,0.7646779071883745
LightGBM,0.5240546181329372,0.8521651560926485,0.3263111087276341,0.7646779071883745
LightGBM,0.5255049701085995,0.8533736153071501,0.32545320246411374,0.7646779071883745
LightGBM,0.5269906965226927,0.8545820745216516,0.3246034083209048,0.7646779071883745
LightGBM,0.5288478545403091,0.8555891238670695,0.3236728840017513,0.7646779071883745
LightGBM,0.532066928437511,0.856797583081571,0.32177245101299234,0.7646779071883745
LightGBM,0.5333227210018041,0.8580060422960725,0.32110841071936175,0.7646779071883745
LightGBM,0.5376207152711451,0.859214501510574,0.31878895817929254,0.7646779071883745
LightGBM,0.5396193710424847,0.8604229607250755,0.3177380733971662,0.7646779071883745
LightGBM,0.5427853832820404,0.861631419939577,0.3162483876557995,0.7646779071883745
LightGBM,0.5441296119424104,0.8628398791540786,0.31552570008005215,0.7646779071883745
LightGBM,0.54612826771375,0.8640483383685801,0.31447878217571296,0.7646779071883745
LightGBM,0.5485514167462592,0.865055387713998,0.3129607479660421,0.7646779071883745
LightGBM,0.5507269447097527,0.8664652567975831,0.3117618333724046,0.7646779071883745
LightGBM,0.5521065478085535,0.8676737160120845,0.31117601806029477,0.7646779071883745
LightGBM,0.5550249389790937,0.8688821752265861,0.30961096723733283,0.7646779071883745
LightGBM,0.5571474052849411,0.8702920443101712,0.3083839397929338,0.7646779071883745
LightGBM,0.5594644310021578,0.8719033232628399,0.30694937312829895,0.7646779071883745
LightGBM,0.5613039018005589,0.8731117824773413,0.3058973853867642,0.7646779071883745
LightGBM,0.5628073154338675,0.8741188318227593,0.305129432711338,0.7646779071883745
LightGBM,0.5648413456436379,0.8753272910372608,0.3039284764692408,0.7646779071883745
LightGBM,0.5679189217871167,0.8767371601208459,0.30221928078613813,0.7646779071883745
LightGBM,0.5706073791078566,0.8779456193353474,0.3008324979316672,0.7646779071883745
LightGBM,0.5722876649333192,0.879154078549849,0.2999754004614958,0.7646779071883745
LightGBM,0.5738264530050585,0.8803625377643505,0.29914165861069913,0.7646779071883745
LightGBM,0.5769924652446142,0.881570996978852,0.29737243021522813,0.7646779071883745
LightGBM,0.5824401287629559,0.8827794561933535,0.29446207346046405,0.7646779071883745
LightGBM,0.5856945770985885,0.8837865055387714,0.29265315398189706,0.7646779071883745
LightGBM,0.5882769111040362,0.8849949647532729,0.29128168456069176,0.7646779071883745
LightGBM,0.5909476812055608,0.886404833836858,0.28980833170458076,0.7646779071883745
LightGBM,0.5933000813612084,0.8878147029204431,0.2885307888511018,0.7646779071883745
LightGBM,0.5977926350419187,0.8890231621349446,0.28621751849900834,0.7646779071883745
LightGBM,0.5994375464289504,0.8902316213494461,0.28530119276436117,0.7646779071883745
LightGBM,0.6012593300081361,0.8914400805639476,0.28447333731214974,0.7646779071883745
LightGBM,0.604566840001415,0.8926485397784492,0.28279035646339196,0.7646779071883745
LightGBM,0.6071314867876473,0.8936555891238671,0.2813552632814489,0.7646779071883745
LightGBM,0.6096961335738795,0.8948640483383686,0.2799663344547111,0.7646779071883745
LightGBM,0.6134458240475432,0.89607250755287,0.27789043304623096,0.7646779071883745
LightGBM,0.6142240616930206,0.8974823766364551,0.277384409489077,0.7646779071883745
LightGBM,0.617779192755315,0.8986908358509567,0.2755948969947401,0.7646779071883745
LightGBM,0.6217588170787789,0.8998992950654582,0.2736591819487184,0.7646779071883745
LightGBM,0.6241642788920726,0.9013091641490433,0.27248358542479245,0.7646779071883745
LightGBM,0.626198309101843,0.9023162134944612,0.2712806853875247,0.7646779071883745
LightGBM,0.6300010612331529,0.9035246727089628,0.2692959249877324,0.7646779071883745
LightGBM,0.6332908840072163,0.9047331319234643,0.2676261202818456,0.7646779071883745
LightGBM,0.6370582617000955,0.9059415911379658,0.26573168845027645,0.7646779071883745
LightGBM,0.6389684813753582,0.9073514602215509,0.26476701152721366,0.7646779071883745
LightGBM,0.6424351763415755,0.9085599194360524,0.26319361319310663,0.7646779071883745
LightGBM,0.6447345148395769,0.9097683786505538,0.26198831897134695,0.7646779071883745
LightGBM,0.6479005270791326,0.9109768378650553,0.2603425970768942,0.7646779071883745
LightGBM,0.650783543811242,0.9119838872104733,0.2587552078080381,0.7646779071883745
LightGBM,0.6554352824648909,0.9131923464249748,0.2563479849440085,0.7646779071883745
LightGBM,0.6587604796773852,0.9146022155085599,0.25447616693771963,0.7646779071883745
LightGBM,0.6608652587640171,0.9162134944612286,0.2533127690870573,0.7646779071883745
LightGBM,0.6634829672078956,0.9174219536757301,0.2520313892730929,0.7646779071883745
LightGBM,0.6666843538858821,0.9186304128902316,0.25043330640710043,0.7646779071883745
LightGBM,0.671159220347377,0.9202416918429003,0.2483141208246049,0.7646779071883745
LightGBM,0.6728571933920549,0.9214501510574018,0.2475071166322638,0.7646779071883745
LightGBM,0.6754218401782872,0.9224572004028198,0.24612097229241517,0.7646779071883745
LightGBM,0.6781633591566734,0.9236656596173213,0.24478832830948405,0.7646779071883745
LightGBM,0.6813647458346599,0.9248741188318228,0.24307057700586213,0.7646779071883745
LightGBM,0.6830980933177686,0.9260825780463243,0.24214106363276858,0.7646779071883745
LightGBM,0.686299479995755,0.9272910372608257,0.24053664513091932,0.7646779071883745
LightGBM,0.6881212635749407,0.9287009063444108,0.23954581022686866,0.7646779071883745
LightGBM,0.6917117690756659,0.9299093655589123,0.23747458171118857,0.7646779071883745
LightGBM,0.6931267466128975,0.9309164149043303,0.23666445518574056,0.7646779071883745
LightGBM,0.6942941030811136,0.9321248741188318,0.23604250561806606,0.7646779071883745
LightGBM,0.6967880009904843,0.9333333333333333,0.23470687856087014,0.7646779071883745
LightGBM,0.6987866567618239,0.934944612286002,0.2335938489426773,0.7646779071883745
LightGBM,0.7010152463829636,0.9361530715005035,0.23247891460095435,0.7646779071883745
LightGBM,0.7040928225264423,0.937361530715005,0.23105316759313707,0.7646779071883745
LightGBM,0.706179914393859,0.9387713997985901,0.23009446826210578,0.7646779071883745
LightGBM,0.712317379461601,0.9399798590130917,0.22691991381341556,0.7646779071883745
LightGBM,0.7183840956524815,0.9409869083585096,0.22386513022656718,0.7646779071883745
LightGBM,0.7222399094414376,0.942195367573011,0.22199635872338527,0.7646779071883745
LightGBM,0.7262018465456861,0.9434038267875126,0.22012433110133633,0.7646779071883745
LightGBM,0.7285365594821183,0.9446122860020141,0.2190187258663519,0.7646779071883745
LightGBM,0.7305352152534579,0.9458207452165156,0.21808648182618628,0.7646779071883745
LightGBM,0.7340549718773215,0.9472306143001007,0.21631777419174417,0.7646779071883745
LightGBM,0.7387597721886165,0.9484390735146022,0.21391392444146903,0.7646779071883745
LightGBM,0.742367964908557,0.9494461228600202,0.21214474971458827,0.7646779071883745
LightGBM,0.7473203862888677,0.9506545820745217,0.20956522360283283,0.7646779071883745
LightGBM,0.7504510240899925,0.9518630412890232,0.2078592495561199,0.7646779071883745
LightGBM,0.7542184017828717,0.9530715005035246,0.20596856039165432,0.7646779071883745
LightGBM,0.7558810003891189,0.9542799597180261,0.20525154894572975,0.7646779071883745
LightGBM,0.7583572110792741,0.9554884189325277,0.20396477002326008,0.7646779071883745
LightGBM,0.7626728925678304,0.9566968781470292,0.20163786814980372,0.7646779071883745
LightGBM,0.7669355123987407,0.9579053373615307,0.19958943460976036,0.7646779071883745
LightGBM,0.7765927340903463,0.9589123867069487,0.1952705815190621,0.7646779071883745
LightGBM,0.7812798471824259,0.9601208459214502,0.19312035050908224,0.7646779071883745
LightGBM,0.7839859917223814,0.9613293051359516,0.19183024117025502,0.7646779071883745
LightGBM,0.7877179949768297,0.9625377643504531,0.190089025440701,0.7646779071883745
LightGBM,0.7942799533057413,0.9637462235649547,0.18676884216559825,0.7646779071883745
LightGBM,0.7981534543139127,0.9649546827794562,0.18508389192554645,0.7646779071883745
LightGBM,0.8040963599702855,0.9661631419939577,0.18204466760087704,0.7646779071883745
LightGBM,0.8076514910325798,0.9673716012084592,0.18053777967452755,0.7646779071883745
LightGBM,0.8113834942870282,0.9683786505538772,0.17872522154897075,0.7646779071883745
LightGBM,0.8147617531571686,0.9697885196374623,0.17692694606429463,0.7646779071883745
LightGBM,0.819165870741802,0.9709969788519638,0.17499978424041684,0.7646779071883745
LightGBM,0.8238529838338816,0.9722054380664653,0.17251553176178253,0.7646779071883745
LightGBM,0.8293890834483003,0.9736153071500504,0.1697874633989106,0.7646779071883745
LightGBM,0.8349251830627189,0.9748237663645518,0.16668715342130397,0.7646779071883745
LightGBM,0.8419470090912307,0.9760322255790533,0.16275809238609876,0.7646779071883745
LightGBM,0.8462450033605716,0.9770392749244713,0.16064631377265945,0.7646779071883745
LightGBM,0.8538681948424068,0.9782477341389728,0.15683302358363926,0.7646779071883745
LightGBM,0.8611199547207188,0.9794561933534743,0.15258219157213052,0.7646779071883745
LightGBM,0.8675227280766917,0.9806646525679759,0.1494077172114904,0.7646779071883745
LightGBM,0.8765962715341894,0.9818731117824774,0.1448148739349613,0.7646779071883745
LightGBM,0.8861473699105027,0.9830815709969789,0.13992267252181093,0.7646779071883745
LightGBM,0.8913827867982596,0.984491440080564,0.13690406703403207,0.7646779071883745
LightGBM,0.9009161979553575,0.9856998992950654,0.13125651427891402,0.7646779071883745
LightGBM,0.9064169231313453,0.9869083585095669,0.1280957432828978,0.7646779071883745
LightGBM,0.910343485797163,0.9881168177240685,0.12560492736009818,0.7646779071883745
LightGBM,0.9143584845590577,0.98932527693857,0.12329374793863085,0.7646779071883745
LightGBM,0.9250061905267254,0.9905337361530715,0.11639435161333586,0.7646779071883745
LightGBM,0.9313735894442676,0.991742195367573,0.11236114964552298,0.7646779071883745
LightGBM,0.93685662740104,0.9929506545820745,0.10875612936858714,0.7646779071883745
LightGBM,0.945364179843645,0.9941591137965761,0.10255860153968546,0.7646779071883745
LightGBM,0.9535533623403728,0.9953675730110776,0.09635752577969114,0.7646779071883745
LightGBM,0.9631044607166861,0.9963746223564954,0.08855337919787437,0.7646779071883745
LightGBM,0.9757861968941243,0.997583081570997,0.07645509243030717,0.7646779071883745
LightGBM,0.9846828681594679,0.9987915407854985,0.06570258628418255,0.7646779071883745
LightGBM,1.0,1.0,0.012223905244188822,0.7646779071883745
CatBoost,0.0,0.0,inf,0.7653651473861905
CatBoost,0.00012381053450776468,0.0032225579053373615,0.9310995097266059,0.7653651473861905
CatBoost,0.00033605716509250413,0.006243705941591138,0.9229699848446727,0.7653651473861905
CatBoost,0.0004775549188156638,0.0094662638469285,0.9179224884776072,0.7653651473861905
CatBoost,0.0006190526725388235,0.013293051359516616,0.9131830292566954,0.7653651473861905
CatBoost,0.0007428632070465882,0.01732124874118832,0.909338177332863,0.7653651473861905
CatBoost,0.0008843609607697478,0.02054380664652568,0.9051696629041037,0.7653651473861905
CatBoost,0.0010966075913544872,0.022155085599194362,0.9019613752189353,0.7653651473861905
CatBoost,0.0013796030988008066,0.02416918429003021,0.8963899473207961,0.7653651473861905
CatBoost,0.0017510347023241006,0.027190332326283987,0.8923038797848167,0.7653651473861905
CatBoost,0.0019455941136934452,0.03001007049345418,0.8885100393648918,0.7653651473861905
CatBoost,0.0021755279634935796,0.032225579053373615,0.8863711633457354,0.7653651473861905
CatBoost,0.002334712936432134,0.035246727089627394,0.884068826517225,0.7653651473861905
CatBoost,0.0025646467862322684,0.036656596173212486,0.88296977965069,0.7653651473861905
CatBoost,0.0028653295128939827,0.038066465256797584,0.8808778635584591,0.7653651473861905
CatBoost,0.003201386677986487,0.04068479355488419,0.8777107169214993,0.7653651473861905
CatBoost,0.0034136333085712264,0.0418932527693857,0.8762747845210146,0.7653651473861905
CatBoost,0.003625879939155966,0.04511581067472306,0.8744099083933387,0.7653651473861905
CatBoost,0.0038381265697407054,0.047532729103726086,0.872607721257253,0.7653651473861905
CatBoost,0.00403268598111005,0.049949647532729104,0.8702341269097894,0.7653651473861905
CatBoost,0.004262619830910184,0.051560926485397784,0.8686537787620047,0.7653651473861905
CatBoost,0.004474866461494924,0.054380664652567974,0.866504182610385,0.7653651473861905
CatBoost,0.004722487530510453,0.05639476334340383,0.8632278670009127,0.7653651473861905
CatBoost,0.005058544695602957,0.057804632426988925,0.8609933690028799,0.7653651473861905
CatBoost,0.005288478545403092,0.059214501510574016,0.8598462085795555,0.7653651473861905
CatBoost,0.005553786833634016,0.06022155085599194,0.8585811683920523,0.7653651473861905
CatBoost,0.005836782341080335,0.06163141993957704,0.8569573472957078,0.7653651473861905
CatBoost,0.00606671619088047,0.06384692849949647,0.8556353578653292,0.7653651473861905
CatBoost,0.006278962821465209,0.06646525679758308,0.8537489235668602,0.7653651473861905
CatBoost,0.0065796455481269235,0.0688821752265861,0.8519165676317504,0.7653651473861905
CatBoost,0.006986451590081008,0.07069486404833837,0.8503060810099415,0.7653651473861905
CatBoost,0.007216385439881142,0.07391742195367573,0.8480359104786573,0.7653651473861905
CatBoost,0.0074286320704658815,0.07613293051359517,0.8471253205109188,0.7653651473861905
CatBoost,0.007587817043404436,0.07754279959718026,0.8460187456867855,0.7653651473861905
CatBoost,0.0077116275779122,0.07895266868076536,0.8453700743655271,0.7653651473861905
CatBoost,0.007835438112419966,0.08056394763343404,0.8439535045350115,0.7653651473861905
CatBoost,0.008295305812020233,0.08298086606243706,0.8419744556175969,0.7653651473861905
CatBoost,0.008489865223389579,0.08418932527693856,0.8410507195998133,0.7653651473861905
CatBoost,0.008772860730835897,0.08519637462235649,0.8401320263887866,0.7653651473861905
CatBoost,0.008985107361420637,0.08680765357502518,0.839080487997427,0.7653651473861905
CatBoost,0.009356538964943931,0.08982880161127896,0.8372114890633108,0.7653651473861905
CatBoost,0.00963953447239025,0.09123867069486405,0.83615023836627,0.7653651473861905
CatBoost,0.00988715554140578,0.0932527693856999,0.8343915075860583,0.7653651473861905
CatBoost,0.01006402773355973,0.09627391742195368,0.8334395003994987,0.7653651473861905
CatBoost,0.010258587144929074,0.09788519637462235,0.8322384673132461,0.7653651473861905
CatBoost,0.010736142063744738,0.10010070493454179,0.8306941936798311,0.7653651473861905
CatBoost,0.011036824790406453,0.10171198388721048,0.8296937400784157,0.7653651473861905
CatBoost,0.011372881955498956,0.10352467270896273,0.8281783574885417,0.7653651473861905
CatBoost,0.01167356468216067,0.105337361530715,0.8267174518240914,0.7653651473861905
CatBoost,0.011938872970391595,0.10715005035246727,0.8253922655949525,0.7653651473861905
CatBoost,0.012080370724114754,0.10876132930513595,0.8245872376439572,0.7653651473861905
CatBoost,0.012363366231561075,0.11137965760322256,0.8231274069737282,0.7653651473861905
CatBoost,0.012593300081361208,0.11278952668680765,0.8219634285581858,0.7653651473861905
CatBoost,0.012929357246453712,0.11540785498489425,0.8202482495679327,0.7653651473861905
CatBoost,0.013176978315469242,0.11722054380664652,0.8193357166672104,0.7653651473861905
CatBoost,0.0136722204535003,0.11842900302114803,0.8178771737074679,0.7653651473861905
CatBoost,0.014008277618592805,0.12084592145015106,0.8167123155865358,0.7653651473861905
CatBoost,0.014291273126039124,0.12265861027190332,0.8156950526823582,0.7653651473861905
CatBoost,0.014538894195054653,0.12487411883182276,0.8145910526662562,0.7653651473861905
CatBoost,0.014857264140931763,0.12628398791540785,0.8135340460663348,0.7653651473861905
CatBoost,0.015175634086808871,0.12870090634441086,0.8125636689224629,0.7653651473861905
CatBoost,0.0154232551558244,0.13131923464249748,0.811708446162226,0.7653651473861905
CatBoost,0.01567087622483993,0.13293051359516617,0.8108414633490315,0.7653651473861905
CatBoost,0.015830061197778484,0.13454179254783485,0.8099809973751397,0.7653651473861905
CatBoost,0.016042307828363224,0.1363544813695871,0.8091327752565733,0.7653651473861905
CatBoost,0.01637836499345573,0.13756294058408863,0.8082020233551405,0.7653651473861905
CatBoost,0.016572924404825072,0.1393756294058409,0.8070027975360846,0.7653651473861905
CatBoost,0.016785171035409812,0.14078549848942598,0.8057391553338711,0.7653651473861905
CatBoost,0.017262725954225476,0.14219536757301107,0.8046659662123965,0.7653651473861905
CatBoost,0.017722593653825745,0.14380664652567976,0.803116516964185,0.7653651473861905
CatBoost,0.017934840284410485,0.14521651560926485,0.8024529724491509,0.7653651473861905
CatBoost,0.018306271887933778,0.1486404833836858,0.8010993479529795,0.7653651473861905
CatBoost,0.018642329053026284,0.15025176233635448,0.7995657566016222,0.7653651473861905
CatBoost,0.019102196752626553,0.15186304128902317,0.7981535631640753,0.7653651473861905
CatBoost,0.01942056669850366,0.15307150050352467,0.7971965999474084,0.7653651473861905
CatBoost,0.019615126109873007,0.1542799597180262,0.7967594931663647,0.7653651473861905
CatBoost,0.02005730659025788,0.15629405840886204,0.7956867641691319,0.7653651473861905
CatBoost,0.020446425412996568,0.15790533736153073,0.7949115172524334,0.7653651473861905
CatBoost,0.021153914181612367,0.16052366565961732,0.7933870368815218,0.7653651473861905
CatBoost,0.021543033004351057,0.162134944612286,0.7921889755956272,0.7653651473861905
CatBoost,0.0217375924157204,0.1637462235649547,0.7913479784203644,0.7653651473861905
CatBoost,0.02219746011532067,0.16576032225579054,0.7900977482482373,0.7653651473861905
CatBoost,0.022816512787859494,0.1675730110775428,0.7885654856136952,0.7653651473861905
CatBoost,0.023187944391382786,0.1689828801611279,0.7876450821577851,0.7653651473861905
CatBoost,0.023541688775690687,0.17059415911379658,0.7866573197002841,0.7653651473861905
CatBoost,0.02377162262549082,0.17180261832829807,0.785837735352878,0.7653651473861905
CatBoost,0.024107679790583324,0.1730110775427996,0.784912370870833,0.7653651473861905
CatBoost,0.024443736955675827,0.17421953675730112,0.7839122519017612,0.7653651473861905
CatBoost,0.024744419682337544,0.17583081570996978,0.7830383505035763,0.7653651473861905
CatBoost,0.024992040751353074,0.1770392749244713,0.7825245949905761,0.7653651473861905
CatBoost,0.02569952951996887,0.1784491440080564,0.7811317895665408,0.7653651473861905
CatBoost,0.02601789946584598,0.17965760322255792,0.7801702532975338,0.7653651473861905
CatBoost,0.02623014609643072,0.181067472306143,0.7794802619264323,0.7653651473861905
CatBoost,0.026778449892107963,0.1826787512588117,0.778526755248091,0.7653651473861905
CatBoost,0.02716756871484665,0.18429003021148035,0.7772337983984696,0.7653651473861905
CatBoost,0.027574374756800735,0.1863041289023162,0.7761810030304374,0.7653651473861905
CatBoost,0.02783968304503166,0.18831822759315206,0.775301210901975,0.7653651473861905
CatBoost,0.02819342742933956,0.18992950654582075,0.7744888332108978,0.7653651473861905
CatBoost,0.02868866956737062,0.19154078549848944,0.7737246344034311,0.7653651473861905
CatBoost,0.0290954756093247,0.1933534743202417,0.7726577427432223,0.7653651473861905
CatBoost,0.029449219993632602,0.19496475327291038,0.772064896327937,0.7653651473861905
CatBoost,0.02976758993950971,0.19617321248741187,0.771302927358719,0.7653651473861905
CatBoost,0.030103647104602213,0.19798590130916416,0.7703687523425108,0.7653651473861905
CatBoost,0.03043970426969472,0.2,0.7694727203984573,0.7653651473861905
CatBoost,0.030864197530864196,0.2012084592145015,0.7687113120814514,0.7653651473861905
CatBoost,0.031129505819095123,0.2026183282980866,0.7680556302557832,0.7653651473861905
CatBoost,0.0315539990802646,0.20503524672708962,0.7669651759751289,0.7653651473861905
CatBoost,0.03187236902614171,0.2066465256797583,0.7661479424326606,0.7653651473861905
CatBoost,0.03275672998691146,0.208257804632427,0.7644490971197262,0.7653651473861905
CatBoost,0.03358802929003502,0.20966767371601208,0.7630272455030285,0.7653651473861905
CatBoost,0.033888712016696736,0.21127895266868077,0.762177198340752,0.7653651473861905
CatBoost,0.03447239025080477,0.21268882175226586,0.7608489466009303,0.7653651473861905
CatBoost,0.03464926244295872,0.2136958710976838,0.7606219776960086,0.7653651473861905
CatBoost,0.0350560684849128,0.21530715005035247,0.7595004662764747,0.7653651473861905
CatBoost,0.035321376773143724,0.21671701913393757,0.7588558861449696,0.7653651473861905
CatBoost,0.03590505500725176,0.21812688821752266,0.7578443518212769,0.7653651473861905
CatBoost,0.03632954826842124,0.21973816717019135,0.7571855431233644,0.7653651473861905
CatBoost,0.03666560543351374,0.22215508559919436,0.7562379435842408,0.7653651473861905
CatBoost,0.03732003254448336,0.22376636455186305,0.7551248386148325,0.7653651473861905
CatBoost,0.03779758746329902,0.22517623363544814,0.7537502655247702,0.7653651473861905
CatBoost,0.037956772436237574,0.22678751258811683,0.7532996967118676,0.7653651473861905
CatBoost,0.03815133184760692,0.2283987915407855,0.752822560358704,0.7653651473861905
CatBoost,0.039124128904453645,0.23001007049345418,0.7509666052163363,0.7653651473861905
CatBoost,0.03944249885033075,0.23141993957703927,0.750355083610591,0.7653651473861905
CatBoost,0.04018536205737734,0.23282980866062436,0.7491217332971217,0.7653651473861905
CatBoost,0.04062754253776221,0.23403826787512588,0.7483417034094767,0.7653651473861905
CatBoost,0.041370405744808804,0.23585095669687814,0.7467464125344927,0.7653651473861905
CatBoost,0.041777211786762886,0.23726082578046323,0.7460246027842405,0.7653651473861905
CatBoost,0.042237079486363155,0.23867069486404835,0.744981438601654,0.7653651473861905
CatBoost,0.04255544943224027,0.2404833836858006,0.744229286419315,0.7653651473861905
CatBoost,0.04299762991262514,0.24169184290030213,0.7433905929145481,0.7653651473861905
CatBoost,0.04331599985850225,0.24290030211480362,0.7429643907381557,0.7653651473861905
CatBoost,0.04379355477731791,0.24431017119838871,0.7422810107401508,0.7653651473861905
CatBoost,0.044447981888287524,0.2459214501510574,0.740628446214438,0.7653651473861905
CatBoost,0.044872475149457004,0.24712990936555893,0.7399962718211344,0.7653651473861905
CatBoost,0.04510240899925714,0.24934541792547835,0.7393756038661283,0.7653651473861905
CatBoost,0.0459337083023807,0.2511581067472306,0.737611810107688,0.7653651473861905
CatBoost,0.04625207824825781,0.2525679758308157,0.7370239410572111,0.7653651473861905
CatBoost,0.04687113092079663,0.2537764350453172,0.7354320657157967,0.7653651473861905
CatBoost,0.04743712193568927,0.25498489425981874,0.7345352350560626,0.7653651473861905
CatBoost,0.04812692348508967,0.256797583081571,0.7334325997426305,0.7653651473861905
CatBoost,0.04853372952704376,0.2580060422960725,0.7323392987079916,0.7653651473861905
CatBoost,0.04904665888429021,0.2594159113796576,0.7310783838626571,0.7653651473861905
CatBoost,0.049771834872121404,0.2606243705941591,0.7302283460899541,0.7653651473861905
CatBoost,0.05033782588701404,0.2620342396777442,0.7291353422992644,0.7653651473861905
CatBoost,0.05076231914818352,0.2634441087613293,0.7283914419975003,0.7653651473861905
CatBoost,0.05122218684778379,0.2648539778449144,0.7277556763703801,0.7653651473861905
CatBoost,0.051416746259153136,0.26686807653575023,0.7272342870612343,0.7653651473861905
CatBoost,0.05185892673953801,0.2688821752265861,0.7264389762592341,0.7653651473861905
CatBoost,0.05219498390463052,0.2700906344410876,0.7258210166835075,0.7653651473861905
CatBoost,0.05307934486540026,0.27129909365558913,0.724423355257368,0.7653651473861905
CatBoost,0.05352152534578514,0.2737160120845921,0.7235836723956144,0.7653651473861905
CatBoost,0.05419363967597014,0.27512588116817727,0.7225403045116047,0.7653651473861905
CatBoost,0.05488344122537055,0.2769385699899295,0.7215090296920625,0.7653651473861905
CatBoost,0.05532562170575542,0.2783484390735146,0.7208438256110679,0.7653651473861905
CatBoost,0.05560861721320174,0.2797583081570997,0.7202768806830357,0.7653651473861905
CatBoost,0.05617460822809438,0.28157099697885196,0.7193099848789152,0.7653651473861905
CatBoost,0.056775973681417805,0.2835850956696878,0.7182500212820806,0.7653651473861905
CatBoost,0.057200466942587284,0.2849949647532729,0.7173127457375763,0.7653651473861905
CatBoost,0.05769570908061834,0.28700906344410876,0.7163127403286891,0.7653651473861905
CatBoost,0.05829707453394178,0.2886203423967774,0.7153994818071617,0.7653651473861905
CatBoost,0.05896918886412678,0.2896273917421954,0.7146138595282516,0.7653651473861905
CatBoost,0.05948211822137323,0.29103726082578046,0.713495085266683,0.7653651473861905
CatBoost,0.05974742650960416,0.29244712990936556,0.7129390028557903,0.7653651473861905
CatBoost,0.06004810923626588,0.29385699899295065,0.7123256707242455,0.7653651473861905
CatBoost,0.06033110474371219,0.2958710976837865,0.7116143741965225,0.7653651473861905
CatBoost,0.061003219073897205,0.297079556898288,0.7105623779662099,0.7653651473861905
CatBoost,0.06172839506172839,0.2990936555891239,0.7093981864543663,0.7653651473861905
CatBoost,0.061905267253882346,0.3003021148036254,0.709086759960349,0.7653651473861905
CatBoost,0.06222363719975946,0.3017119838872105,0.7083585783031201,0.7653651473861905
CatBoost,0.06291343874915986,0.3031218529707956,0.7073783263177649,0.7653651473861905
CatBoost,0.06365630195620645,0.30473313192346424,0.7061291093613161,0.7653651473861905
CatBoost,0.06399235912129896,0.30614300100704933,0.7055559283087718,0.7653651473861905
CatBoost,0.06471753510913014,0.30735146022155085,0.7044938233433605,0.7653651473861905
CatBoost,0.06500053061657646,0.30876132930513595,0.7038904109866381,0.7653651473861905
CatBoost,0.06602638933106937,0.30996978851963747,0.7024648705484817,0.7653651473861905
CatBoost,0.06655700590753122,0.31158106747230613,0.701609800162326,0.7653651473861905
CatBoost,0.06678693975733135,0.31319234642497484,0.7011681891939898,0.7653651473861905
CatBoost,0.06719374579928544,0.31460221550855993,0.7005614520340777,0.7653651473861905
CatBoost,0.06770667515653189,0.316012084592145,0.6996768897437663,0.7653651473861905
CatBoost,0.06795429622554743,0.3174219536757301,0.699207751694571,0.7653651473861905
CatBoost,0.06832572782907072,0.31963746223564954,0.6986206922239087,0.7653651473861905
CatBoost,0.06878559552867099,0.32104733131923463,0.6979198687182712,0.7653651473861905
CatBoost,0.0694223354204252,0.3224572004028197,0.6969180314415889,0.7653651473861905
CatBoost,0.06997063921610244,0.3238670694864048,0.6958015075430172,0.7653651473861905
CatBoost,0.07028900916197955,0.3252769385699899,0.6952331139605487,0.7653651473861905
CatBoost,0.070801938519226,0.3264853977844914,0.6946380626491829,0.7653651473861905
CatBoost,0.07131486787647245,0.3278952668680765,0.6939416246370524,0.7653651473861905
CatBoost,0.07209310552194984,0.3297079556898288,0.6928324820143656,0.7653651473861905
CatBoost,0.0726060348791963,0.3309164149043303,0.6918598581060506,0.7653651473861905
CatBoost,0.07311896423644275,0.3323262839879154,0.6911328885258439,0.7653651473861905
CatBoost,0.07338427252467367,0.3337361530715005,0.6904286034374935,0.7653651473861905
CatBoost,0.07421557182779723,0.33494461228600203,0.6894993275919841,0.7653651473861905
CatBoost,0.07522374332307474,0.3369587109768379,0.6879341364755877,0.7653651473861905
CatBoost,0.07570129824189041,0.33816717019133935,0.6872765422757364,0.7653651473861905
CatBoost,0.07619654037992146,0.3395770392749245,0.6862110958614238,0.7653651473861905
CatBoost,0.07692171636775266,0.3409869083585096,0.6852193765931093,0.7653651473861905
CatBoost,0.07750539460186069,0.3423967774420947,0.6842786344774378,0.7653651473861905
CatBoost,0.07792988786303018,0.3434038267875126,0.6837717543914461,0.7653651473861905
CatBoost,0.07828363224733807,0.3446122860020141,0.683330177544556,0.7653651473861905
CatBoost,0.07923874208496941,0.3458207452165156,0.6820221686749276,0.7653651473861905
CatBoost,0.08024691358024691,0.34702920443101715,0.6808731480010599,0.7653651473861905
CatBoost,0.08075984293749337,0.3486404833836858,0.679801691180119,0.7653651473861905
CatBoost,0.08166189111747851,0.3500503524672709,0.678825793334995,0.7653651473861905
CatBoost,0.08247550320138668,0.351460221550856,0.6777405514148493,0.7653651473861905
CatBoost,0.08281156036647919,0.35347432024169184,0.6772130165803928,0.7653651473861905
CatBoost,0.0834483002582334,0.35488418932527693,0.6763068013509511,0.7653651473861905
CatBoost,0.08383741908097209,0.356294058408862,0.6757149200655767,0.7653651473861905
CatBoost,0.08454490784958789,0.3577039274924471,0.6746928925845519,0.7653651473861905
CatBoost,0.08511089886448053,0.35971802618328297,0.673903077017604,0.7653651473861905
CatBoost,0.08558845378329619,0.3609264853977845,0.6732841025319555,0.7653651473861905
CatBoost,0.08599525982525028,0.3619335347432024,0.6725080798749462,0.7653651473861905
CatBoost,0.08654356362092752,0.3637462235649547,0.6717604876420483,0.7653651473861905
CatBoost,0.08739255014326648,0.3649546827794562,0.6709558612328521,0.7653651473861905
CatBoost,0.08827691110403622,0.3661631419939577,0.6698890105062151,0.7653651473861905
CatBoost,0.08910821040715979,0.36737160120845924,0.6686462063885138,0.7653651473861905
CatBoost,0.08962113976440624,0.3689828801611279,0.6678736213432851,0.7653651473861905
CatBoost,0.09022250521772966,0.3701913393756294,0.6670938332953809,0.7653651473861905
CatBoost,0.09061162404046835,0.37200402819738165,0.6663627301348921,0.7653651473861905
CatBoost,0.09108917895928402,0.3732124874118832,0.6656727297672222,0.7653651473861905
CatBoost,0.09174360607025364,0.37502517623363546,0.6649746489816165,0.7653651473861905
CatBoost,0.09250415649651562,0.3766364551863041,0.6638803104837622,0.7653651473861905
CatBoost,0.09315858360748523,0.37784491440080564,0.6630784839021557,0.7653651473861905
CatBoost,0.09383069793767024,0.37925478348439073,0.6624283023418885,0.7653651473861905
CatBoost,0.0943082528564859,0.3808660624370594,0.6617930333151001,0.7653651473861905
CatBoost,0.09522798825568644,0.3822759315206445,0.6605403240910054,0.7653651473861905
CatBoost,0.0957409176129329,0.38408862034239677,0.6599108500443961,0.7653651473861905
CatBoost,0.09611234921645619,0.3856998992950655,0.6592657701732534,0.7653651473861905
CatBoost,0.09726201846545686,0.38690835850956695,0.6578203304796174,0.7653651473861905
CatBoost,0.09793413279564187,0.38831822759315204,0.6570946597877405,0.7653651473861905
CatBoost,0.09860624712582687,0.38952668680765357,0.6562947584567173,0.7653651473861905
CatBoost,0.09906611482542714,0.39133937562940585,0.6556817157747048,0.7653651473861905
CatBoost,0.09933142311365807,0.3929506545820745,0.6553186262186743,0.7653651473861905
CatBoost,0.09986203969011992,0.3943605236656596,0.6543730082864666,0.7653651473861905
CatBoost,0.1005872156779511,0.3955689828801611,0.6534967812032851,0.7653651473861905
CatBoost,0.10147157663872086,0.3973816717019134,0.6525085927121181,0.7653651473861905
CatBoost,0.1024089992571368,0.3983887210473313,0.6514637120209407,0.7653651473861905
CatBoost,0.10295730305281403,0.3997985901309164,0.6505518736404102,0.7653651473861905
CatBoost,0.10334642187555272,0.4010070493454179,0.6500856576737196,0.7653651473861905
CatBoost,0.1041246595210301,0.4026183282980866,0.6490712909334481,0.7653651473861905
CatBoost,0.10477908663199972,0.4040281973816717,0.6481811429019307,0.7653651473861905
CatBoost,0.10513283101630762,0.4054380664652568,0.6476410880840138,0.7653651473861905
CatBoost,0.10578725812727723,0.4066465256797583,0.6467958512651829,0.7653651473861905
CatBoost,0.10638862358060065,0.408257804632427,0.6459995842569515,0.7653651473861905
CatBoost,0.10674236796490856,0.4096676737160121,0.6455090879825334,0.7653651473861905
CatBoost,0.10723761010293961,0.4108761329305136,0.6447600084710586,0.7653651473861905
CatBoost,0.10785666277547844,0.4122860020140987,0.6441083303775718,0.7653651473861905
CatBoost,0.10845802822880186,0.41389728096676737,0.6431115665883903,0.7653651473861905
CatBoost,0.10884714705154055,0.41530715005035246,0.6426845436034437,0.7653651473861905
CatBoost,0.10980225688917189,0.41671701913393755,0.6413662105218338,0.7653651473861905
CatBoost,0.11036824790406452,0.4179254783484391,0.6407551505752159,0.7653651473861905
CatBoost,0.11146485549541901,0.41953675730110773,0.639606819594544,0.7653651473861905
CatBoost,0.1121900314832502,0.4209466263846928,0.638428668695649,0.7653651473861905
CatBoost,0.11270296084049666,0.42215508559919435,0.637710181474738,0.7653651473861905
CatBoost,0.11319820297852771,0.42356495468277944,0.6372540275549916,0.7653651473861905
CatBoost,0.11410025115851286,0.42477341389728096,0.6360707781057712,0.7653651473861905
CatBoost,0.11479005270791326,0.42658610271903324,0.6354197734262305,0.7653651473861905
CatBoost,0.11549754147652906,0.42799597180261834,0.6344808842203297,0.7653651473861905
CatBoost,0.11602815805299091,0.429607250755287,0.6338338860834791,0.7653651473861905
CatBoost,0.11631115356043722,0.4310171198388721,0.6333512726137028,0.7653651473861905
CatBoost,0.1171247656443454,0.43202416918429004,0.6324121463349384,0.7653651473861905
CatBoost,0.11758463334394567,0.43323262839879156,0.631899798749158,0.7653651473861905
CatBoost,0.11797375216668435,0.43444108761329303,0.6313752568615955,0.7653651473861905
CatBoost,0.11866355371608475,0.43564954682779455,0.6306626383134906,0.7653651473861905
CatBoost,0.11905267253882344,0.43705941591137965,0.6299395029405629,0.7653651473861905
CatBoost,0.11958328911528529,0.43927492447129907,0.6291022422014467,0.7653651473861905
CatBoost,0.12002546959567018,0.4406847935548842,0.6284502110184379,0.7653651473861905
CatBoost,0.12052071173370123,0.4420946626384693,0.6278222814287128,0.7653651473861905
CatBoost,0.12135201103682479,0.4435045317220544,0.6271405074716779,0.7653651473861905
CatBoost,0.12207718702465599,0.44511581067472306,0.6265277907357052,0.7653651473861905
CatBoost,0.12283773745091797,0.4463242698892246,0.6255291214981504,0.7653651473861905
CatBoost,0.12322685627365666,0.44773413897280967,0.6250888491885833,0.7653651473861905
CatBoost,0.12382822172698009,0.44934541792547833,0.6244614052372839,0.7653651473861905
CatBoost,0.12425271498814956,0.4503524672708963,0.6240460727347528,0.7653651473861905
CatBoost,0.12494251653754997,0.4515609264853978,0.6230229529820682,0.7653651473861905
CatBoost,0.1255615692100888,0.45337361530715004,0.6223596193991224,0.7653651473861905
CatBoost,0.12603912412890445,0.4547834843907351,0.6217475870759164,0.7653651473861905
CatBoost,0.12704729562418196,0.45599194360523665,0.6204833883318092,0.7653651473861905
CatBoost,0.12784322048887473,0.45760322255790536,0.6194380796886495,0.7653651473861905
CatBoost,0.12802009268102868,0.45881168177240683,0.6191031267427674,0.7653651473861905
CatBoost,0.1287275814496445,0.46042296072507555,0.6182677146325375,0.7653651473861905
CatBoost,0.12915207471081397,0.4620342396777442,0.6178273292749387,0.7653651473861905
CatBoost,0.12982418904099896,0.46324269889224573,0.6168886345877801,0.7653651473861905
CatBoost,0.13095617107078425,0.46445115810674725,0.6155506988891503,0.7653651473861905
CatBoost,0.13139835155116913,0.4660624370594159,0.615071203060467,0.7653651473861905
CatBoost,0.13169903427783083,0.46727089627391744,0.6145574715821428,0.7653651473861905
CatBoost,0.13247727192330822,0.4686807653575025,0.6136892897213286,0.7653651473861905
CatBoost,0.13300788849977008,0.4706948640483384,0.6130382746584647,0.7653651473861905
CatBoost,0.1335915667338781,0.47210473313192347,0.6123652960747554,0.7653651473861905
CatBoost,0.13486504651738654,0.47371601208459213,0.6107963873812372,0.7653651473861905
CatBoost,0.13523647812090983,0.4751258811681772,0.6102468343306631,0.7653651473861905
CatBoost,0.13567865860129472,0.4765357502517623,0.6095494488181802,0.7653651473861905
CatBoost,0.13645689624677207,0.4779456193353474,0.6085064190503936,0.7653651473861905
CatBoost,0.137482754961265,0.4791540785498489,0.6075638492852864,0.7653651473861905
CatBoost,0.13794262266086527,0.48076535750251764,0.6070310005413929,0.7653651473861905
CatBoost,0.1385439881141887,0.48217522658610273,0.6064543660737178,0.7653651473861905
CatBoost,0.13903923025221976,0.48338368580060426,0.6060017312813628,0.7653651473861905
CatBoost,0.13969365736318937,0.48479355488418935,0.6052997623709824,0.7653651473861905
CatBoost,0.1402950228165128,0.4860020140986908,0.6046109931035625,0.7653651473861905
CatBoost,0.14075489051611306,0.48721047331319234,0.6041910527707959,0.7653651473861905
CatBoost,0.14172768757295978,0.48882175226586105,0.6026492012335147,0.7653651473861905
CatBoost,0.14195762142275992,0.4900302114803625,0.6023688074311356,0.7653651473861905
CatBoost,0.14259436131451414,0.49164149043303124,0.601601865546771,0.7653651473861905
CatBoost,0.14344334783685309,0.4928499496475327,0.6007509942994775,0.7653651473861905
CatBoost,0.14386784109802256,0.4940584088620342,0.6003166441399559,0.7653651473861905
CatBoost,0.14416852382468429,0.49526686807653575,0.5999051684518201,0.7653651473861905
CatBoost,0.14491138703173087,0.4968781470292044,0.5991434428180495,0.7653651473861905
CatBoost,0.1455835013619159,0.4982880161127895,0.598459668450809,0.7653651473861905
CatBoost,0.1465916728571934,0.499496475327291,0.5973798168158319,0.7653651473861905
CatBoost,0.14735222328345537,0.5009063444108761,0.5966309886114711,0.7653651473861905
CatBoost,0.14809508649050196,0.5021148036253776,0.595825907885933,0.7653651473861905
CatBoost,0.14912094520499486,0.5033232628398792,0.5946729081419443,0.7653651473861905
CatBoost,0.1500583678234108,0.5045317220543807,0.5938123245728253,0.7653651473861905
CatBoost,0.15060667161908806,0.5057401812688822,0.5931036168219995,0.7653651473861905
CatBoost,0.15143797092221162,0.5073514602215509,0.5921820815227639,0.7653651473861905
CatBoost,0.1521631469100428,0.5085599194360524,0.5911219478633949,0.7653651473861905
CatBoost,0.1528352612402278,0.5097683786505539,0.5903230363928695,0.7653651473861905
CatBoost,0.15334819059747426,0.511178247734139,0.5897057134610387,0.7653651473861905
CatBoost,0.154232551558244,0.5123867069486405,0.5885881690395145,0.7653651473861905
CatBoost,0.154993101984506,0.513595166163142,0.5878646294183939,0.7653651473861905
CatBoost,0.155665216314691,0.5148036253776435,0.5872436141331263,0.7653651473861905
CatBoost,0.15610739679507588,0.5162134944612286,0.5867085222592037,0.7653651473861905
CatBoost,0.15693869609819944,0.5172205438066465,0.5858154286276333,0.7653651473861905
CatBoost,0.15752237433230748,0.518429003021148,0.5853375480193364,0.7653651473861905
CatBoost,0.15835367363543104,0.5200402819738167,0.5844075905151581,0.7653651473861905
CatBoost,0.15909653684247763,0.5212487411883182,0.5836817195390231,0.7653651473861905
CatBoost,0.15950334288443171,0.5230614300100704,0.5833319590423707,0.7653651473861905
CatBoost,0.16049382716049382,0.524269889224572,0.5821752081121057,0.7653651473861905
CatBoost,0.16100675651774027,0.5258811681772407,0.5816335163201098,0.7653651473861905
CatBoost,0.16220948742438715,0.527693856998993,0.5805778414197303,0.7653651473861905
CatBoost,0.16266935512398742,0.5289023162134945,0.5800186518182852,0.7653651473861905
CatBoost,0.16327072057731085,0.530110775427996,0.5791552267548238,0.7653651473861905
CatBoost,0.16429657929180375,0.5317220543806647,0.5781726520742704,0.7653651473861905
CatBoost,0.16555237185609678,0.5329305135951662,0.5770751722815105,0.7653651473861905
CatBoost,0.1661537373094202,0.5341389728096677,0.5764907737930899,0.7653651473861905
CatBoost,0.16682585163960523,0.5351460221550856,0.5758120756434048,0.7653651473861905
CatBoost,0.16744490431214404,0.5363544813695871,0.5753535521959928,0.7653651473861905
CatBoost,0.16808164420389826,0.5375629405840886,0.574614220376873,0.7653651473861905
CatBoost,0.16921362623368355,0.5387713997985901,0.5733971093039693,0.7653651473861905
CatBoost,0.16992111500229934,0.5399798590130916,0.5726627321686942,0.7653651473861905
CatBoost,0.1717959602391312,0.5415911379657603,0.5710603253012315,0.7653651473861905
CatBoost,0.17268032119990095,0.5427995971802618,0.5700257223918493,0.7653651473861905
CatBoost,0.17361774381831688,0.5442094662638469,0.5691639691474536,0.7653651473861905
CatBoost,0.17416604761399412,0.5458207452165156,0.5684310152911529,0.7653651473861905
CatBoost,0.1753157168629948,0.5470292044310171,0.5674950180773637,0.7653651473861905
CatBoost,0.17628851391984152,0.5486404833836858,0.5665682558989074,0.7653651473861905
CatBoost,0.177385121511196,0.5498489425981873,0.5654370974588763,0.7653651473861905
CatBoost,0.1784640418833351,0.5508559919436052,0.5641926973734709,0.7653651473861905
CatBoost,0.1788354734868584,0.5524672708962739,0.5637799498565388,0.7653651473861905
CatBoost,0.180922565354275,0.5540785498489426,0.5616579237255243,0.7653651473861905
CatBoost,0.1815769924652446,0.5552870090634441,0.5610234353942588,0.7653651473861905
CatBoost,0.18262053839895293,0.5564954682779456,0.5599902963670688,0.7653651473861905
CatBoost,0.1834164632636457,0.5581067472306143,0.5590390766287079,0.7653651473861905
CatBoost,0.18401782871696912,0.5595166163141994,0.5585136620980059,0.7653651473861905
CatBoost,0.1851144363083236,0.5607250755287009,0.5575036470631657,0.7653651473861905
CatBoost,0.18569811454243165,0.5619335347432024,0.5569322970717783,0.7653651473861905
CatBoost,0.18721921539495562,0.5633434038267875,0.555445668356864,0.7653651473861905
CatBoost,0.18769677031377127,0.5649546827794562,0.5548910908995829,0.7653651473861905
CatBoost,0.18810357635572536,0.5663645518630412,0.5545931109402488,0.7653651473861905
CatBoost,0.1893593689200184,0.5673716012084592,0.5534949736543445,0.7653651473861905
CatBoost,0.19059747426509605,0.5685800604229607,0.552511083859609,0.7653651473861905
CatBoost,0.1918355796101737,0.5697885196374622,0.5513842069097737,0.7653651473861905
CatBoost,0.1928968127630974,0.5709969788519638,0.5504846843551272,0.7653651473861905
CatBoost,0.19383423538151331,0.5724068479355489,0.5495394159592542,0.7653651473861905
CatBoost,0.19429410308111358,0.5736153071500504,0.5489887506703177,0.7653651473861905
CatBoost,0.1952669001379603,0.575226586102719,0.5480907219139141,0.7653651473861905
CatBoost,0.19627507163323782,0.5766364551863041,0.5472147334851066,0.7653651473861905
CatBoost,0.19700024762106902,0.5780463242698892,0.5465563278709743,0.7653651473861905
CatBoost,0.1977431108281156,0.5792547834843907,0.5457487611059353,0.7653651473861905
CatBoost,0.1991757755845626,0.5806646525679758,0.5444699175850554,0.7653651473861905
CatBoost,0.20016625986062472,0.5820745216515609,0.5436769073169442,0.7653651473861905
CatBoost,0.2009621847253175,0.583484390735146,0.5429539216848623,0.7653651473861905
CatBoost,0.20202341787824118,0.584491440080564,0.5420710680336358,0.7653651473861905
CatBoost,0.20273090664685697,0.5856998992950655,0.5413971380126572,0.7653651473861905
CatBoost,0.20354451873076515,0.5871097683786506,0.5405850920764593,0.7653651473861905
CatBoost,0.20490643461035057,0.5887210473313192,0.5394624107235777,0.7653651473861905
CatBoost,0.20589691888641268,0.5899295065458208,0.5387549196777924,0.7653651473861905
CatBoost,0.20695815203933637,0.5913393756294059,0.5379136438014376,0.7653651473861905
CatBoost,0.2082139446036294,0.5925478348439074,0.5366034074662337,0.7653651473861905
CatBoost,0.20943436272949167,0.5939577039274925,0.5356638388872111,0.7653651473861905
CatBoost,0.2104425342247692,0.595166163141994,0.53493771138355,0.7653651473861905
CatBoost,0.2114683929392621,0.5967774420946627,0.534002370833553,0.7653651473861905
CatBoost,0.21297180657257067,0.5979859013091642,0.5325983415571842,0.7653651473861905
CatBoost,0.21442215854823304,0.5993957703927493,0.5313053918786846,0.7653651473861905
CatBoost,0.21523577063214122,0.6006042296072508,0.5306936202030376,0.7653651473861905
CatBoost,0.21592557218154163,0.6018126888217523,0.5300952783398312,0.7653651473861905
CatBoost,0.21721673918426546,0.6036253776435045,0.5287379322660013,0.7653651473861905
CatBoost,0.21857865506385085,0.6048338368580061,0.5276312983204785,0.7653651473861905
CatBoost,0.21974601153206694,0.6060422960725076,0.5266295455286508,0.7653651473861905
CatBoost,0.22048887473911352,0.6074521651560927,0.5261144346827072,0.7653651473861905
CatBoost,0.22169160564576038,0.6088620342396778,0.5250232579642337,0.7653651473861905
CatBoost,0.2226644027026071,0.6100704934541793,0.5241526932850322,0.7653651473861905
CatBoost,0.2240086313629771,0.6112789526686808,0.523110376860102,0.7653651473861905
CatBoost,0.22537054724256253,0.6128902316213495,0.5220577590838421,0.7653651473861905
CatBoost,0.22662633980685556,0.6143001007049346,0.5211137794053406,0.7653651473861905
CatBoost,0.22774063461742544,0.6155085599194361,0.5201387935627497,0.7653651473861905
CatBoost,0.22862499557819518,0.6165156092648539,0.5194090674270022,0.7653651473861905
CatBoost,0.22943860766210336,0.6177240684793555,0.5185107222424322,0.7653651473861905
CatBoost,0.23048215359581167,0.618932527693857,0.5176521413778464,0.7653651473861905
CatBoost,0.2317733205985355,0.6203423967774421,0.5166806892704873,0.7653651473861905
CatBoost,0.23306448760125933,0.6215508559919436,0.5155299805939608,0.7653651473861905
CatBoost,0.23412572075418303,0.6231621349446123,0.5146393711677807,0.7653651473861905
CatBoost,0.23538151331847607,0.6249748237663646,0.513772252658145,0.7653651473861905
CatBoost,0.23677880363649226,0.626183282980866,0.5125546939245502,0.7653651473861905
CatBoost,0.23792847288549293,0.6275931520644512,0.5115241747013479,0.7653651473861905
CatBoost,0.2384944639003856,0.6288016112789526,0.5109981569907984,0.7653651473861905
CatBoost,0.239184265449786,0.6300100704934541,0.5104883875941735,0.7653651473861905
CatBoost,0.24105911068661784,0.6316213494461229,0.5090911604666208,0.7653651473861905
CatBoost,0.24185503555131063,0.6328298086606243,0.508435433419618,0.7653651473861905
CatBoost,0.24243871378541865,0.6342396777442094,0.5079344726744096,0.7653651473861905
CatBoost,0.243305387526973,0.6360523665659618,0.5072591336606987,0.7653651473861905
CatBoost,0.24441968233754288,0.6372608257804633,0.5064433865245059,0.7653651473861905
CatBoost,0.24487955003714315,0.6386706948640484,0.506039144882211,0.7653651473861905
CatBoost,0.24556935158654355,0.6398791540785499,0.505444112677966,0.7653651473861905
CatBoost,0.24694895468534436,0.641289023162135,0.5044022635133415,0.7653651473861905
CatBoost,0.24770950511160636,0.6429003021148036,0.5037881313409827,0.7653651473861905
CatBoost,0.24854080441472992,0.6441087613293052,0.5030359288692101,0.7653651473861905
CatBoost,0.24949591425236126,0.6453172205438067,0.5020290013696909,0.7653651473861905
CatBoost,0.2501680285825463,0.6467270896273918,0.5014551514757076,0.7653651473861905
CatBoost,0.2515476316813471,0.6479355488418933,0.5004930002626233,0.7653651473861905
CatBoost,0.2535109130142559,0.6493454179254784,0.498984341176114,0.7653651473861905
CatBoost,0.2550497010859953,0.6503524672708962,0.49740080189413655,0.7653651473861905
CatBoost,0.2560048109236266,0.6515609264853978,0.4966185228154292,0.7653651473861905
CatBoost,0.25754359899536594,0.6529707955689829,0.4953750940341132,0.7653651473861905
CatBoost,0.2587286426827974,0.6541792547834844,0.49431527547657594,0.7653651473861905
CatBoost,0.2603381796313983,0.6555891238670695,0.4928442359708696,0.7653651473861905
CatBoost,0.26154091053804523,0.656797583081571,0.4920457974547439,0.7653651473861905
CatBoost,0.2625313948141073,0.6584088620342397,0.4909842755843499,0.7653651473861905
CatBoost,0.26353956630938485,0.6596173212487412,0.4901920895922566,0.7653651473861905
CatBoost,0.2653967243270013,0.6608257804632427,0.4887135132583692,0.7653651473861905
CatBoost,0.2665817680144328,0.6622356495468278,0.48785441627512527,0.7653651473861905
CatBoost,0.2678375605787258,0.6634441087613293,0.4868271008032156,0.7653651473861905
CatBoost,0.2696416569386961,0.6648539778449144,0.4854310832795716,0.7653651473861905
CatBoost,0.271339629983374,0.6662638469284995,0.4843175504349794,0.7653651473861905
CatBoost,0.27217092928649755,0.667472306143001,0.4836189490254418,0.7653651473861905
CatBoost,0.273444409070006,0.6686807653575025,0.48267405228415317,0.7653651473861905
CatBoost,0.2746117655382221,0.6698892245720041,0.4816674628049788,0.7653651473861905
CatBoost,0.2760090558562383,0.6710976837865056,0.4803969739566971,0.7653651473861905
CatBoost,0.2768757295977926,0.6725075528700907,0.4798319468638511,0.7653651473861905
CatBoost,0.27823764547737806,0.6737160120845922,0.4787968441418513,0.7653651473861905
CatBoost,0.2788213237114861,0.6749244712990936,0.47830332138597276,0.7653651473861905
CatBoost,0.2795641869185327,0.6763343403826787,0.4776530977583862,0.7653651473861905
CatBoost,0.28076691782517954,0.6777442094662638,0.47672115929765885,0.7653651473861905
CatBoost,0.282447203650642,0.6789526686807653,0.4754479152246012,0.7653651473861905
CatBoost,0.28343768792670415,0.6803625377643504,0.47469557179368616,0.7653651473861905
CatBoost,0.28412748947610456,0.6815709969788519,0.47425164597321473,0.7653651473861905
CatBoost,0.2856662775478439,0.6825780463242699,0.47340685956905065,0.7653651473861905
CatBoost,0.2867098234815522,0.6837865055387714,0.47276679376129355,0.7653651473861905
CatBoost,0.28770030775761435,0.6849949647532729,0.47196517542184613,0.7653651473861905
CatBoost,0.28831936043015316,0.6862034239677745,0.4714380625684098,0.7653651473861905
CatBoost,0.2894513424599384,0.687411883182276,0.4706302449433855,0.7653651473861905
CatBoost,0.2903003289822774,0.6888217522658611,0.4700909396991639,0.7653651473861905
CatBoost,0.29203367646538614,0.6902316213494462,0.46904703403491066,0.7653651473861905
CatBoost,0.29387314726378716,0.6914400805639477,0.4676996272284854,0.7653651473861905
CatBoost,0.295164314266511,0.6928499496475328,0.466868233501612,0.7653651473861905
CatBoost,0.2956949308429729,0.6942598187311179,0.46656389850469565,0.7653651473861905
CatBoost,0.29682691287275814,0.6954682779456194,0.46571462374354317,0.7653651473861905
CatBoost,0.2987371325480208,0.6966767371601208,0.4643834771234013,0.7653651473861905
CatBoost,0.29956843185114435,0.6978851963746223,0.4638304004158469,0.7653651473861905
CatBoost,0.3014963387456224,0.6992950654582074,0.4622918952480431,0.7653651473861905
CatBoost,0.3031766245710849,0.7007049345417925,0.4610847724117547,0.7653651473861905
CatBoost,0.3045562276698857,0.701913393756294,0.4601730522321854,0.7653651473861905
CatBoost,0.305776645795748,0.7031218529707955,0.4592715710929206,0.7653651473861905
CatBoost,0.30759842937493365,0.7045317220543806,0.4578870955979383,0.7653651473861905
CatBoost,0.3100392656266582,0.7057401812688822,0.4557580304340528,0.7653651473861905
CatBoost,0.3110651243411511,0.7069486404833837,0.4549787662618212,0.7653651473861905
CatBoost,0.312179419151721,0.7085599194360523,0.45408486174622503,0.7653651473861905
CatBoost,0.3138773921963989,0.7097683786505539,0.4530050573303622,0.7653651473861905
CatBoost,0.31495631256853795,0.7109768378650554,0.4521036805290937,0.7653651473861905
CatBoost,0.316212105132831,0.7121852970795569,0.45128492365858125,0.7653651473861905
CatBoost,0.31776858042378575,0.713595166163142,0.4502008510383439,0.7653651473861905
CatBoost,0.3189713113304326,0.71460221550856,0.44914586867917683,0.7653651473861905
CatBoost,0.31983798507198696,0.7158106747230615,0.4483164784117409,0.7653651473861905
CatBoost,0.32102302875941846,0.7170191339375629,0.44747330116250045,0.7653651473861905
CatBoost,0.32272100180409635,0.7182275931520644,0.4463311748386571,0.7653651473861905
CatBoost,0.32395910714917403,0.7194360523665659,0.4455090388124698,0.7653651473861905
CatBoost,0.32622307120874455,0.7206445115810675,0.4440159657960539,0.7653651473861905
CatBoost,0.32726661714245286,0.7220543806646526,0.4430953154372767,0.7653651473861905
CatBoost,0.32877003077576145,0.7234642497482376,0.4419870734745099,0.7653651473861905
CatBoost,0.3299020128055467,0.7246727089627392,0.44114120499107173,0.7653651473861905
CatBoost,0.3305918143549471,0.7258811681772407,0.44040199608605285,0.7653651473861905
CatBoost,0.33234284905727124,0.7270896273917422,0.4393599451998541,0.7653651473861905
CatBoost,0.33322721001804095,0.7282980866062437,0.43875216529263444,0.7653651473861905
CatBoost,0.334571438678411,0.7297079556898288,0.4378393955418754,0.7653651473861905
CatBoost,0.33549117407761153,0.7309164149043303,0.43721106426226125,0.7653651473861905
CatBoost,0.33743676819130497,0.7321248741188319,0.4356698164157326,0.7653651473861905
CatBoost,0.3408680887190916,0.7333333333333333,0.43347044073961133,0.7653651473861905
CatBoost,0.3419293218720153,0.7347432024169185,0.43261830947157126,0.7653651473861905
CatBoost,0.34348579716297006,0.7363544813695871,0.4314736387457767,0.7653651473861905
CatBoost,0.3444585942198168,0.7375629405840887,0.4308760023885233,0.7653651473861905
CatBoost,0.3461211928260639,0.7387713997985901,0.42961641217856555,0.7653651473861905
CatBoost,0.34723548763663376,0.7401812688821753,0.4288377542692907,0.7653651473861905
CatBoost,0.3486504651738654,0.7413897280966767,0.4279383690597365,0.7653651473861905
CatBoost,0.35047224875305105,0.7425981873111782,0.42673425297647555,0.7653651473861905
CatBoost,0.3513742969330362,0.7440080563947633,0.42603766831203577,0.7653651473861905
CatBoost,0.3520640984824366,0.7450151057401813,0.4256304710753002,0.7653651473861905
CatBoost,0.3537266970886837,0.7464249748237664,0.4244787355644558,0.7653651473861905
CatBoost,0.35494711521454597,0.748036253776435,0.4236794245834922,0.7653651473861905
CatBoost,0.3567512115745163,0.7494461228600201,0.42255819975393827,0.7653651473861905
CatBoost,0.3597934132795642,0.7506545820745216,0.4206341232333137,0.7653651473861905
CatBoost,0.3608723336517033,0.7518630412890231,0.4198967942008826,0.7653651473861905
CatBoost,0.36228731118893487,0.7532729103726082,0.418880605810415,0.7653651473861905
CatBoost,0.3633485443418586,0.7546827794561933,0.41820994208269857,0.7653651473861905
CatBoost,0.36653224380062965,0.7558912386706949,0.4159660204444451,0.7653651473861905
CatBoost,0.36860164844883087,0.75730110775428,0.4146336071452442,0.7653651473861905
CatBoost,0.36975131769783154,0.7585095669687815,0.41388376670167737,0.7653651473861905
CatBoost,0.37229827726484843,0.759718026183283,0.41227976500830327,0.7653651473861905
CatBoost,0.37456224132441895,0.7609264853977845,0.4108331242048498,0.7653651473861905
CatBoost,0.37601259330008135,0.7619335347432025,0.40994721855474486,0.7653651473861905
CatBoost,0.37924935441649865,0.7631419939577039,0.4082162049783181,0.7653651473861905
CatBoost,0.38131875906469986,0.7643504531722054,0.40709026681459753,0.7653651473861905
CatBoost,0.38349428702819344,0.7655589123867069,0.40579807652329225,0.7653651473861905
CatBoost,0.3853160706073791,0.7667673716012084,0.40473739116754687,0.7653651473861905
CatBoost,0.3873854752555803,0.76797583081571,0.4035282271259286,0.7653651473861905
CatBoost,0.3889419505465351,0.7691842900302115,0.40252343909213295,0.7653651473861905
CatBoost,0.39010930701475116,0.7709969788519637,0.4017821721366794,0.7653651473861905
CatBoost,0.39242633273196786,0.7726082578046324,0.40022959430569494,0.7653651473861905
CatBoost,0.395521596094662,0.7738167170191339,0.39814257893797494,0.7653651473861905
CatBoost,0.39675970143973965,0.775226586102719,0.3974261466174131,0.7653651473861905
CatBoost,0.3972018819201245,0.7764350453172205,0.3971383560196245,0.7653651473861905
CatBoost,0.3984223000459868,0.7774420946626385,0.3962118198554285,0.7653651473861905
CatBoost,0.39957196929498745,0.7788519637462236,0.3953484511835247,0.7653651473861905
CatBoost,0.401747497258481,0.7800604229607251,0.393966047884309,0.7653651473861905
CatBoost,0.4042944568254979,0.7812688821752266,0.3926073067789196,0.7653651473861905
CatBoost,0.406717605858007,0.7824773413897281,0.3912166487334976,0.7653651473861905
CatBoost,0.40807952173759243,0.7836858006042297,0.39031290690269727,0.7653651473861905
CatBoost,0.40912306767130074,0.7848942598187311,0.38976443999430926,0.7653651473861905
CatBoost,0.4115462167038098,0.7861027190332326,0.388431883992777,0.7653651473861905
CatBoost,0.4127312603912413,0.7873111782477341,0.3876701720559761,0.7653651473861905
CatBoost,0.4148360394778733,0.7885196374622356,0.3862122105328795,0.7653651473861905
CatBoost,0.41674625915313596,0.7897280966767372,0.38503743891231734,0.7653651473861905
CatBoost,0.41824967278644454,0.7909365558912387,0.3840322974973492,0.7653651473861905
CatBoost,0.42092044288796915,0.7919436052366566,0.38248026473534635,0.7653651473861905
CatBoost,0.42291909865930877,0.7933534743202417,0.3812608566961136,0.7653651473861905
CatBoost,0.42456401004634053,0.7945619335347432,0.3803909471718249,0.7653651473861905
CatBoost,0.42649191694081856,0.7957703927492447,0.3791026073731053,0.7653651473861905
CatBoost,0.4275000884360961,0.7973816717019134,0.37848582892655896,0.7653651473861905
CatBoost,0.42909193816548163,0.7987915407854985,0.37753999837358243,0.7653651473861905
CatBoost,0.43144433832112916,0.8,0.3763666684630326,0.7653651473861905
CatBoost,0.43252325869326824,0.8014098690835851,0.3757049085801592,0.7653651473861905
CatBoost,0.4334606813116842,0.8026183282980867,0.37511438410023634,0.7653651473861905
CatBoost,0.4351232799179313,0.8038267875125881,0.3741337765465332,0.7653651473861905
CatBoost,0.437617177827302,0.8052366565961732,0.3726053210236252,0.7653651473861905
CatBoost,0.4398457674484418,0.8064451158106747,0.37125785338140177,0.7653651473861905
CatBoost,0.44090700060136545,0.8076535750251762,0.3705326519885161,0.7653651473861905
CatBoost,0.4421627931656585,0.8086606243705942,0.3697950990580672,0.7653651473861905
CatBoost,0.44552336481658356,0.8098690835850957,0.36786978728275127,0.7653651473861905
CatBoost,0.4464254129965687,0.8112789526686808,0.3673569563634306,0.7653651473861905
CatBoost,0.44791113941066185,0.8124874118831823,0.3664988730000694,0.7653651473861905
CatBoost,0.44929074250946266,0.8136958710976838,0.3657442692727785,0.7653651473861905
CatBoost,0.4515193321306024,0.8153071500503525,0.36442665885670994,0.7653651473861905
CatBoost,0.4519615126109873,0.8167170191339376,0.3641211982963586,0.7653651473861905
CatBoost,0.45464996993172735,0.8179254783484391,0.36251855211703854,0.7653651473861905
CatBoost,0.4561356963458205,0.8191339375629406,0.3617125328024979,0.7653651473861905
CatBoost,0.45834659874774486,0.8205438066465257,0.3603620224960904,0.7653651473861905
CatBoost,0.46022144398457676,0.8217522658610272,0.3593904421982504,0.7653651473861905
CatBoost,0.461530298206516,0.8233635448136959,0.3585477262384172,0.7653651473861905
CatBoost,0.4646432487884255,0.8243705941591138,0.3567947317024792,0.7653651473861905
CatBoost,0.46618203686016485,0.8255790533736153,0.3558316771820676,0.7653651473861905
CatBoost,0.46851674979659697,0.8269889224572003,0.3545575634782969,0.7653651473861905
CatBoost,0.4705154055679366,0.8281973816717019,0.35348566758516686,0.7653651473861905
CatBoost,0.4711521454596908,0.8294058408862034,0.353107304357821,0.7653651473861905
CatBoost,0.4730269906965227,0.8306143001007049,0.3519215907805225,0.7653651473861905
CatBoost,0.47529095475609323,0.8318227593152064,0.3506692717681578,0.7653651473861905
CatBoost,0.4779263504191871,0.833031218529708,0.3492550148420282,0.7653651473861905
CatBoost,0.4793059535179879,0.8342396777442095,0.3485060771482567,0.7653651473861905
CatBoost,0.480968552124235,0.8356495468277946,0.3475357810729895,0.7653651473861905
CatBoost,0.48480667869397576,0.8368580060422961,0.34522959908506445,0.7653651473861905
CatBoost,0.48767200820686973,0.8380664652567976,0.34355813547632436,0.7653651473861905
CatBoost,0.4886801797021472,0.8394763343403827,0.3430307095207885,0.7653651473861905
CatBoost,0.49037815274682517,0.8404833836858006,0.3419866160459752,0.7653651473861905
CatBoost,0.49219993632601083,0.8416918429003021,0.3408870092928182,0.7653651473861905
CatBoost,0.49467614701616613,0.8431017119838872,0.33937816457079417,0.7653651473861905
CatBoost,0.496550992252998,0.8447129909365559,0.338310249495631,0.7653651473861905
CatBoost,0.5000707488768615,0.8459214501510574,0.3363704361614126,0.7653651473861905
CatBoost,0.5031129505819095,0.8471299093655589,0.3346469208690049,0.7653651473861905
CatBoost,0.5045809897767873,0.8483383685800604,0.3337441080262168,0.7653651473861905
CatBoost,0.5061551522869574,0.8497482376636455,0.33274974273229674,0.7653651473861905
CatBoost,0.5090735434574976,0.850956696878147,0.33103627019300436,0.7653651473861905
CatBoost,0.5101170893912059,0.8525679758308157,0.33034185441909253,0.7653651473861905
CatBoost,0.5130531677809614,0.8537764350453172,0.32860935688900134,0.7653651473861905
CatBoost,0.5143443347836854,0.8549848942598187,0.3278606900280026,0.7653651473861905
CatBoost,0.5190845095334111,0.8559919436052367,0.3254092145650474,0.7653651473861905
CatBoost,0.5240546181329372,0.8572004028197382,0.3227150889116138,0.7653651473861905
CatBoost,0.5263362694117231,0.8586102719033233,0.32163486817961423,0.7653651473861905
CatBoost,0.5287063567865861,0.8598187311178248,0.3204639389745728,0.7653651473861905
CatBoost,0.5309703208461566,0.8610271903323263,0.31903409833592666,0.7653651473861905
CatBoost,0.5330220382751424,0.8622356495468277,0.31796946250501423,0.7653651473861905
CatBoost,0.5335703420708197,0.8634441087613293,0.317668620043026,0.7653651473861905
CatBoost,0.5363826099260675,0.8646525679758308,0.3162177969493423,0.7653651473861905
CatBoost,0.5392656266581768,0.8658610271903323,0.31466792521854337,0.7653651473861905
CatBoost,0.5422193922671478,0.8670694864048338,0.31306011486141416,0.7653651473861905
CatBoost,0.543793554777318,0.8684793554884189,0.3120916081249154,0.7653651473861905
CatBoost,0.5474371219356893,0.8696878147029204,0.3103127081804797,0.7653651473861905
CatBoost,0.5487106017191977,0.8706948640483384,0.3096153831105887,0.7653651473861905
CatBoost,0.5502670770101524,0.8719033232628399,0.30883066226649586,0.7653651473861905
CatBoost,0.5547773179100782,0.8731117824773413,0.30663847581708353,0.7653651473861905
CatBoost,0.5569528458735717,0.8745216515609265,0.3052348436556565,0.7653651473861905
CatBoost,0.558845378329619,0.875730110775428,0.3042627237187953,0.7653651473861905
CatBoost,0.5597297392903887,0.877139979859013,0.3037393118378553,0.7653651473861905
CatBoost,0.5625420071456365,0.8783484390735146,0.30219480492423767,0.7653651473861905
CatBoost,0.5660263893310694,0.8795568982880161,0.30032827418430175,0.7653651473861905
CatBoost,0.5682019172945629,0.8807653575025176,0.2990021890432088,0.7653651473861905
CatBoost,0.5727829070713503,0.8819738167170191,0.2966863125251565,0.7653651473861905
CatBoost,0.5755598004881672,0.8833836858006042,0.29517298511415657,0.7653651473861905
CatBoost,0.5778060773285224,0.8845921450151057,0.2941781224674572,0.7653651473861905
CatBoost,0.5793448654002618,0.8860020140986908,0.29347567315261447,0.7653651473861905
CatBoost,0.5817503272135555,0.8870090634441088,0.29219606337418086,0.7653651473861905
CatBoost,0.5834129258198026,0.8884189325276939,0.2910987396528813,0.7653651473861905
CatBoost,0.5862605681134812,0.8896273917421954,0.28963557279103114,0.7653651473861905
CatBoost,0.5904878135059606,0.8910372608257805,0.28744805213647745,0.7653651473861905
CatBoost,0.5918143549471152,0.8924471299093656,0.2867030604017134,0.7653651473861905
CatBoost,0.5941313806643319,0.8936555891238671,0.28542720525260334,0.7653651473861905
CatBoost,0.5977218861650572,0.8950654582074522,0.2836948234326796,0.7653651473861905
CatBoost,0.5991545509215042,0.8962739174219537,0.28302011509177616,0.7653651473861905
CatBoost,0.6007287134316742,0.8974823766364551,0.2822251921739909,0.7653651473861905
CatBoost,0.6036117301637837,0.8986908358509567,0.28070130925260034,0.7653651473861905
CatBoost,0.6053804520853231,0.8998992950654582,0.27957459265248064,0.7653651473861905
CatBoost,0.6077859138986169,0.9011077542799597,0.27820790759614766,0.7653651473861905
CatBoost,0.6101913757119106,0.9021148036253777,0.27694914816173044,0.7653651473861905
CatBoost,0.6135519473628356,0.9033232628398792,0.2752761299889002,0.7653651473861905
CatBoost,0.6149315504616364,0.9047331319234643,0.2744764153210187,0.7653651473861905
CatBoost,0.6186812409353002,0.9061430010070494,0.2723525574848896,0.7653651473861905
CatBoost,0.6215111960097633,0.9073514602215509,0.2709685602508638,0.7653651473861905
CatBoost,0.6237397856309032,0.9085599194360524,0.26975359107005303,0.7653651473861905
CatBoost,0.6261275602249814,0.9097683786505538,0.2682765954644832,0.7653651473861905
CatBoost,0.6269765467473204,0.9109768378650553,0.2677995715616174,0.7653651473861905
CatBoost,0.6300364356715837,0.9121852970795569,0.26639228789624175,0.7653651473861905
CatBoost,0.6350419187095405,0.9133937562940584,0.2636038635225247,0.7653651473861905
CatBoost,0.6379603098800807,0.9146022155085599,0.2620659273665661,0.7653651473861905
CatBoost,0.6411970709964979,0.9158106747230614,0.2605873494994613,0.7653651473861905
CatBoost,0.6457603735540698,0.9168177240684794,0.2585694305626034,0.7653651473861905
CatBoost,0.6480420248328558,0.9180261832829809,0.25751615540786205,0.7653651473861905
CatBoost,0.6500937422618416,0.9192346424974823,0.2565240016685071,0.7653651473861905
CatBoost,0.655842088506845,0.9204431017119838,0.2537618344021339,0.7653651473861905
CatBoost,0.6614312497789098,0.9216515609264854,0.2509442659967071,0.7653651473861905
CatBoost,0.6636775266192649,0.9228600201409869,0.24982710467203428,0.7653651473861905
CatBoost,0.6682408291768368,0.9240684793554884,0.2476955590486628,0.7653651473861905
CatBoost,0.6709823481552231,0.9252769385699899,0.24625483756480385,0.7653651473861905
CatBoost,0.6751565318900562,0.926686807653575,0.24407735826331342,0.7653651473861905
CatBoost,0.6791892178711663,0.9278952668680766,0.2421678236622041,0.7653651473861905
CatBoost,0.6815593052460293,0.9293051359516616,0.24111326702109376,0.7653651473861905
CatBoost,0.6845661325126463,0.9305135951661632,0.2397634815678961,0.7653651473861905
CatBoost,0.6905444126074498,0.9317220543806647,0.23676788028357326,0.7653651473861905
CatBoost,0.6923485089674202,0.9327291037260825,0.2358121471716811,0.7653651473861905
CatBoost,0.6943294775195443,0.933937562940584,0.23471058027644934,0.7653651473861905
CatBoost,0.7001308854221939,0.9351460221550856,0.23165992285934514,0.7653651473861905
CatBoost,0.7039690119919346,0.9363544813695871,0.22978119168863198,0.7653651473861905
CatBoost,0.7058792316671972,0.9375629405840886,0.22880460096723276,0.7653651473861905
CatBoost,0.7110085252396618,0.9387713997985901,0.22623156941449205,0.7653651473861905
CatBoost,0.715448017262726,0.9401812688821752,0.2241912910297984,0.7653651473861905
CatBoost,0.7193568927093282,0.9413897280966768,0.22218872521243677,0.7653651473861905
CatBoost,0.7230004598676996,0.9425981873111783,0.22043563360885515,0.7653651473861905
CatBoost,0.7278644451519332,0.9438066465256798,0.21789660030652402,0.7653651473861905
CatBoost,0.7305705896918886,0.9450151057401812,0.21641188656256752,0.7653651473861905
CatBoost,0.7365134953482614,0.9464249748237664,0.21347322412851755,0.7653651473861905
CatBoost,0.7396087587109554,0.9474320241691843,0.21207680706878973,0.7653651473861905
CatBoost,0.7444373695567583,0.9486404833836858,0.20988587074827952,0.7653651473861905
CatBoost,0.7488945487990378,0.9498489425981873,0.20767980407179834,0.7653651473861905
CatBoost,0.7558810003891189,0.9510574018126888,0.20453779811207803,0.7653651473861905
CatBoost,0.7582157133255509,0.9522658610271904,0.2033433115310633,0.7653651473861905
CatBoost,0.7642824295164314,0.9534743202416919,0.2003088338063266,0.7653651473861905
CatBoost,0.7681028688669568,0.954884189325277,0.19869561622415607,0.7653651473861905
CatBoost,0.7711804450104355,0.9562940584088621,0.19715272542362594,0.7653651473861905
CatBoost,0.7742757083731295,0.9575025176233636,0.19554168717584097,0.7653651473861905
CatBoost,0.778414517669532,0.9587109768378651,0.19350618964836921,0.7653651473861905
CatBoost,0.7842336127913969,0.9599194360523665,0.19069255936848786,0.7653651473861905
CatBoost,0.7877533694152605,0.9613293051359516,0.18893476578572452,0.7653651473861905
CatBoost,0.7905656372705083,0.9627391742195368,0.18751358149414354,0.7653651473861905
CatBoost,0.7939792705790796,0.9637462235649547,0.1856301736810813,0.7653651473861905
CatBoost,0.7960840496657116,0.9649546827794562,0.18452275329367362,0.7653651473861905
CatBoost,0.8012133432381761,0.9661631419939577,0.18223557174238428,0.7653651473861905
CatBoost,0.8046269765467473,0.9673716012084592,0.1805513527610369,0.7653651473861905
CatBoost,0.8099331423113658,0.9685800604229607,0.17774497547677048,0.7653651473861905
CatBoost,0.8144256959920761,0.9699899295065458,0.17543113703129068,0.7653651473861905
CatBoost,0.8187236902614171,0.9711983887210474,0.17339663050641502,0.7653651473861905
CatBoost,0.8261700095510984,0.9724068479355489,0.16970120923127072,0.7653651473861905
CatBoost,0.8357918568042733,0.9736153071500504,0.16477616434699197,0.7653651473861905
CatBoost,0.8387633096324596,0.9748237663645518,0.1631328201474015,0.7653651473861905
CatBoost,0.8455375145919558,0.9760322255790533,0.1598091708234679,0.7653651473861905
CatBoost,0.850065442711097,0.9772406847935549,0.1575250744044278,0.7653651473861905
CatBoost,0.8572110792741165,0.9782477341389728,0.15406880342653023,0.7653651473861905
CatBoost,0.8631539849304892,0.9794561933534743,0.15066124675061,0.7653651473861905
CatBoost,0.8704764936856627,0.9806646525679759,0.14664623356171935,0.7653651473861905
CatBoost,0.8728819554989564,0.9818731117824774,0.14539720034957404,0.7653651473861905
CatBoost,0.877339134741236,0.9830815709969789,0.14291344369912823,0.7653651473861905
CatBoost,0.8864657398563798,0.9842900302114803,0.13781546943228593,0.7653651473861905
CatBoost,0.8919134033747215,0.9854984894259818,0.1350202273955647,0.7653651473861905
CatBoost,0.898475361703633,0.9867069486404834,0.13085374717563647,0.7653651473861905
CatBoost,0.9055325621705755,0.9879154078549849,0.12669359138031483,0.7653651473861905
CatBoost,0.9118999610881178,0.9891238670694864,0.12298276982893207,0.7653651473861905
CatBoost,0.9225653542750009,0.9903323262839879,0.11556861553088353,0.7653651473861905
CatBoost,0.9261912342141568,0.9915407854984895,0.1134186785568363,0.7653651473861905
CatBoost,0.9358130814673317,0.9925478348439074,0.10681309439739602,0.7653651473861905
CatBoost,0.9432417135377976,0.9937562940584088,0.10156083776675617,0.7653651473861905
CatBoost,0.9534295518058651,0.9949647532729103,0.09332091976097606,0.7653651473861905
CatBoost,0.9640949449927483,0.9961732124874119,0.08420545406825423,0.7653651473861905
CatBoost,0.9694364851957975,0.997583081570997,0.07884869969242043,0.7653651473861905
CatBoost,0.9868760833421769,0.9987915407854985,0.0567657597720361,0.7653651473861905
CatBoost,1.0,1.0,0.0026305937424207617,0.7653651473861905
XGBoost,0.0,0.0,inf,0.7608870997189033
XGBoost,0.00012381053450776468,0.0026183282980866062,0.9258612990379333,0.7608870997189033
XGBoost,0.0003183699458771092,0.006042296072507553,0.9156736135482788,0.7608870997189033
XGBoost,0.0005659910148926386,0.00785498489425982,0.9096067547798157,0.7608870997189033
XGBoost,0.0007074887686157982,0.011480362537764351,0.9045815467834473,0.7608870997189033
XGBoost,0.0009197353992005377,0.013293051359516616,0.9010828137397766,0.7608870997189033
XGBoost,0.0010612331529236973,0.014702920443101713,0.8976280689239502,0.7608870997189033
XGBoost,0.001255792564293042,0.018328298086606243,0.8916200995445251,0.7608870997189033
XGBoost,0.001627224167816336,0.020342396777442096,0.8865697979927063,0.7608870997189033
XGBoost,0.0018040963599702854,0.022960725075528703,0.8830051422119141,0.7608870997189033
XGBoost,0.0021755279634935796,0.025981873111782478,0.8781372308731079,0.7608870997189033
XGBoost,0.002317025717216739,0.027794561933534745,0.8769525289535522,0.7608870997189033
XGBoost,0.0024938979093706887,0.030211480362537766,0.8741782903671265,0.7608870997189033
XGBoost,0.0026353956630938485,0.033434038267875124,0.8724244236946106,0.7608870997189033
XGBoost,0.002776893416817008,0.03585095669687815,0.8706048727035522,0.7608870997189033
XGBoost,0.002936078389755563,0.03907351460221551,0.8669822216033936,0.7608870997189033
XGBoost,0.003254448335632672,0.04108761329305136,0.8652905821800232,0.7608870997189033
XGBoost,0.0034666949662174114,0.04310171198388721,0.863271176815033,0.7608870997189033
XGBoost,0.003625879939155966,0.04491440080563948,0.8619154691696167,0.7608870997189033
XGBoost,0.004014998761894655,0.04652567975830816,0.8590423464775085,0.7608870997189033
XGBoost,0.004191870954048604,0.04833836858006042,0.8569983243942261,0.7608870997189033
XGBoost,0.004368743146202554,0.04954682779456193,0.8551449179649353,0.7608870997189033
XGBoost,0.004616364215218083,0.05176233635448137,0.8535650968551636,0.7608870997189033
XGBoost,0.004740174749725848,0.05377643504531722,0.851841390132904,0.7608870997189033
XGBoost,0.004952421380310588,0.05639476334340383,0.8501584529876709,0.7608870997189033
XGBoost,0.005182355230110722,0.057603222557905336,0.8488388061523438,0.7608870997189033
XGBoost,0.005376914641480066,0.059415911379657606,0.8473015427589417,0.7608870997189033
XGBoost,0.0056245357104955955,0.06203423967774421,0.845202624797821,0.7608870997189033
XGBoost,0.005836782341080335,0.06404833836858007,0.8436489105224609,0.7608870997189033
XGBoost,0.006084403410095865,0.06545820745216516,0.8421522974967957,0.7608870997189033
XGBoost,0.006278962821465209,0.06706948640483383,0.8407151699066162,0.7608870997189033
XGBoost,0.006491209452049949,0.06908358509566968,0.8392186164855957,0.7608870997189033
XGBoost,0.006703456082634688,0.07089627391742195,0.8376830816268921,0.7608870997189033
XGBoost,0.0069510771516502175,0.07270896273917422,0.8360846042633057,0.7608870997189033
XGBoost,0.0074286320704658815,0.07452165156092648,0.8339115977287292,0.7608870997189033
XGBoost,0.007817750893204571,0.0771399798590131,0.8317609429359436,0.7608870997189033
XGBoost,0.008118433619866285,0.07854984894259819,0.8299241065979004,0.7608870997189033
XGBoost,0.008436803565743395,0.08136958710976838,0.8281379342079163,0.7608870997189033
XGBoost,0.008613675757897343,0.08257804632426989,0.8274518251419067,0.7608870997189033
XGBoost,0.008843609607697478,0.08418932527693856,0.8259503841400146,0.7608870997189033
XGBoost,0.009374226184159326,0.08620342396777442,0.8240989446640015,0.7608870997189033
XGBoost,0.00960416003395946,0.08841893252769385,0.8233430981636047,0.7608870997189033
XGBoost,0.009940217199051965,0.09083585095669688,0.8216601014137268,0.7608870997189033
XGBoost,0.0101701510488521,0.09244712990936556,0.8203421235084534,0.7608870997189033
XGBoost,0.010347023241006049,0.09425981873111783,0.8193933367729187,0.7608870997189033
XGBoost,0.010470833775513813,0.09566968781470292,0.8186658620834351,0.7608870997189033
XGBoost,0.010859952598252502,0.09788519637462235,0.8170391321182251,0.7608870997189033
XGBoost,0.011142948105698823,0.09969788519637462,0.816062331199646,0.7608870997189033
XGBoost,0.011390569174714352,0.10231621349446123,0.8146041035652161,0.7608870997189033
XGBoost,0.011585128586083696,0.10392749244712991,0.8137902617454529,0.7608870997189033
XGBoost,0.011762000778237646,0.10715005035246727,0.8121876120567322,0.7608870997189033
XGBoost,0.0119211857511762,0.10835850956696878,0.8116669654846191,0.7608870997189033
XGBoost,0.01213343238176094,0.10976837865055387,0.810345470905304,0.7608870997189033
XGBoost,0.012416427889207259,0.11117824773413898,0.8091638684272766,0.7608870997189033
XGBoost,0.012840921150376737,0.11258811681772407,0.8071467876434326,0.7608870997189033
XGBoost,0.013406912165269376,0.11399798590130916,0.8054617643356323,0.7608870997189033
XGBoost,0.013636846015069511,0.11540785498489425,0.804590106010437,0.7608870997189033
XGBoost,0.014202837029962148,0.11722054380664652,0.8026213049888611,0.7608870997189033
XGBoost,0.014768828044854788,0.11963746223564954,0.8005225658416748,0.7608870997189033
XGBoost,0.014963387456224133,0.12225579053373616,0.79975426197052,0.7608870997189033
XGBoost,0.015211008525239662,0.12386706948640483,0.7989535331726074,0.7608870997189033
XGBoost,0.015440942375039797,0.12608257804632428,0.7980507016181946,0.7608870997189033
XGBoost,0.0157769995401323,0.12789526686807653,0.7968860268592834,0.7608870997189033
XGBoost,0.016077682266794013,0.13011077542799598,0.7959704399108887,0.7608870997189033
XGBoost,0.016254554458947964,0.13152064451158108,0.7955220341682434,0.7608870997189033
XGBoost,0.01662598606247126,0.13313192346424974,0.7944278717041016,0.7608870997189033
XGBoost,0.01712122820050232,0.13474320241691842,0.7933582067489624,0.7608870997189033
XGBoost,0.017298100392656265,0.13595166163141995,0.7928884625434875,0.7608870997189033
XGBoost,0.01770490643461035,0.1377643504531722,0.7918578386306763,0.7608870997189033
XGBoost,0.018005589161272064,0.13977844914400805,0.7908123135566711,0.7608870997189033
XGBoost,0.01820014857264141,0.14118831822759315,0.7897093892097473,0.7608870997189033
XGBoost,0.018483144080087728,0.14300100704934543,0.7886617183685303,0.7608870997189033
XGBoost,0.018925324560472603,0.14521651560926485,0.7871477007865906,0.7608870997189033
XGBoost,0.019349817821642083,0.1472306143001007,0.7856654524803162,0.7608870997189033
XGBoost,0.019615126109873007,0.1486404833836858,0.7846869826316833,0.7608870997189033
XGBoost,0.020039619371042483,0.15025176233635448,0.7828392386436462,0.7608870997189033
XGBoost,0.020428738193781174,0.1528700906344411,0.7810549139976501,0.7608870997189033
XGBoost,0.02083554423573526,0.1542799597180262,0.7801079154014587,0.7608870997189033
XGBoost,0.021118539743181577,0.15568982880161128,0.7792677879333496,0.7608870997189033
XGBoost,0.021543033004351057,0.15770392749244713,0.7781045436859131,0.7608870997189033
XGBoost,0.021861402950228166,0.15911379657603222,0.7773834466934204,0.7608870997189033
XGBoost,0.022144398457674484,0.1607250755287009,0.7765009999275208,0.7608870997189033
XGBoost,0.022427393965120803,0.1623363544813696,0.7752660512924194,0.7608870997189033
XGBoost,0.022710389472567122,0.16414904330312186,0.7743440270423889,0.7608870997189033
XGBoost,0.023028759418444233,0.16576032225579054,0.7732396721839905,0.7608870997189033
XGBoost,0.023488627118044503,0.16817724068479356,0.7718409895896912,0.7608870997189033
XGBoost,0.023736248187060032,0.16998992950654582,0.7706571817398071,0.7608870997189033
XGBoost,0.02430223920195267,0.1713997985901309,0.7694097757339478,0.7608870997189033
XGBoost,0.024832855778414518,0.17260825780463243,0.7678614258766174,0.7608870997189033
XGBoost,0.025151225724291626,0.17401812688821752,0.7669511437416077,0.7608870997189033
XGBoost,0.0255934062046765,0.1754279959718026,0.7658166885375977,0.7608870997189033
XGBoost,0.02584102727369203,0.1772406847935549,0.7650144100189209,0.7608870997189033
XGBoost,0.026371643850153878,0.17905337361530715,0.7637620568275452,0.7608870997189033
XGBoost,0.026654639357600197,0.18046324269889225,0.7632457613945007,0.7608870997189033
XGBoost,0.02713219427641586,0.1822759315206445,0.7617905735969543,0.7608870997189033
XGBoost,0.02759206197601613,0.1838872104733132,0.7605795860290527,0.7608870997189033
XGBoost,0.027821995825816265,0.18549848942598188,0.7598031759262085,0.7608870997189033
XGBoost,0.028494110156001274,0.18690835850956697,0.7582864165306091,0.7608870997189033
XGBoost,0.028918603417170754,0.18872104733131922,0.7570548057556152,0.7608870997189033
XGBoost,0.02927234780147865,0.1903323262839879,0.7562791705131531,0.7608870997189033
XGBoost,0.02987371325480208,0.1919436052366566,0.7553007006645203,0.7608870997189033
XGBoost,0.03040432983126393,0.1933534743202417,0.754289984703064,0.7608870997189033
XGBoost,0.030793448654002617,0.19496475327291038,0.7531415224075317,0.7608870997189033
XGBoost,0.03137712688811065,0.19657603222557907,0.7520049810409546,0.7608870997189033
XGBoost,0.03192543068378789,0.19778449144008056,0.7508639693260193,0.7608870997189033
XGBoost,0.03245604726024974,0.19939577039274925,0.7492586374282837,0.7608870997189033
XGBoost,0.03272135554848067,0.20060422960725074,0.7484386563301086,0.7608870997189033
XGBoost,0.03312816159043475,0.20241691842900303,0.7474409937858582,0.7608870997189033
XGBoost,0.0336587781668966,0.20382678751258812,0.7462708950042725,0.7608870997189033
XGBoost,0.03426014362022003,0.20563947633434038,0.7446117997169495,0.7608870997189033
XGBoost,0.03452545190845095,0.20745216515609266,0.7435409426689148,0.7608870997189033
XGBoost,0.034896883511974244,0.20906344410876132,0.7428165674209595,0.7608870997189033
XGBoost,0.035356751211574514,0.2104733131923464,0.7418326139450073,0.7608870997189033
XGBoost,0.03565743393823623,0.21188318227593153,0.7410334348678589,0.7608870997189033
XGBoost,0.03583430613039018,0.21329305135951662,0.7402102947235107,0.7608870997189033
XGBoost,0.03640029714528282,0.21591137965760324,0.7385108470916748,0.7608870997189033
XGBoost,0.03673635431037532,0.2175226586102719,0.7379484176635742,0.7608870997189033
XGBoost,0.0371785347907602,0.21873111782477342,0.7372118234634399,0.7608870997189033
XGBoost,0.03758534083271428,0.22054380664652568,0.7364139556884766,0.7608870997189033
XGBoost,0.03809827018996073,0.22215508559919436,0.7348873615264893,0.7608870997189033
XGBoost,0.03854045067034561,0.22416918429003022,0.73366779088974,0.7608870997189033
XGBoost,0.038823446177791925,0.2253776435045317,0.732836902141571,0.7608870997189033
XGBoost,0.03942481163111536,0.22678751258811683,0.7316920161247253,0.7608870997189033
XGBoost,0.040079238742084966,0.2283987915407855,0.7304117679595947,0.7608870997189033
XGBoost,0.0406806041954084,0.22980866062437058,0.7294678092002869,0.7608870997189033
XGBoost,0.041034348579716294,0.2312185297079557,0.7288388013839722,0.7608870997189033
XGBoost,0.04160033959460894,0.23343403826787512,0.7277916073799133,0.7608870997189033
XGBoost,0.042237079486363155,0.2348439073514602,0.7263146042823792,0.7608870997189033
XGBoost,0.042696947185963424,0.2366565961732125,0.7253872752189636,0.7608870997189033
XGBoost,0.04301531713184053,0.237865055387714,0.7248315811157227,0.7608870997189033
XGBoost,0.04342212317379462,0.23907351460221551,0.7239907383918762,0.7608870997189033
XGBoost,0.0438466164349641,0.2406847935548842,0.723125696182251,0.7608870997189033
XGBoost,0.044430294669072126,0.2420946626384693,0.7220737338066101,0.7608870997189033
XGBoost,0.04466022851887226,0.24370594159113795,0.7214773297309875,0.7608870997189033
XGBoost,0.04543846616434964,0.24491440080563948,0.7196448445320129,0.7608870997189033
XGBoost,0.04575683611022675,0.24672708962739173,0.7190852761268616,0.7608870997189033
XGBoost,0.04639357600198097,0.24793554884189326,0.7177903652191162,0.7608870997189033
XGBoost,0.04727793696275072,0.24934541792547835,0.7160407900810242,0.7608870997189033
XGBoost,0.04786161519685875,0.25095669687814703,0.7147462368011475,0.7608870997189033
XGBoost,0.04832148289645902,0.2525679758308157,0.7136845588684082,0.7608870997189033
XGBoost,0.04904665888429021,0.2541792547834844,0.7125595808029175,0.7608870997189033
XGBoost,0.04950652658389048,0.25579053373615307,0.7115790843963623,0.7608870997189033
XGBoost,0.05010789203721391,0.2578046324269889,0.7104242444038391,0.7608870997189033
XGBoost,0.051027627436414445,0.25901309164149044,0.7086223363876343,0.7608870997189033
XGBoost,0.05136368460150695,0.2606243705941591,0.707923173904419,0.7608870997189033
XGBoost,0.05169974176659946,0.2620342396777442,0.7073376178741455,0.7608870997189033
XGBoost,0.05219498390463052,0.2638469284994965,0.706551194190979,0.7608870997189033
XGBoost,0.05249566663129223,0.26525679758308157,0.7059367299079895,0.7608870997189033
XGBoost,0.053203155399908025,0.26686807653575023,0.7047861218452454,0.7608870997189033
XGBoost,0.05357458700343132,0.2682779456193353,0.704367458820343,0.7608870997189033
XGBoost,0.054441260744985676,0.26948640483383685,0.7028390765190125,0.7608870997189033
XGBoost,0.05509568785595529,0.27109768378650556,0.7017318606376648,0.7608870997189033
XGBoost,0.055732427747709506,0.2727089627391742,0.7004423141479492,0.7608870997189033
XGBoost,0.05640454207789451,0.2743202416918429,0.699083149433136,0.7608870997189033
XGBoost,0.056581414270048466,0.27613293051359517,0.6984856128692627,0.7608870997189033
XGBoost,0.05705896918886413,0.27754279959718026,0.6974561810493469,0.7608870997189033
XGBoost,0.05746577523081821,0.27895266868076535,0.6965691447257996,0.7608870997189033
XGBoost,0.05813788956100322,0.28076535750251763,0.6951507925987244,0.7608870997189033
XGBoost,0.058792316671972836,0.2821752265861027,0.6940075159072876,0.7608870997189033
XGBoost,0.05942905656372705,0.2845921450151057,0.6922924518585205,0.7608870997189033
XGBoost,0.059694364851957976,0.28620342396777443,0.6917390823364258,0.7608870997189033
XGBoost,0.06013654533234285,0.2880161127895267,0.6907792687416077,0.7608870997189033
XGBoost,0.06056103859351233,0.2894259818731118,0.6901602745056152,0.7608870997189033
XGBoost,0.061127029608404965,0.2916414904330312,0.6889650821685791,0.7608870997189033
XGBoost,0.061498461211928264,0.2930513595166163,0.688335657119751,0.7608870997189033
XGBoost,0.061976016130743924,0.29425981873111784,0.687445342540741,0.7608870997189033
XGBoost,0.06280731543386749,0.29566968781470293,0.6862205266952515,0.7608870997189033
XGBoost,0.06335561922954473,0.297079556898288,0.6852971315383911,0.7608870997189033
XGBoost,0.06376242527149882,0.2986908358509567,0.6844520568847656,0.7608870997189033
XGBoost,0.06422229297109909,0.3001007049345418,0.6836736798286438,0.7608870997189033
XGBoost,0.06461141179383777,0.30151057401812686,0.6829318404197693,0.7608870997189033
XGBoost,0.06507127949343804,0.302920443101712,0.68217533826828,0.7608870997189033
XGBoost,0.0655311471930383,0.3043303121852971,0.6812530159950256,0.7608870997189033
XGBoost,0.06607945098871555,0.30614300100704933,0.6803447604179382,0.7608870997189033
XGBoost,0.06696381194948531,0.30775427995971805,0.6788468360900879,0.7608870997189033
XGBoost,0.06752980296437794,0.3093655589123867,0.6780614256858826,0.7608870997189033
XGBoost,0.06829035339063992,0.31057401812688823,0.6769441962242126,0.7608870997189033
XGBoost,0.06859103611730163,0.31238670694864046,0.6764619946479797,0.7608870997189033
XGBoost,0.06924546322827126,0.3137965760322256,0.6752409934997559,0.7608870997189033
XGBoost,0.0697760798047331,0.31500503524672707,0.6744593977928162,0.7608870997189033
XGBoost,0.07044819413491811,0.3162134944612286,0.6734889149665833,0.7608870997189033
XGBoost,0.07127949343804167,0.31822759315206445,0.6718736290931702,0.7608870997189033
XGBoost,0.0718808588913651,0.31963746223564954,0.6706181168556213,0.7608870997189033
XGBoost,0.07230535215253457,0.3214501510574018,0.669815182685852,0.7608870997189033
XGBoost,0.07322508755173511,0.3234642497482377,0.6681205630302429,0.7608870997189033
XGBoost,0.07354345749761222,0.3246727089627392,0.6675968170166016,0.7608870997189033
XGBoost,0.07407407407407407,0.32588116817724067,0.6661783456802368,0.7608870997189033
XGBoost,0.07446319289681276,0.3274924471299094,0.6654725670814514,0.7608870997189033
XGBoost,0.0754006155152287,0.32910372608257804,0.6639982461929321,0.7608870997189033
XGBoost,0.07614347872227528,0.33031218529707956,0.6628421545028687,0.7608870997189033
XGBoost,0.07670946973716793,0.33172205438066465,0.6616671085357666,0.7608870997189033
XGBoost,0.07736389684813753,0.3329305135951662,0.6607457995414734,0.7608870997189033
XGBoost,0.07761151791715307,0.3341389728096677,0.66026371717453,0.7608870997189033
XGBoost,0.07828363224733807,0.33534743202416917,0.6591245532035828,0.7608870997189033
XGBoost,0.07877887438536914,0.3365558912386707,0.6582923531532288,0.7608870997189033
XGBoost,0.07911493155046163,0.3377643504531722,0.6578540802001953,0.7608870997189033
XGBoost,0.07941561427712335,0.3387713997985901,0.6573799848556519,0.7608870997189033
XGBoost,0.0799639180728006,0.33997985901309163,0.6568158864974976,0.7608870997189033
XGBoost,0.08070678127984718,0.3417925478348439,0.6556822061538696,0.7608870997189033
XGBoost,0.08144964448689378,0.343202416918429,0.6542529463768005,0.7608870997189033
XGBoost,0.08198026106335563,0.34441087613293053,0.6536329984664917,0.7608870997189033
XGBoost,0.08263468817432523,0.3458207452165156,0.6523933410644531,0.7608870997189033
XGBoost,0.08334217694294103,0.3472306143001007,0.6516135931015015,0.7608870997189033
XGBoost,0.08445647175351091,0.3486404833836858,0.650011420249939,0.7608870997189033
XGBoost,0.08558845378329619,0.3500503524672709,0.6484590768814087,0.7608870997189033
XGBoost,0.08640206586720436,0.351460221550856,0.6473013758659363,0.7608870997189033
XGBoost,0.08707418019738937,0.3528700906344411,0.646270215511322,0.7608870997189033
XGBoost,0.08795854115815911,0.3544813695871098,0.6450380682945251,0.7608870997189033
XGBoost,0.0883830344193286,0.3558912386706949,0.6442292332649231,0.7608870997189033
XGBoost,0.08914358484559058,0.35730110775428,0.6432527303695679,0.7608870997189033
XGBoost,0.0893912059146061,0.35850956696878145,0.6427016854286194,0.7608870997189033
XGBoost,0.08999257136792953,0.36012084592145016,0.6417444944381714,0.7608870997189033
XGBoost,0.09052318794439139,0.3613293051359517,0.641204297542572,0.7608870997189033
XGBoost,0.09149598500123811,0.36294058408862034,0.639801025390625,0.7608870997189033
XGBoost,0.091849729385546,0.3649546827794562,0.6392316818237305,0.7608870997189033
XGBoost,0.09215041211220772,0.3661631419939577,0.6387860178947449,0.7608870997189033
XGBoost,0.09269871590788496,0.3675730110775428,0.6380290389060974,0.7608870997189033
XGBoost,0.09324701970356221,0.36918429003021147,0.63740074634552,0.7608870997189033
XGBoost,0.09390144681453182,0.3707955689828802,0.6362252235412598,0.7608870997189033
XGBoost,0.0946619972407938,0.37200402819738165,0.6352411508560181,0.7608870997189033
XGBoost,0.09542254766705578,0.3732124874118832,0.634295642375946,0.7608870997189033
XGBoost,0.09593547702430225,0.37462235649546827,0.6336618065834045,0.7608870997189033
XGBoost,0.0964307191623333,0.376233635448137,0.6327781081199646,0.7608870997189033
XGBoost,0.09729739290388766,0.3776435045317221,0.6317330002784729,0.7608870997189033
XGBoost,0.09791644557642648,0.37925478348439073,0.6308425068855286,0.7608870997189033
XGBoost,0.0981817538646574,0.38046324269889226,0.6304429173469543,0.7608870997189033
XGBoost,0.09871237044111925,0.3816717019133938,0.629630446434021,0.7608870997189033
XGBoost,0.09954366974424281,0.38328298086606244,0.6286160349845886,0.7608870997189033
XGBoost,0.10021578407442781,0.38469284994964753,0.6277828216552734,0.7608870997189033
XGBoost,0.1006402773355973,0.38590130916414905,0.6272664070129395,0.7608870997189033
XGBoost,0.10138314054264388,0.3871097683786506,0.6265432238578796,0.7608870997189033
XGBoost,0.10207294209204429,0.38851963746223567,0.6256026029586792,0.7608870997189033
XGBoost,0.10246206091478298,0.38992950654582076,0.6249577403068542,0.7608870997189033
XGBoost,0.1030988008065372,0.3911379657603223,0.6240764856338501,0.7608870997189033
XGBoost,0.10364710460221443,0.3925478348439074,0.6234588027000427,0.7608870997189033
XGBoost,0.10446071668612261,0.39395770392749246,0.6226335763931274,0.7608870997189033
XGBoost,0.10495595882415366,0.39536757301107756,0.6218542456626892,0.7608870997189033
XGBoost,0.10569882203120025,0.3965760322255791,0.6207992434501648,0.7608870997189033
XGBoost,0.1062294386076621,0.3983887210473313,0.6200924515724182,0.7608870997189033
XGBoost,0.1069192401570625,0.39959718026183283,0.6186933517456055,0.7608870997189033
XGBoost,0.10743216951430896,0.4012084592145015,0.6180567145347595,0.7608870997189033
XGBoost,0.10794509887155541,0.402416918429003,0.6173611879348755,0.7608870997189033
XGBoost,0.10897095758604833,0.4040281973816717,0.6162452101707458,0.7608870997189033
XGBoost,0.10951926138172556,0.4054380664652568,0.6156228184700012,0.7608870997189033
XGBoost,0.11050974565778768,0.4068479355488419,0.614372730255127,0.7608870997189033
XGBoost,0.11100498779581874,0.4080563947633434,0.6136511564254761,0.7608870997189033
XGBoost,0.11199547207188086,0.4094662638469285,0.6123902201652527,0.7608870997189033
XGBoost,0.11257915030598889,0.41127895266868075,0.611727774143219,0.7608870997189033
XGBoost,0.11298595634794298,0.4124874118831823,0.6112602949142456,0.7608870997189033
XGBoost,0.11342813682832785,0.41450151057401813,0.6106286644935608,0.7608870997189033
XGBoost,0.11410025115851286,0.4159113796576032,0.6097766160964966,0.7608870997189033
XGBoost,0.1146662421734055,0.4175226586102719,0.6090900897979736,0.7608870997189033
XGBoost,0.11517917153065195,0.4191339375629406,0.6083810329437256,0.7608870997189033
XGBoost,0.11599278361456011,0.4203423967774421,0.6074202060699463,0.7608870997189033
XGBoost,0.11678870847925289,0.4217522658610272,0.6064294576644897,0.7608870997189033
XGBoost,0.11717782730199158,0.4231621349446123,0.605771005153656,0.7608870997189033
XGBoost,0.11839824542785383,0.42477341389728096,0.6040105819702148,0.7608870997189033
XGBoost,0.11903498531960804,0.42618328298086605,0.6031194925308228,0.7608870997189033
XGBoost,0.119883971841947,0.427190332326284,0.6020724773406982,0.7608870997189033
XGBoost,0.12064452226820899,0.4283987915407855,0.6009500622749329,0.7608870997189033
XGBoost,0.12144044713290177,0.4308157099697885,0.5997860431671143,0.7608870997189033
XGBoost,0.12209487424387137,0.4326283987915408,0.5989504456520081,0.7608870997189033
XGBoost,0.12239555697053309,0.43383685800604227,0.5984693169593811,0.7608870997189033
XGBoost,0.12350985178110298,0.4352467270896274,0.5973075032234192,0.7608870997189033
XGBoost,0.12465952103010365,0.4368580060422961,0.5960535407066345,0.7608870997189033
XGBoost,0.12503095263362693,0.43846928499496474,0.5956394076347351,0.7608870997189033
XGBoost,0.12570306696381195,0.4398791540785498,0.5948486924171448,0.7608870997189033
XGBoost,0.12628674519792,0.44108761329305135,0.5939034223556519,0.7608870997189033
XGBoost,0.12667586402065867,0.44249748237663644,0.5933291912078857,0.7608870997189033
XGBoost,0.12706498284339737,0.44390735146022153,0.5928319096565247,0.7608870997189033
XGBoost,0.12740104000848987,0.4453172205438066,0.5924236178398132,0.7608870997189033
XGBoost,0.12802009268102868,0.4471299093655589,0.5916963219642639,0.7608870997189033
XGBoost,0.12925819802610633,0.44874118831822757,0.5902448892593384,0.7608870997189033
XGBoost,0.1300364356715837,0.4499496475327291,0.5892565846443176,0.7608870997189033
XGBoost,0.1308500477554919,0.4511581067472306,0.5885047912597656,0.7608870997189033
XGBoost,0.13134528989352295,0.4529707955689829,0.587838888168335,0.7608870997189033
XGBoost,0.1318759064699848,0.45417925478348437,0.5872341990470886,0.7608870997189033
XGBoost,0.13297251406133928,0.4555891238670695,0.5862264633178711,0.7608870997189033
XGBoost,0.1333262584456472,0.456797583081571,0.58567214012146,0.7608870997189033
XGBoost,0.13389224946053982,0.4584088620342397,0.5848550796508789,0.7608870997189033
XGBoost,0.13484735929817115,0.45961732124874116,0.5839093923568726,0.7608870997189033
XGBoost,0.13541335031306379,0.4608257804632427,0.5832833051681519,0.7608870997189033
XGBoost,0.1359970285471718,0.4620342396777442,0.5825266242027283,0.7608870997189033
XGBoost,0.1364038345891259,0.46324269889224573,0.5820444822311401,0.7608870997189033
XGBoost,0.13774806324949593,0.46424974823766363,0.5801841020584106,0.7608870997189033
XGBoost,0.13891541971771199,0.46545820745216515,0.5787723064422607,0.7608870997189033
XGBoost,0.14006508896671266,0.4670694864048338,0.5775121450424194,0.7608870997189033
XGBoost,0.14100251158512858,0.4688821752265861,0.5763407349586487,0.7608870997189033
XGBoost,0.14133856875022108,0.47089627391742195,0.5759040713310242,0.7608870997189033
XGBoost,0.14225830414942162,0.47210473313192347,0.5749436020851135,0.7608870997189033
XGBoost,0.14316035232940677,0.47351460221550856,0.5737254023551941,0.7608870997189033
XGBoost,0.1441508366054689,0.4751258811681772,0.5726861953735352,0.7608870997189033
XGBoost,0.1448583253740847,0.4769385699899295,0.5718014240264893,0.7608870997189033
XGBoost,0.14593724574622377,0.4783484390735146,0.5703703165054321,0.7608870997189033
XGBoost,0.1465562984187626,0.47995971802618326,0.5696455836296082,0.7608870997189033
XGBoost,0.14713997665287062,0.4819738167170191,0.568972647190094,0.7608870997189033
XGBoost,0.14768828044854787,0.48318227593152063,0.5683767795562744,0.7608870997189033
XGBoost,0.14862570306696382,0.48479355488418935,0.5671440958976746,0.7608870997189033
XGBoost,0.14924475573950263,0.48620342396777444,0.5664437413215637,0.7608870997189033
XGBoost,0.14984612119282606,0.4874118831822759,0.5658822655677795,0.7608870997189033
XGBoost,0.1503944249885033,0.48862034239677743,0.5652632117271423,0.7608870997189033
XGBoost,0.15122572429162687,0.4900302114803625,0.5642842054367065,0.7608870997189033
XGBoost,0.1521631469100428,0.49123867069486404,0.5632449984550476,0.7608870997189033
XGBoost,0.1525876401712123,0.49244712990936557,0.5628102421760559,0.7608870997189033
XGBoost,0.15318900562453572,0.4936555891238671,0.5622115731239319,0.7608870997189033
XGBoost,0.15400261770844387,0.4954682779456193,0.561215877532959,0.7608870997189033
XGBoost,0.1549223531076444,0.4968781470292044,0.5603460669517517,0.7608870997189033
XGBoost,0.15543528246489086,0.49808660624370593,0.5595808625221252,0.7608870997189033
XGBoost,0.15584208850684494,0.499496475327291,0.5591042637825012,0.7608870997189033
XGBoost,0.15660263893310694,0.5011077542799597,0.5580145120620728,0.7608870997189033
XGBoost,0.1573631893593689,0.5025176233635448,0.5572009682655334,0.7608870997189033
XGBoost,0.15822986310092327,0.5037260825780463,0.5563751459121704,0.7608870997189033
XGBoost,0.15854823304680038,0.5051359516616314,0.5559301972389221,0.7608870997189033
XGBoost,0.15936184513070856,0.5063444108761329,0.5549923181533813,0.7608870997189033
XGBoost,0.15976865117266265,0.5075528700906344,0.5543741583824158,0.7608870997189033
XGBoost,0.16098906929852488,0.5089627391742195,0.5532718896865845,0.7608870997189033
XGBoost,0.16189111747851004,0.5103726082578046,0.552215576171875,0.7608870997189033
XGBoost,0.1622979235204641,0.5117824773413897,0.5518025159835815,0.7608870997189033
XGBoost,0.1630230995082953,0.5129909365558912,0.5510213971138,0.7608870997189033
XGBoost,0.1633945311118186,0.5144008056394763,0.550565242767334,0.7608870997189033
XGBoost,0.16466801089532704,0.5156092648539778,0.5493844747543335,0.7608870997189033
XGBoost,0.16528706356786585,0.5168177240684794,0.5485877394676208,0.7608870997189033
XGBoost,0.16686122607803602,0.5182275931520645,0.5471306443214417,0.7608870997189033
XGBoost,0.16788708479252892,0.5198388721047331,0.5460315942764282,0.7608870997189033
XGBoost,0.1682762036152676,0.5214501510574018,0.5454715490341187,0.7608870997189033
XGBoost,0.16878913297251405,0.5226586102719033,0.5448554158210754,0.7608870997189033
XGBoost,0.16993880222151472,0.5246727089627392,0.5435914993286133,0.7608870997189033
XGBoost,0.17084085040149988,0.5260825780463243,0.5426074266433716,0.7608870997189033
XGBoost,0.17133609253953094,0.5272910372608258,0.5420987010002136,0.7608870997189033
XGBoost,0.17168983692383882,0.5287009063444109,0.5415792465209961,0.7608870997189033
XGBoost,0.17204358130814673,0.5303121852970796,0.5411417484283447,0.7608870997189033
XGBoost,0.17266263398068557,0.5317220543806647,0.5404460430145264,0.7608870997189033
XGBoost,0.1731578761187166,0.5329305135951662,0.5399751663208008,0.7608870997189033
XGBoost,0.1739007393257632,0.5343403826787513,0.539306104183197,0.7608870997189033
XGBoost,0.17487353638260994,0.5357502517623364,0.5383462905883789,0.7608870997189033
XGBoost,0.17579327178181045,0.5369587109768379,0.5372995138168335,0.7608870997189033
XGBoost,0.176713007181011,0.5385699899295066,0.5364552736282349,0.7608870997189033
XGBoost,0.17795111252608864,0.5397784491440081,0.53495854139328,0.7608870997189033
XGBoost,0.1791892178711663,0.5411883182275932,0.5336068868637085,0.7608870997189033
XGBoost,0.17975520888605892,0.5425981873111783,0.5331283211708069,0.7608870997189033
XGBoost,0.1805511337507517,0.5438066465256798,0.5323859453201294,0.7608870997189033
XGBoost,0.18136474583465986,0.5450151057401813,0.531553328037262,0.7608870997189033
XGBoost,0.18210760904170648,0.54662638469285,0.5307822823524475,0.7608870997189033
XGBoost,0.18292122112561462,0.5478348439073515,0.5299274921417236,0.7608870997189033
XGBoost,0.18417701368990766,0.549043303121853,0.5287139415740967,0.7608870997189033
XGBoost,0.1861756694612473,0.5502517623363545,0.5270107388496399,0.7608870997189033
XGBoost,0.1869539071067247,0.5526686807653575,0.5262238383293152,0.7608870997189033
XGBoost,0.18806820191729456,0.5542799597180262,0.525147020816803,0.7608870997189033
XGBoost,0.18897025009727972,0.5556898288016113,0.5242934823036194,0.7608870997189033
XGBoost,0.1904559765113729,0.5575025176233636,0.5228307247161865,0.7608870997189033
XGBoost,0.19141108634900422,0.5587109768378651,0.5220955014228821,0.7608870997189033
XGBoost,0.19195939014468144,0.5601208459214502,0.5216216444969177,0.7608870997189033
XGBoost,0.19243694506349712,0.5615307150050353,0.5210767388343811,0.7608870997189033
XGBoost,0.19346280377799002,0.5629405840886204,0.5199426412582397,0.7608870997189033
XGBoost,0.1941702925466058,0.5643504531722054,0.5193210244178772,0.7608870997189033
XGBoost,0.194983904630514,0.5657603222557905,0.518550455570221,0.7608870997189033
XGBoost,0.19574445505677598,0.5671701913393756,0.5178152918815613,0.7608870997189033
XGBoost,0.19749548975910008,0.5687814702920443,0.516086757183075,0.7608870997189033
XGBoost,0.19868053344653153,0.570392749244713,0.5146787166595459,0.7608870997189033
XGBoost,0.19991863879160918,0.5716012084592145,0.5135588049888611,0.7608870997189033
XGBoost,0.20067918921787117,0.572809667673716,0.5129523873329163,0.7608870997189033
XGBoost,0.2020057306590258,0.5740181268882175,0.5113850235939026,0.7608870997189033
XGBoost,0.20290777883901093,0.5754279959718026,0.5105501413345337,0.7608870997189033
XGBoost,0.2037213909229191,0.5768378650553877,0.5097333788871765,0.7608870997189033
XGBoost,0.20432275637624253,0.5782477341389728,0.509125828742981,0.7608870997189033
XGBoost,0.20575542113268952,0.5794561933534743,0.507577657699585,0.7608870997189033
XGBoost,0.20667515653189006,0.5806646525679758,0.50675368309021,0.7608870997189033
XGBoost,0.20770101524638296,0.5818731117824774,0.5058510303497314,0.7608870997189033
XGBoost,0.2089744950298914,0.5830815709969789,0.5047347545623779,0.7608870997189033
XGBoost,0.2104071597863384,0.5842900302114804,0.5032711029052734,0.7608870997189033
XGBoost,0.21199900951572392,0.5856998992950655,0.501849889755249,0.7608870997189033
XGBoost,0.21275955994198592,0.5871097683786506,0.5009658932685852,0.7608870997189033
XGBoost,0.21339629983374014,0.5887210473313192,0.5003982186317444,0.7608870997189033
XGBoost,0.214599030740387,0.5901309164149043,0.49942225217819214,0.7608870997189033
XGBoost,0.21514733453606424,0.5915407854984894,0.49881571531295776,0.7608870997189033
XGBoost,0.2157310127701723,0.5929506545820745,0.4980771839618683,0.7608870997189033
XGBoost,0.21673918426544977,0.594159113796576,0.49716657400131226,0.7608870997189033
XGBoost,0.21746436025328097,0.5955689828801611,0.4963572323322296,0.7608870997189033
XGBoost,0.21801266404895822,0.5973816717019134,0.4958592653274536,0.7608870997189033
XGBoost,0.21861402950228165,0.5987915407854985,0.4952869713306427,0.7608870997189033
XGBoost,0.21960451377834378,0.6008056394763344,0.49439537525177,0.7608870997189033
XGBoost,0.22045350030068273,0.602416918429003,0.49362167716026306,0.7608870997189033
XGBoost,0.22100180409635997,0.603423967774421,0.49303504824638367,0.7608870997189033
XGBoost,0.2216385439881142,0.6050352467270896,0.4924451410770416,0.7608870997189033
XGBoost,0.2226467154833917,0.6062437059415912,0.4915095269680023,0.7608870997189033
XGBoost,0.2244154374049312,0.6074521651560927,0.4901101589202881,0.7608870997189033
XGBoost,0.22492836676217765,0.6088620342396778,0.48962682485580444,0.7608870997189033
XGBoost,0.2254589833386395,0.6102719033232629,0.48914799094200134,0.7608870997189033
XGBoost,0.2264494676147016,0.6112789526686808,0.4882005751132965,0.7608870997189033
XGBoost,0.22834200007074887,0.6126888217522659,0.48630908131599426,0.7608870997189033
XGBoost,0.229332484346811,0.6138972809667673,0.4853123128414154,0.7608870997189033
XGBoost,0.2303937174997347,0.6155085599194361,0.4843713343143463,0.7608870997189033
XGBoost,0.23118964236442746,0.6165156092648539,0.4837785065174103,0.7608870997189033
XGBoost,0.23232162439421275,0.617925478348439,0.48268601298332214,0.7608870997189033
XGBoost,0.2331352364781209,0.6193353474320241,0.4819883406162262,0.7608870997189033
XGBoost,0.23400191021967526,0.6207452165156092,0.4811055362224579,0.7608870997189033
XGBoost,0.23470939898829107,0.622356495468278,0.48043760657310486,0.7608870997189033
XGBoost,0.23569988326435318,0.6235649546827795,0.4793757498264313,0.7608870997189033
XGBoost,0.23646043369061517,0.6249748237663646,0.47882094979286194,0.7608870997189033
XGBoost,0.23764547737804662,0.626183282980866,0.4778269827365875,0.7608870997189033
XGBoost,0.23835296614666243,0.6273917421953675,0.4772568941116333,0.7608870997189033
XGBoost,0.23966182036860165,0.6290030211480363,0.4760075509548187,0.7608870997189033
XGBoost,0.2408999257136793,0.6300100704934541,0.47495701909065247,0.7608870997189033
XGBoost,0.24183734833209522,0.6312185297079557,0.47430384159088135,0.7608870997189033
XGBoost,0.24256252431992642,0.6324269889224572,0.4736059010028839,0.7608870997189033
XGBoost,0.24291626870423433,0.6336354481369587,0.47314995527267456,0.7608870997189033
XGBoost,0.24332307474618842,0.6350453172205438,0.4726972281932831,0.7608870997189033
XGBoost,0.24411899961088118,0.6364551863041289,0.471979558467865,0.7608870997189033
XGBoost,0.24526866885988186,0.6374622356495468,0.47108468413352966,0.7608870997189033
XGBoost,0.24668364639711346,0.6386706948640484,0.46990764141082764,0.7608870997189033
XGBoost,0.24762106901552938,0.6398791540785499,0.4692680835723877,0.7608870997189033
XGBoost,0.2482578089072836,0.641289023162135,0.4687483608722687,0.7608870997189033
XGBoost,0.24988503307509993,0.6424974823766365,0.467403382062912,0.7608870997189033
XGBoost,0.2518306271887934,0.6441087613293052,0.4658842384815216,0.7608870997189033
XGBoost,0.25260886483427075,0.6455186304128903,0.46516960859298706,0.7608870997189033
XGBoost,0.25411227846757933,0.6467270896273918,0.46385952830314636,0.7608870997189033
XGBoost,0.25513813718207223,0.6481369587109769,0.4629279375076294,0.7608870997189033
XGBoost,0.256022498142842,0.6493454179254784,0.46222376823425293,0.7608870997189033
XGBoost,0.2575082245569352,0.6509566968781471,0.4608531594276428,0.7608870997189033
XGBoost,0.2587286426827974,0.6521651560926486,0.4596714675426483,0.7608870997189033
XGBoost,0.25929463369769007,0.6535750251762337,0.4591827690601349,0.7608870997189033
XGBoost,0.2601789946584598,0.6547834843907352,0.45846012234687805,0.7608870997189033
XGBoost,0.2611871661537373,0.655790533736153,0.45762667059898376,0.7608870997189033
XGBoost,0.2633626941172309,0.6569989929506546,0.45599931478500366,0.7608870997189033
XGBoost,0.26475998443524706,0.6584088620342397,0.4549276828765869,0.7608870997189033
XGBoost,0.26700626127560223,0.6598187311178247,0.45317572355270386,0.7608870997189033
XGBoost,0.26840355159361845,0.6610271903323263,0.4519742727279663,0.7608870997189033
XGBoost,0.2689695426085111,0.6624370594159114,0.4514646530151367,0.7608870997189033
XGBoost,0.2700130885422194,0.6636455186304129,0.45085716247558594,0.7608870997189033
XGBoost,0.27086207506455834,0.6652567975830815,0.45011767745018005,0.7608870997189033
XGBoost,0.27158725105238957,0.6666666666666666,0.449517160654068,0.7608870997189033
XGBoost,0.27218861650571297,0.6678751258811682,0.4490150213241577,0.7608870997189033
XGBoost,0.27360359404294454,0.6692849949647532,0.4478538930416107,0.7608870997189033
XGBoost,0.27445258056528354,0.6708962739174219,0.4471036195755005,0.7608870997189033
XGBoost,0.2762036152676076,0.672306143001007,0.4456366002559662,0.7608870997189033
XGBoost,0.2778485266546394,0.673313192346425,0.4444687068462372,0.7608870997189033
XGBoost,0.27905125756128624,0.67472306143001,0.44356316328048706,0.7608870997189033
XGBoost,0.2800594290565637,0.6755287009063444,0.44279226660728455,0.7608870997189033
XGBoost,0.2808376667020411,0.676737160120846,0.44210192561149597,0.7608870997189033
XGBoost,0.2829778202271039,0.6779456193353475,0.4404512047767639,0.7608870997189033
XGBoost,0.2840744278184584,0.6793554884189326,0.4395662248134613,0.7608870997189033
XGBoost,0.2851002865329513,0.6803625377643504,0.4386840760707855,0.7608870997189033
XGBoost,0.28600233471293646,0.6817724068479355,0.43814149498939514,0.7608870997189033
XGBoost,0.2876118716615374,0.6831822759315207,0.4370650053024292,0.7608870997189033
XGBoost,0.28948671689836925,0.6843907351460221,0.4356319010257721,0.7608870997189033
XGBoost,0.29038876507835437,0.6855991943605236,0.4347616732120514,0.7608870997189033
XGBoost,0.2907601966818777,0.6868076535750252,0.434459924697876,0.7608870997189033
XGBoost,0.29146768545049345,0.6878147029204431,0.4338037073612213,0.7608870997189033
XGBoost,0.2924051080689094,0.6892245720040282,0.4330282211303711,0.7608870997189033
XGBoost,0.29325409459124835,0.6906344410876133,0.43236225843429565,0.7608870997189033
XGBoost,0.294403763840249,0.6918429003021148,0.4316284656524658,0.7608870997189033
XGBoost,0.2952350631433726,0.6932527693856999,0.43095335364341736,0.7608870997189033
XGBoost,0.2965792918037426,0.6944612286002014,0.4300583600997925,0.7608870997189033
XGBoost,0.2981003926562666,0.6954682779456194,0.42894768714904785,0.7608870997189033
XGBoost,0.29965686794722135,0.6966767371601208,0.42783239483833313,0.7608870997189033
XGBoost,0.3010718454844529,0.6980866062437059,0.4268527626991272,0.7608870997189033
XGBoost,0.30208001697973047,0.6996978851963747,0.4260108470916748,0.7608870997189033
XGBoost,0.30282288018677705,0.7009063444108762,0.42536723613739014,0.7608870997189033
XGBoost,0.30391948777813155,0.7025176233635448,0.424518883228302,0.7608870997189033
XGBoost,0.3050514698079168,0.7037260825780464,0.42368432879447937,0.7608870997189033
XGBoost,0.3071385616753334,0.7049345417925479,0.4223542809486389,0.7608870997189033
XGBoost,0.30864197530864196,0.7061430010070493,0.42133501172065735,0.7608870997189033
XGBoost,0.3111535604372281,0.7077542799597181,0.41958102583885193,0.7608870997189033
XGBoost,0.3120202341787824,0.7089627391742196,0.4188966453075409,0.7608870997189033
XGBoost,0.3143018854575684,0.710171198388721,0.4171786308288574,0.7608870997189033
XGBoost,0.3151331847606919,0.7113796576032225,0.4165300130844116,0.7608870997189033
XGBoost,0.3164420389826311,0.7123867069486405,0.41549399495124817,0.7608870997189033
XGBoost,0.31833457143867844,0.713595166163142,0.4139763116836548,0.7608870997189033
XGBoost,0.31895362411121725,0.7148036253776435,0.4135366678237915,0.7608870997189033
XGBoost,0.3211999009515724,0.7164149043303122,0.4119223654270172,0.7608870997189033
XGBoost,0.32346386501114294,0.7176233635448137,0.41020089387893677,0.7608870997189033
XGBoost,0.3254271463440518,0.718429003021148,0.4083365499973297,0.7608870997189033
XGBoost,0.32615232233188296,0.7198388721047332,0.4077587127685547,0.7608870997189033
XGBoost,0.32719586826559127,0.7212487411883183,0.4069051146507263,0.7608870997189033
XGBoost,0.32795641869185327,0.7224572004028197,0.40641435980796814,0.7608870997189033
XGBoost,0.32953058120202344,0.7236656596173212,0.4050004780292511,0.7608870997189033
XGBoost,0.33089249708160884,0.7248741188318227,0.40391987562179565,0.7608870997189033
XGBoost,0.3322367257419788,0.7260825780463243,0.40297988057136536,0.7608870997189033
XGBoost,0.33328027167568713,0.7272910372608258,0.4022578001022339,0.7608870997189033
XGBoost,0.3345537514591956,0.7287009063444109,0.4012308120727539,0.7608870997189033
XGBoost,0.33596872899642716,0.7297079556898288,0.4003009498119354,0.7608870997189033
XGBoost,0.33784357423325906,0.7311178247734139,0.3990775942802429,0.7608870997189033
XGBoost,0.3394177367434292,0.7323262839879154,0.39820635318756104,0.7608870997189033
XGBoost,0.3425130001061233,0.7337361530715005,0.39592206478118896,0.7608870997189033
XGBoost,0.3444055325621706,0.734944612286002,0.394592821598053,0.7608870997189033
XGBoost,0.3456259506880328,0.7361530715005036,0.3937917947769165,0.7608870997189033
XGBoost,0.34663412218331036,0.737361530715005,0.3929169178009033,0.7608870997189033
XGBoost,0.34806678693975734,0.7387713997985901,0.392089307308197,0.7608870997189033
XGBoost,0.34983550886129683,0.7399798590130916,0.3910415768623352,0.7608870997189033
XGBoost,0.35082599313735896,0.7409869083585096,0.39042118191719055,0.7608870997189033
XGBoost,0.3519579751671442,0.7421953675730111,0.38970404863357544,0.7608870997189033
XGBoost,0.35293077222399094,0.7434038267875126,0.38907983899116516,0.7608870997189033
XGBoost,0.3542042520074994,0.7446122860020141,0.3883186876773834,0.7608870997189033
XGBoost,0.3551593618451307,0.7460221550855992,0.3877086341381073,0.7608870997189033
XGBoost,0.3569457709858856,0.7472306143001007,0.3865062892436981,0.7608870997189033
XGBoost,0.3588029290035021,0.7484390735146023,0.3852398991584778,0.7608870997189033
XGBoost,0.3607485231171955,0.7494461228600201,0.3838634788990021,0.7608870997189033
XGBoost,0.36278255332696596,0.7504531722054381,0.382474422454834,0.7608870997189033
XGBoost,0.3644451519332131,0.7518630412890231,0.38145527243614197,0.7608870997189033
XGBoost,0.3660016272241678,0.7532729103726082,0.38041096925735474,0.7608870997189033
XGBoost,0.36865471010647705,0.7544813695871098,0.3786742091178894,0.7608870997189033
XGBoost,0.3709540486044784,0.7556898288016113,0.3770740032196045,0.7608870997189033
XGBoost,0.37180303512681734,0.7570996978851964,0.3765093982219696,0.7608870997189033
XGBoost,0.3737309420212954,0.7585095669687815,0.37509506940841675,0.7608870997189033
XGBoost,0.37424387137854187,0.759718026183283,0.3747691512107849,0.7608870997189033
XGBoost,0.37606565495772754,0.760725075528701,0.3733856678009033,0.7608870997189033
XGBoost,0.3784003678941597,0.7617321248741188,0.3717588484287262,0.7608870997189033
XGBoost,0.38046977254236086,0.7629405840886203,0.37042486667633057,0.7608870997189033
XGBoost,0.38269836216350067,0.7641490433031218,0.3688448667526245,0.7608870997189033
XGBoost,0.3842194630160246,0.7655589123867069,0.36770057678222656,0.7608870997189033
XGBoost,0.3860058721567795,0.7667673716012084,0.36656129360198975,0.7608870997189033
XGBoost,0.387774594078319,0.7681772406847935,0.36546817421913147,0.7608870997189033
XGBoost,0.39014468145318193,0.7693856998992951,0.3639425039291382,0.7608870997189033
XGBoost,0.39140047401747496,0.7707955689828802,0.36319929361343384,0.7608870997189033
XGBoost,0.39290388765078355,0.7720040281973817,0.36210140585899353,0.7608870997189033
XGBoost,0.3954862216562312,0.7732124874118832,0.3603936731815338,0.7608870997189033
XGBoost,0.3965297675899395,0.7746223564954683,0.35975944995880127,0.7608870997189033
XGBoost,0.39783862181187873,0.776233635448137,0.3590478003025055,0.7608870997189033
XGBoost,0.3996957798294952,0.7774420946626385,0.35777416825294495,0.7608870997189033
XGBoost,0.40093388517457285,0.77865055387714,0.356995165348053,0.7608870997189033
XGBoost,0.40486044784039055,0.7798590130916415,0.3546125590801239,0.7608870997189033
XGBoost,0.40719516077682266,0.7812688821752266,0.35305988788604736,0.7608870997189033
XGBoost,0.4085040149987619,0.7824773413897281,0.35234540700912476,0.7608870997189033
XGBoost,0.41142240616930204,0.7836858006042297,0.350629985332489,0.7608870997189033
XGBoost,0.41296119424104144,0.7848942598187311,0.34971994161605835,0.7608870997189033
XGBoost,0.4147652906010117,0.7861027190332326,0.34873166680336,0.7608870997189033
XGBoost,0.41775443064841344,0.7875125881168177,0.3469509482383728,0.7608870997189033
XGBoost,0.42120343839541546,0.7887210473313192,0.34493136405944824,0.7608870997189033
XGBoost,0.4232020941667551,0.7899295065458207,0.34368228912353516,0.7608870997189033
XGBoost,0.42484700555378685,0.7913393756294058,0.34264636039733887,0.7608870997189033
XGBoost,0.4256252431992642,0.7925478348439073,0.3420628309249878,0.7608870997189033
XGBoost,0.42663341469454175,0.7937562940584089,0.34117600321769714,0.7608870997189033
XGBoost,0.43008242244154377,0.7949647532729104,0.33929193019866943,0.7608870997189033
XGBoost,0.43204570377445256,0.7959718026183283,0.3383074402809143,0.7608870997189033
XGBoost,0.43390286179206905,0.7971802618328299,0.3371487259864807,0.7608870997189033
XGBoost,0.43528246489086986,0.798590130916415,0.33622312545776367,0.7608870997189033
XGBoost,0.4364675085783013,0.8,0.3355749845504761,0.7608870997189033
XGBoost,0.4413668683009657,0.8012084592145015,0.33304890990257263,0.7608870997189033
XGBoost,0.4429233435919205,0.802416918429003,0.33220651745796204,0.7608870997189033
XGBoost,0.4453111181859988,0.8036253776435045,0.3308003544807434,0.7608870997189033
XGBoost,0.4467260957232304,0.8050352467270896,0.3298189043998718,0.7608870997189033
XGBoost,0.4481587604796774,0.8062437059415911,0.3289763629436493,0.7608870997189033
XGBoost,0.45074109448512506,0.8078549848942598,0.3271941542625427,0.7608870997189033
XGBoost,0.4530050585446956,0.8090634441087613,0.3259257674217224,0.7608870997189033
XGBoost,0.4545261593972196,0.8104733131923464,0.3250671625137329,0.7608870997189033
XGBoost,0.457143867841098,0.8116817724068479,0.3234170079231262,0.7608870997189033
XGBoost,0.4583289115285295,0.8128902316213494,0.3228456377983093,0.7608870997189033
XGBoost,0.46055750114966926,0.814098690835851,0.321610689163208,0.7608870997189033
XGBoost,0.462113976440624,0.8153071500503525,0.3208228051662445,0.7608870997189033
XGBoost,0.4648554954190102,0.816515609264854,0.31932029128074646,0.7608870997189033
XGBoost,0.4666949662174113,0.8177240684793555,0.3182903230190277,0.7608870997189033
XGBoost,0.4685521242350278,0.818932527693857,0.3171488344669342,0.7608870997189033
XGBoost,0.4705507800063674,0.8207452165156093,0.31602543592453003,0.7608870997189033
XGBoost,0.4733453606423998,0.8219536757301108,0.31435784697532654,0.7608870997189033
XGBoost,0.4762283773745092,0.8231621349446123,0.3127500116825104,0.7608870997189033
XGBoost,0.47771410378860235,0.8243705941591138,0.3119811415672302,0.7608870997189033
XGBoost,0.479535887367788,0.8255790533736153,0.31103751063346863,0.7608870997189033
XGBoost,0.48121617319325055,0.8269889224572003,0.3100810945034027,0.7608870997189033
XGBoost,0.48519579751671443,0.8281973816717019,0.30775362253189087,0.7608870997189033
XGBoost,0.48724751494570023,0.8294058408862034,0.30667397379875183,0.7608870997189033
XGBoost,0.4882556864409778,0.8304128902316213,0.30601057410240173,0.7608870997189033
XGBoost,0.4903958399660405,0.8316213494461229,0.3048049211502075,0.7608870997189033
XGBoost,0.4918815663801337,0.8328298086606244,0.3040488362312317,0.7608870997189033
XGBoost,0.49379178605539636,0.8340382678751259,0.3029833436012268,0.7608870997189033
XGBoost,0.4956843185114436,0.8350453172205438,0.30194106698036194,0.7608870997189033
XGBoost,0.4981428419823835,0.8366565961732125,0.30057141184806824,0.7608870997189033
XGBoost,0.5008136120839082,0.8380664652567976,0.29910844564437866,0.7608870997189033
XGBoost,0.5042626198309101,0.8392749244712991,0.29723140597343445,0.7608870997189033
XGBoost,0.5056952845873571,0.8404833836858006,0.2963625192642212,0.7608870997189033
XGBoost,0.5078531253316354,0.8416918429003021,0.29502689838409424,0.7608870997189033
XGBoost,0.5098164066645442,0.8429003021148036,0.29401928186416626,0.7608870997189033
XGBoost,0.5117620007782376,0.8441087613293051,0.2929580509662628,0.7608870997189033
XGBoost,0.514149775372316,0.8453172205438066,0.2915564775466919,0.7608870997189033
XGBoost,0.5162014928013018,0.8465256797583082,0.2903989851474762,0.7608870997189033
XGBoost,0.5182355230110722,0.8479355488418933,0.28934285044670105,0.7608870997189033
XGBoost,0.5211362269623969,0.8491440080563948,0.28759765625,0.7608870997189033
XGBoost,0.5233825038027521,0.8503524672708963,0.2864927649497986,0.7608870997189033
XGBoost,0.5247621069015529,0.8515609264853978,0.28567269444465637,0.7608870997189033
XGBoost,0.526106335561923,0.8527693856998992,0.2849029302597046,0.7608870997189033
XGBoost,0.529290035020694,0.8537764350453172,0.2832295894622803,0.7608870997189033
XGBoost,0.5306519509002795,0.8549848942598187,0.28227338194847107,0.7608870997189033
XGBoost,0.5318016201492801,0.8561933534743202,0.2817153036594391,0.7608870997189033
XGBoost,0.5333404082210195,0.8578046324269889,0.28078263998031616,0.7608870997189033
XGBoost,0.5362587993915596,0.8590130916414904,0.2792712450027466,0.7608870997189033
XGBoost,0.5371431603523295,0.860221550855992,0.27864333987236023,0.7608870997189033
XGBoost,0.538646573985638,0.8614300100704935,0.27785351872444153,0.7608870997189033
XGBoost,0.5407159786338391,0.8628398791540786,0.276652455329895,0.7608870997189033
XGBoost,0.5423078283632248,0.8638469284994965,0.27595284581184387,0.7608870997189033
XGBoost,0.544960911245534,0.865055387713998,0.2745809257030487,0.7608870997189033
XGBoost,0.5469065053592275,0.8662638469284994,0.273676335811615,0.7608870997189033
XGBoost,0.5490289716650748,0.8676737160120845,0.2727494239807129,0.7608870997189033
XGBoost,0.5530970320846157,0.8688821752265861,0.2706194221973419,0.7608870997189033
XGBoost,0.5553609961441862,0.8700906344410876,0.2692684531211853,0.7608870997189033
XGBoost,0.5570943436272949,0.8712990936555891,0.26847854256629944,0.7608870997189033
XGBoost,0.5613746506774205,0.8727089627391742,0.26622945070266724,0.7608870997189033
XGBoost,0.5629488131875906,0.8739174219536757,0.2653888761997223,0.7608870997189033
XGBoost,0.5649120945204995,0.8751258811681772,0.26416876912117004,0.7608870997189033
XGBoost,0.5663801337153773,0.8763343403826788,0.2633744478225708,0.7608870997189033
XGBoost,0.5683257278290708,0.8773413897280967,0.2623365819454193,0.7608870997189033
XGBoost,0.5712087445611801,0.8785498489425981,0.2609090805053711,0.7608870997189033
XGBoost,0.5726237220984117,0.8797583081570997,0.26012149453163147,0.7608870997189033
XGBoost,0.5764087870105062,0.8809667673716012,0.2582245469093323,0.7608870997189033
XGBoost,0.5794686759347696,0.8821752265861027,0.2568143606185913,0.7608870997189033
XGBoost,0.5822101949131557,0.8833836858006042,0.25538021326065063,0.7608870997189033
XGBoost,0.5842088506844954,0.8847935548841893,0.2543925642967224,0.7608870997189033
XGBoost,0.5893027698185291,0.8860020140986908,0.2517780065536499,0.7608870997189033
XGBoost,0.5910714917400687,0.8872104733131924,0.2509230375289917,0.7608870997189033
XGBoost,0.5929286497576851,0.888821752265861,0.24993033707141876,0.7608870997189033
XGBoost,0.5971912695885953,0.8900302114803625,0.2478460669517517,0.7608870997189033
XGBoost,0.6004810923626588,0.8910372608257805,0.24611996114253998,0.7608870997189033
XGBoost,0.6023913120379214,0.892245720040282,0.24518480896949768,0.7608870997189033
XGBoost,0.6030280519296756,0.8936555891238671,0.24468430876731873,0.7608870997189033
XGBoost,0.6052212671123846,0.8948640483383686,0.24342238903045654,0.7608870997189033
XGBoost,0.6077151650217553,0.89607250755287,0.24211139976978302,0.7608870997189033
XGBoost,0.6112702960840497,0.8972809667673716,0.24030674993991852,0.7608870997189033
XGBoost,0.6145601188581131,0.8986908358509567,0.23879791796207428,0.7608870997189033
XGBoost,0.6163995896565142,0.9003021148036254,0.23796427249908447,0.7608870997189033
XGBoost,0.6191587958541158,0.9015105740181268,0.23669745028018951,0.7608870997189033
XGBoost,0.6217588170787789,0.9027190332326284,0.23559868335723877,0.7608870997189033
XGBoost,0.6248010187838268,0.9039274924471299,0.23402507603168488,0.7608870997189033
XGBoost,0.6273833527892745,0.9051359516616314,0.23282912373542786,0.7608870997189033
XGBoost,0.634794297640525,0.9065458207452165,0.22942861914634705,0.7608870997189033
XGBoost,0.6378364993455728,0.907754279959718,0.22798886895179749,0.7608870997189033
XGBoost,0.6418161236690367,0.9089627391742195,0.22598157823085785,0.7608870997189033
XGBoost,0.6443630832360536,0.9105740181268882,0.22477440536022186,0.7608870997189033
XGBoost,0.6482542714634405,0.9117824773413897,0.22299343347549438,0.7608870997189033
XGBoost,0.6504121122077187,0.9129909365558913,0.22207500040531158,0.7608870997189033
XGBoost,0.6515087197990732,0.9141993957703928,0.22163188457489014,0.7608870997189033
XGBoost,0.6538611199547207,0.9152064451158107,0.22070614993572235,0.7608870997189033
XGBoost,0.6575046871130921,0.9162134944612286,0.21899722516536713,0.7608870997189033
XGBoost,0.6597509639534472,0.9174219536757301,0.21799136698246002,0.7608870997189033
XGBoost,0.6644380770455269,0.9188318227593152,0.21589526534080505,0.7608870997189033
XGBoost,0.6670027238317592,0.9200402819738167,0.21457414329051971,0.7608870997189033
XGBoost,0.6687891329725141,0.9212487411883182,0.2136245220899582,0.7608870997189033
XGBoost,0.6724680745693162,0.9224572004028198,0.21207693219184875,0.7608870997189033
XGBoost,0.6756517740280873,0.9234642497482377,0.2108129858970642,0.7608870997189033
XGBoost,0.6807103187236903,0.9246727089627391,0.20841315388679504,0.7608870997189033
XGBoost,0.6833280271675687,0.9256797583081571,0.20736919343471527,0.7608870997189033
XGBoost,0.6859280483922318,0.926686807653575,0.20623911917209625,0.7608870997189033
XGBoost,0.6885988184937564,0.9274924471299094,0.2049282044172287,0.7608870997189033
XGBoost,0.6937988609430825,0.9287009063444108,0.2026481032371521,0.7608870997189033
XGBoost,0.6957267678375606,0.9299093655589123,0.20182594656944275,0.7608870997189033
XGBoost,0.6988220312002547,0.9313192346424974,0.20032484829425812,0.7608870997189033
XGBoost,0.7015812373978563,0.9323262839879154,0.19904416799545288,0.7608870997189033
XGBoost,0.7030315893735187,0.9335347432024169,0.19837109744548798,0.7608870997189033
XGBoost,0.7084438784534296,0.9347432024169184,0.19582484662532806,0.7608870997189033
XGBoost,0.713838480314125,0.93595166163142,0.19337649643421173,0.7608870997189033
XGBoost,0.7172698008419116,0.937361530715005,0.19194810092449188,0.7608870997189033
XGBoost,0.7191446460787435,0.9385699899295066,0.19109325110912323,0.7608870997189033
XGBoost,0.7232657681559306,0.9397784491440081,0.18933667242527008,0.7608870997189033
XGBoost,0.7277052601789946,0.9409869083585096,0.18746328353881836,0.7608870997189033
XGBoost,0.7306236513495348,0.942195367573011,0.1859888881444931,0.7608870997189033
XGBoost,0.732020941667551,0.9436052366565961,0.1852838546037674,0.7608870997189033
XGBoost,0.7343733418231986,0.9446122860020141,0.1842508465051651,0.7608870997189033
XGBoost,0.7387243977501857,0.9458207452165156,0.18228869140148163,0.7608870997189033
XGBoost,0.7420849694011108,0.9470292044310171,0.18076230585575104,0.7608870997189033
XGBoost,0.7467897697124058,0.9480362537764351,0.178818479180336,0.7608870997189033
XGBoost,0.7492129187449149,0.9490433031218529,0.17766349017620087,0.7608870997189033
XGBoost,0.7520782482578089,0.9502517623363544,0.1762496829032898,0.7608870997189033
XGBoost,0.7573490395839966,0.951460221550856,0.17377004027366638,0.7608870997189033
XGBoost,0.7625844564717535,0.9526686807653575,0.17150720953941345,0.7608870997189033
XGBoost,0.7680498072093106,0.953877139979859,0.1690928339958191,0.7608870997189033
XGBoost,0.7747709505111606,0.9550855991943605,0.16580943763256073,0.7608870997189033
XGBoost,0.7801478651526407,0.9562940584088621,0.16342295706272125,0.7608870997189033
XGBoost,0.7854363436980438,0.95730110775428,0.1609668731689453,0.7608870997189033
XGBoost,0.7873465633733064,0.9585095669687814,0.16007471084594727,0.7608870997189033
XGBoost,0.7904418267360006,0.959718026183283,0.15849383175373077,0.7608870997189033
XGBoost,0.7937493367292794,0.9609264853977845,0.15709249675273895,0.7608870997189033
XGBoost,0.7976582121758817,0.9625377643504531,0.1552528589963913,0.7608870997189033
XGBoost,0.8020977041989459,0.9637462235649547,0.15344521403312683,0.7608870997189033
XGBoost,0.8083589798011956,0.9649546827794562,0.15053588151931763,0.7608870997189033
XGBoost,0.8144256959920761,0.9661631419939577,0.14785830676555634,0.7608870997189033
XGBoost,0.8187060030422018,0.9671701913393757,0.14599980413913727,0.7608870997189033
XGBoost,0.8214652092398034,0.9683786505538772,0.14476753771305084,0.7608870997189033
XGBoost,0.8249319042060207,0.9695871097683787,0.1432429701089859,0.7608870997189033
XGBoost,0.8285931585836075,0.9707955689828801,0.14156495034694672,0.7608870997189033
XGBoost,0.8386218118787364,0.9720040281973816,0.13671867549419403,0.7608870997189033
XGBoost,0.849304892284835,0.9730110775427996,0.13186903297901154,0.7608870997189033
XGBoost,0.8518695390710672,0.9742195367573011,0.13061542809009552,0.7608870997189033
XGBoost,0.8557607272984541,0.9754279959718026,0.12863601744174957,0.7608870997189033
XGBoost,0.8591743606070253,0.9768378650553877,0.12701259553432465,0.7608870997189033
XGBoost,0.862340372846581,0.9780463242698892,0.12552854418754578,0.7608870997189033
XGBoost,0.8669036754041529,0.9792547834843908,0.12335686385631561,0.7608870997189033
XGBoost,0.872457462237787,0.9804632426988923,0.12058164179325104,0.7608870997189033
XGBoost,0.8768615798224203,0.9818731117824774,0.11829198896884918,0.7608870997189033
XGBoost,0.8806112702960841,0.9832829808660625,0.11630287021398544,0.7608870997189033
XGBoost,0.8862181187873642,0.984491440080564,0.11389926820993423,0.7608870997189033
XGBoost,0.8953447239025081,0.9852970795568983,0.10954522341489792,0.7608870997189033
XGBoost,0.9039583996604054,0.9869083585095669,0.10512156784534454,0.7608870997189033
XGBoost,0.9133503130637801,0.9879154078549849,0.10034840553998947,0.7608870997189033
XGBoost,0.9154727793696275,0.9891238670694864,0.09911787509918213,0.7608870997189033
XGBoost,0.9276238989706038,0.9901309164149044,0.09241651743650436,0.7608870997189033
XGBoost,0.9372811206622095,0.9915407854984895,0.0869598239660263,0.7608870997189033
XGBoost,0.9455233648165835,0.992749244712991,0.08154819160699844,0.7608870997189033
XGBoost,0.9529873713254802,0.9939577039274925,0.0766933336853981,0.7608870997189033
XGBoost,0.9577982949520676,0.9951661631419939,0.07308562099933624,0.7608870997189033
XGBoost,0.966411970709965,0.9963746223564954,0.06678708642721176,0.7608870997189033
XGBoost,0.9721603169549683,0.997583081570997,0.06181079521775246,0.7608870997189033
XGBoost,0.9836393222257597,0.9987915407854985,0.0504661463201046,0.7608870997189033
XGBoost,1.0,1.0,0.007250678725540638,0.7608870997189033
Blend 40% LGB / 50% CAT / 10% XGB,0.0,0.0,inf,0.7669156592521772
Blend 40% LGB / 50% CAT / 10% XGB,0.00010612331529236973,0.004028197381671702,0.9217190637362407,0.7669156592521772
Blend 40% LGB / 50% CAT / 10% XGB,0.0003183699458771092,0.0074521651560926485,0.9154650322154936,0.7669156592521772
Blend 40% LGB / 50% CAT / 10% XGB,0.0004952421380310587,0.010070493454179255,0.9084650179420573,0.7669156592521772
Blend 40% LGB / 50% CAT / 10% XGB,0.0006721143301850083,0.012286002014098692,0.9037982426738499,0.7669156592521772
Blend 40% LGB / 50% CAT / 10% XGB,0.000813612083908168,0.015105740181268883,0.8993550817788714,0.7669156592521772
Blend 40% LGB / 50% CAT / 10% XGB,0.0010258587144929075,0.017522658610271902,0.8963196437801201,0.7669156592521772
Blend 40% LGB / 50% CAT / 10% XGB,0.0013088542219392267,0.019939577039274924,0.8920907623300613,0.7669156592521772
Blend 40% LGB / 50% CAT / 10% XGB,0.0014503519756623863,0.02336354481369587,0.8890998967807675,0.7669156592521772
Blend 40% LGB / 50% CAT / 10% XGB,0.0016802858254625207,0.026384692849949647,0.8850876988017276,0.7669156592521772
Blend 40% LGB / 50% CAT / 10% XGB,0.0018925324560472602,0.028801611278952668,0.8826631109530408,0.7669156592521772
Blend 40% LGB / 50% CAT / 10% XGB,0.0021932151827089743,0.030211480362537766,0.8796540451697381,0.7669156592521772
Blend 40% LGB / 50% CAT / 10% XGB,0.002405461813293714,0.03282980866062437,0.8775285467711427,0.7669156592521772
Blend 40% LGB / 50% CAT / 10% XGB,0.0026177084438784534,0.035045317220543805,0.8758226127638977,0.7669156592521772
Blend 40% LGB / 50% CAT / 10% XGB,0.0028122678552477977,0.03766364551863041,0.8737304084432691,0.7669156592521772
Blend 40% LGB / 50% CAT / 10% XGB,0.0030952633626941174,0.04008056394763344,0.8712173989899995,0.7669156592521772
Blend 40% LGB / 50% CAT / 10% XGB,0.0033428844317096467,0.04108761329305136,0.8698295280774458,0.7669156592521772
Blend 40% LGB / 50% CAT / 10% XGB,0.0035551310622943862,0.042698892245720044,0.8689860155696688,0.7669156592521772
Blend 40% LGB / 50% CAT / 10% XGB,0.0038204393505253103,0.04451158106747231,0.8660895687201969,0.7669156592521772
Blend 40% LGB / 50% CAT / 10% XGB,0.004191870954048604,0.04652567975830816,0.8633499164896097,0.7669156592521772
Blend 40% LGB / 50% CAT / 10% XGB,0.004333368707771764,0.05055387713997986,0.8616799598377272,0.7669156592521772
Blend 40% LGB / 50% CAT / 10% XGB,0.004563302557571898,0.05276938569989929,0.8603483916141954,0.7669156592521772
Blend 40% LGB / 50% CAT / 10% XGB,0.004722487530510453,0.05498489425981873,0.8583297575450864,0.7669156592521772
Blend 40% LGB / 50% CAT / 10% XGB,0.005023170257172168,0.057603222557905336,0.8556596105648426,0.7669156592521772
Blend 40% LGB / 50% CAT / 10% XGB,0.005270791326187697,0.059013091641490434,0.8535167561061306,0.7669156592521772
Blend 40% LGB / 50% CAT / 10% XGB,0.005429976299126251,0.06042296072507553,0.852300870439609,0.7669156592521772
Blend 40% LGB / 50% CAT / 10% XGB,0.005659910148926386,0.06263846928499496,0.8507971383987425,0.7669156592521772
Blend 40% LGB / 50% CAT / 10% XGB,0.006084403410095865,0.06565961732124874,0.8478872950711309,0.7669156592521772
Blend 40% LGB / 50% CAT / 10% XGB,0.0064204605751883685,0.06787512588116817,0.8459392411894899,0.7669156592521772
Blend 40% LGB / 50% CAT / 10% XGB,0.006668081644203898,0.07109768378650554,0.8439736302395802,0.7669156592521772
Blend 40% LGB / 50% CAT / 10% XGB,0.006968764370865612,0.07351460221550855,0.8423355178510576,0.7669156592521772
Blend 40% LGB / 50% CAT / 10% XGB,0.0071102621245887725,0.07492447129909366,0.8416143687549427,0.7669156592521772
Blend 40% LGB / 50% CAT / 10% XGB,0.007234072659096537,0.07754279959718026,0.8406105212415176,0.7669156592521772
Blend 40% LGB / 50% CAT / 10% XGB,0.007340195974388906,0.0797583081570997,0.8392974676946868,0.7669156592521772
Blend 40% LGB / 50% CAT / 10% XGB,0.007605504262619831,0.08177240684793555,0.8382658725583931,0.7669156592521772
Blend 40% LGB / 50% CAT / 10% XGB,0.0078000636739891755,0.0837865055387714,0.8370017251252768,0.7669156592521772
Blend 40% LGB / 50% CAT / 10% XGB,0.00802999752378931,0.08559919436052367,0.8355996884169278,0.7669156592521772
Blend 40% LGB / 50% CAT / 10% XGB,0.00820686971594326,0.08680765357502518,0.8346917923564299,0.7669156592521772
Blend 40% LGB / 50% CAT / 10% XGB,0.008666737415543527,0.08841893252769385,0.8329872741123815,0.7669156592521772
Blend 40% LGB / 50% CAT / 10% XGB,0.008914358484559057,0.08962739174219536,0.8321687859873259,0.7669156592521772
Blend 40% LGB / 50% CAT / 10% XGB,0.009126605115143797,0.09164149043303121,0.8308781382798718,0.7669156592521772
Blend 40% LGB / 50% CAT / 10% XGB,0.009268102868866956,0.09365558912386707,0.8302881878590804,0.7669156592521772
Blend 40% LGB / 50% CAT / 10% XGB,0.00960416003395946,0.09566968781470292,0.8287934662217824,0.7669156592521772
Blend 40% LGB / 50% CAT / 10% XGB,0.009763345006898015,0.09707955689828801,0.827975901410163,0.7669156592521772
Blend 40% LGB / 50% CAT / 10% XGB,0.01002865329512894,0.0986908358509567,0.8266630446643461,0.7669156592521772
Blend 40% LGB / 50% CAT / 10% XGB,0.010240899925713679,0.09989929506545821,0.8260616955263105,0.7669156592521772
Blend 40% LGB / 50% CAT / 10% XGB,0.010612331529236973,0.10191339375629406,0.8248145962797522,0.7669156592521772
Blend 40% LGB / 50% CAT / 10% XGB,0.010877639817467897,0.10312185297079557,0.8240952518190323,0.7669156592521772
Blend 40% LGB / 50% CAT / 10% XGB,0.011142948105698823,0.10473313192346426,0.8231708842421781,0.7669156592521772
Blend 40% LGB / 50% CAT / 10% XGB,0.01149669249000672,0.10614300100704935,0.8216812051852729,0.7669156592521772
Blend 40% LGB / 50% CAT / 10% XGB,0.01181506243588383,0.10755287009063444,0.8205535080252677,0.7669156592521772
Blend 40% LGB / 50% CAT / 10% XGB,0.012292617354699494,0.11017119838872105,0.8192035120522823,0.7669156592521772
Blend 40% LGB / 50% CAT / 10% XGB,0.012770172273515158,0.11278952668680765,0.8176271132027685,0.7669156592521772
Blend 40% LGB / 50% CAT / 10% XGB,0.013159291096253847,0.11581067472306143,0.8162593558656671,0.7669156592521772
Blend 40% LGB / 50% CAT / 10% XGB,0.013336163288407796,0.1176233635448137,0.8155506261621577,0.7669156592521772
Blend 40% LGB / 50% CAT / 10% XGB,0.013583784357423325,0.11923464249748238,0.8148943754835671,0.7669156592521772
Blend 40% LGB / 50% CAT / 10% XGB,0.01377834376879267,0.12064451158106747,0.813999678426101,0.7669156592521772
Blend 40% LGB / 50% CAT / 10% XGB,0.014008277618592805,0.12205438066465257,0.8132290593328864,0.7669156592521772
Blend 40% LGB / 50% CAT / 10% XGB,0.014185149810746754,0.12346424974823766,0.8124148545420041,0.7669156592521772
Blend 40% LGB / 50% CAT / 10% XGB,0.014468145318193074,0.12527693856998992,0.8113037485017542,0.7669156592521772
Blend 40% LGB / 50% CAT / 10% XGB,0.014609643071916234,0.1268882175226586,0.8103292228295454,0.7669156592521772
Blend 40% LGB / 50% CAT / 10% XGB,0.015104885209947292,0.12910372608257806,0.8084534819947065,0.7669156592521772
Blend 40% LGB / 50% CAT / 10% XGB,0.015476316813470586,0.13031218529707955,0.8076505882101901,0.7669156592521772
Blend 40% LGB / 50% CAT / 10% XGB,0.01574162510170151,0.13172205438066464,0.8068010187426692,0.7669156592521772
Blend 40% LGB / 50% CAT / 10% XGB,0.015971558951501645,0.13333333333333333,0.8061750593117092,0.7669156592521772
Blend 40% LGB / 50% CAT / 10% XGB,0.01616611836287099,0.13554884189325278,0.805253101240051,0.7669156592521772
Blend 40% LGB / 50% CAT / 10% XGB,0.016466801089532704,0.13695871097683787,0.8045445151711235,0.7669156592521772
Blend 40% LGB / 50% CAT / 10% XGB,0.016802858254625207,0.13877139979859013,0.8035288492969422,0.7669156592521772
Blend 40% LGB / 50% CAT / 10% XGB,0.01703279210442534,0.14078549848942598,0.8027065438226532,0.7669156592521772
Blend 40% LGB / 50% CAT / 10% XGB,0.017333474831087055,0.14239677744209467,0.8019345182966837,0.7669156592521772
Blend 40% LGB / 50% CAT / 10% XGB,0.017616470338533377,0.14400805639476336,0.8008896373826373,0.7669156592521772
Blend 40% LGB / 50% CAT / 10% XGB,0.01784640418833351,0.14602215508559918,0.7998495600369541,0.7669156592521772
Blend 40% LGB / 50% CAT / 10% XGB,0.018005589161272064,0.1486404833836858,0.7989256113233086,0.7669156592521772
Blend 40% LGB / 50% CAT / 10% XGB,0.018270897449502988,0.14984894259818732,0.7978611183009169,0.7669156592521772
Blend 40% LGB / 50% CAT / 10% XGB,0.018642329053026284,0.151460221550856,0.7968046558945412,0.7669156592521772
Blend 40% LGB / 50% CAT / 10% XGB,0.01903144787576497,0.1528700906344411,0.7956999193347529,0.7669156592521772
Blend 40% LGB / 50% CAT / 10% XGB,0.019261381725565106,0.1540785498489426,0.794921010449335,0.7669156592521772
Blend 40% LGB / 50% CAT / 10% XGB,0.019579751671442217,0.15508559919436052,0.7945086297872466,0.7669156592521772
Blend 40% LGB / 50% CAT / 10% XGB,0.019933496055750115,0.15709969788519637,0.793179069340847,0.7669156592521772
Blend 40% LGB / 50% CAT / 10% XGB,0.020357989316919595,0.15891238670694863,0.7917804948235818,0.7669156592521772
Blend 40% LGB / 50% CAT / 10% XGB,0.02074710813965828,0.16052366565961732,0.7902823893692388,0.7669156592521772
Blend 40% LGB / 50% CAT / 10% XGB,0.02104779086632,0.16334340382678753,0.789170507937677,0.7669156592521772
Blend 40% LGB / 50% CAT / 10% XGB,0.021348473592981712,0.16475327291037262,0.7883871746639621,0.7669156592521772
Blend 40% LGB / 50% CAT / 10% XGB,0.02159609466199724,0.1659617321248741,0.7877161734813918,0.7669156592521772
Blend 40% LGB / 50% CAT / 10% XGB,0.021772966854151192,0.16817724068479356,0.7869067840541873,0.7669156592521772
Blend 40% LGB / 50% CAT / 10% XGB,0.022002900703951323,0.16978851963746225,0.7863695922406289,0.7669156592521772
Blend 40% LGB / 50% CAT / 10% XGB,0.02226820899218225,0.17099697885196374,0.7858948377352382,0.7669156592521772
Blend 40% LGB / 50% CAT / 10% XGB,0.022781138349428704,0.17260825780463243,0.7846419648599302,0.7669156592521772
Blend 40% LGB / 50% CAT / 10% XGB,0.023258693268244368,0.17401812688821752,0.7834373522149716,0.7669156592521772
Blend 40% LGB / 50% CAT / 10% XGB,0.02363012487176766,0.1754279959718026,0.7826529455248439,0.7669156592521772
Blend 40% LGB / 50% CAT / 10% XGB,0.023930807598429374,0.1768378650553877,0.781856351616711,0.7669156592521772
Blend 40% LGB / 50% CAT / 10% XGB,0.02433761364038346,0.1784491440080564,0.7807001371781412,0.7669156592521772
Blend 40% LGB / 50% CAT / 10% XGB,0.02458523470939899,0.17965760322255792,0.7800339246307513,0.7669156592521772
Blend 40% LGB / 50% CAT / 10% XGB,0.025151225724291626,0.18167170191339377,0.7786884673687172,0.7669156592521772
Blend 40% LGB / 50% CAT / 10% XGB,0.0255934062046765,0.18368580060422962,0.7775063967991596,0.7669156592521772
Blend 40% LGB / 50% CAT / 10% XGB,0.02605327390427677,0.18489425981873112,0.776405004847005,0.7669156592521772
Blend 40% LGB / 50% CAT / 10% XGB,0.026424705507800062,0.18690835850956697,0.7754258178627507,0.7669156592521772
Blend 40% LGB / 50% CAT / 10% XGB,0.027114507057200466,0.1881168177240685,0.773856652683616,0.7669156592521772
Blend 40% LGB / 50% CAT / 10% XGB,0.027539000318369946,0.18972809667673715,0.7728685047985341,0.7669156592521772
Blend 40% LGB / 50% CAT / 10% XGB,0.027857370264247054,0.19113796576032224,0.7720307111686235,0.7669156592521772
Blend 40% LGB / 50% CAT / 10% XGB,0.028334925183062718,0.19295065458207453,0.7711359750060269,0.7669156592521772
Blend 40% LGB / 50% CAT / 10% XGB,0.028741731225016803,0.19415911379657602,0.7704016693669646,0.7669156592521772
Blend 40% LGB / 50% CAT / 10% XGB,0.029077788390109306,0.1957703927492447,0.7696009792580638,0.7669156592521772
Blend 40% LGB / 50% CAT / 10% XGB,0.029502281651278786,0.19778449144008056,0.7686391949540337,0.7669156592521772
Blend 40% LGB / 50% CAT / 10% XGB,0.02983833881637129,0.19899295065458208,0.7678677012316311,0.7669156592521772
Blend 40% LGB / 50% CAT / 10% XGB,0.03026283207754077,0.20040281973816718,0.767022308041894,0.7669156592521772
Blend 40% LGB / 50% CAT / 10% XGB,0.030510453146556298,0.20201409869083586,0.7662161601306094,0.7669156592521772
Blend 40% LGB / 50% CAT / 10% XGB,0.030775761434787222,0.20342396777442096,0.765540363052499,0.7669156592521772
Blend 40% LGB / 50% CAT / 10% XGB,0.031147193038310518,0.20443101711983888,0.7645989673194764,0.7669156592521772
Blend 40% LGB / 50% CAT / 10% XGB,0.03150093742261842,0.20624370594159114,0.7637823808762959,0.7669156592521772
Blend 40% LGB / 50% CAT / 10% XGB,0.031748558491633945,0.20765357502517623,0.7630839184390275,0.7669156592521772
Blend 40% LGB / 50% CAT / 10% XGB,0.03231454950652658,0.20906344410876132,0.762081725819602,0.7669156592521772
Blend 40% LGB / 50% CAT / 10% XGB,0.032615232233188296,0.21127895266868077,0.7614597161573384,0.7669156592521772
Blend 40% LGB / 50% CAT / 10% XGB,0.03321659768651173,0.21268882175226586,0.7602289805617622,0.7669156592521772
Blend 40% LGB / 50% CAT / 10% XGB,0.033853337578265946,0.21450151057401812,0.7590724387465062,0.7669156592521772
Blend 40% LGB / 50% CAT / 10% XGB,0.03424245640100464,0.21591137965760324,0.7581855976832352,0.7669156592521772
Blend 40% LGB / 50% CAT / 10% XGB,0.03468463688138951,0.2177240684793555,0.7574183810938442,0.7669156592521772
Blend 40% LGB / 50% CAT / 10% XGB,0.035197566238635965,0.21933534743202418,0.7562582069433941,0.7669156592521772
Blend 40% LGB / 50% CAT / 10% XGB,0.03569280837666702,0.22054380664652568,0.7552976687791984,0.7669156592521772
Blend 40% LGB / 50% CAT / 10% XGB,0.03608192719940571,0.22235649546827796,0.7543916284513077,0.7669156592521772
Blend 40% LGB / 50% CAT / 10% XGB,0.03643567158371361,0.22376636455186305,0.7537537056152102,0.7669156592521772
Blend 40% LGB / 50% CAT / 10% XGB,0.03684247762566769,0.22497482376636455,0.7529349806393203,0.7669156592521772
Blend 40% LGB / 50% CAT / 10% XGB,0.03730234532526796,0.22618328298086607,0.7520679022459591,0.7669156592521772
Blend 40% LGB / 50% CAT / 10% XGB,0.037886023559375995,0.22739174219536756,0.7509485088516598,0.7669156592521772
Blend 40% LGB / 50% CAT / 10% XGB,0.0382220807244685,0.22920443101711985,0.7498482651299464,0.7669156592521772
Blend 40% LGB / 50% CAT / 10% XGB,0.03859351232799179,0.23061430010070494,0.7491844852801144,0.7669156592521772
Blend 40% LGB / 50% CAT / 10% XGB,0.03923025221974601,0.23222557905337363,0.7477802883383271,0.7669156592521772
Blend 40% LGB / 50% CAT / 10% XGB,0.03953093494640773,0.23363544813695872,0.7470582186987453,0.7669156592521772
Blend 40% LGB / 50% CAT / 10% XGB,0.04011461318051576,0.2352467270896274,0.7461191098114839,0.7669156592521772
Blend 40% LGB / 50% CAT / 10% XGB,0.040928225264423926,0.23685800604229607,0.7447872302699272,0.7669156592521772
Blend 40% LGB / 50% CAT / 10% XGB,0.041352718525593406,0.23846928499496475,0.7440778715034206,0.7669156592521772
Blend 40% LGB / 50% CAT / 10% XGB,0.041847960663624464,0.23967774420946628,0.7432893155014388,0.7669156592521772
Blend 40% LGB / 50% CAT / 10% XGB,0.042237079486363155,0.24088620342396777,0.7423236142637131,0.7669156592521772
Blend 40% LGB / 50% CAT / 10% XGB,0.04257313665145566,0.24249748237663646,0.7415172156870729,0.7669156592521772
Blend 40% LGB / 50% CAT / 10% XGB,0.04297994269340974,0.24370594159113795,0.7406070375390429,0.7669156592521772
Blend 40% LGB / 50% CAT / 10% XGB,0.043121440447132904,0.24491440080563948,0.7401713833207617,0.7669156592521772
Blend 40% LGB / 50% CAT / 10% XGB,0.0438289292157487,0.246122860020141,0.7389400537789947,0.7669156592521772
Blend 40% LGB / 50% CAT / 10% XGB,0.04414729916162581,0.2475327291037261,0.7383814811520855,0.7669156592521772
Blend 40% LGB / 50% CAT / 10% XGB,0.04458947964201068,0.24914400805639475,0.7376608272631346,0.7669156592521772
Blend 40% LGB / 50% CAT / 10% XGB,0.04504934734161095,0.2503524672708963,0.7367040680020216,0.7669156592521772
Blend 40% LGB / 50% CAT / 10% XGB,0.045420778945134244,0.2515609264853978,0.7360146264505781,0.7669156592521772
Blend 40% LGB / 50% CAT / 10% XGB,0.046128267713750046,0.2529707955689829,0.7347766762376453,0.7669156592521772
Blend 40% LGB / 50% CAT / 10% XGB,0.046552760974919526,0.254380664652568,0.7337832075150743,0.7669156592521772
Blend 40% LGB / 50% CAT / 10% XGB,0.04669425872864268,0.25579053373615307,0.7335169582487691,0.7669156592521772
Blend 40% LGB / 50% CAT / 10% XGB,0.0473309986203969,0.25760322255790535,0.7319964153617773,0.7669156592521772
Blend 40% LGB / 50% CAT / 10% XGB,0.04763168134705861,0.25901309164149044,0.7314834671634749,0.7669156592521772
Blend 40% LGB / 50% CAT / 10% XGB,0.048427606211751385,0.2606243705941591,0.7299111094741704,0.7669156592521772
Blend 40% LGB / 50% CAT / 10% XGB,0.048852099472920865,0.2618328298086606,0.7292384722885071,0.7669156592521772
Blend 40% LGB / 50% CAT / 10% XGB,0.04911740776115179,0.26445115810674724,0.7281210451439566,0.7669156592521772
Blend 40% LGB / 50% CAT / 10% XGB,0.04984258374898298,0.2660624370594159,0.7269593295802177,0.7669156592521772
Blend 40% LGB / 50% CAT / 10% XGB,0.05021401535250628,0.2672708962739174,0.7265326196728568,0.7669156592521772
Blend 40% LGB / 50% CAT / 10% XGB,0.05067388305210655,0.26847935548841895,0.7258805379272584,0.7669156592521772
Blend 40% LGB / 50% CAT / 10% XGB,0.05146980791679932,0.2704934541792548,0.7243943303217582,0.7669156592521772
Blend 40% LGB / 50% CAT / 10% XGB,0.0518943011779688,0.27170191339375627,0.7236084933572229,0.7669156592521772
Blend 40% LGB / 50% CAT / 10% XGB,0.0522480455622767,0.2731117824773414,0.7230479104040068,0.7669156592521772
Blend 40% LGB / 50% CAT / 10% XGB,0.052849411015600124,0.2745216515609265,0.7221341607836105,0.7669156592521772
Blend 40% LGB / 50% CAT / 10% XGB,0.053627648661077505,0.2759315206445116,0.7210640528110375,0.7669156592521772
Blend 40% LGB / 50% CAT / 10% XGB,0.054105203579893166,0.27754279959718026,0.7203081636822329,0.7669156592521772
Blend 40% LGB / 50% CAT / 10% XGB,0.054547384060278044,0.2787512588116818,0.7193222736438543,0.7669156592521772
Blend 40% LGB / 50% CAT / 10% XGB,0.05511337507517068,0.28056394763343406,0.7183131979832963,0.7669156592521772
Blend 40% LGB / 50% CAT / 10% XGB,0.05550249389790937,0.28197381671701915,0.7176590437526018,0.7669156592521772
Blend 40% LGB / 50% CAT / 10% XGB,0.05620998266652517,0.283987915407855,0.7166817707998491,0.7669156592521772
Blend 40% LGB / 50% CAT / 10% XGB,0.05656372705083307,0.2853977844914401,0.7161772267787911,0.7669156592521772
Blend 40% LGB / 50% CAT / 10% XGB,0.057147405284941104,0.28660624370594157,0.715165335215191,0.7669156592521772
Blend 40% LGB / 50% CAT / 10% XGB,0.05746577523081821,0.28841893252769385,0.7145042084999186,0.7669156592521772
Blend 40% LGB / 50% CAT / 10% XGB,0.05813788956100322,0.29003021148036257,0.7135175513183516,0.7669156592521772
Blend 40% LGB / 50% CAT / 10% XGB,0.0585446956029573,0.29144008056394766,0.7128287455225943,0.7669156592521772
Blend 40% LGB / 50% CAT / 10% XGB,0.05907531217941915,0.2930513595166163,0.7118458287670926,0.7669156592521772
Blend 40% LGB / 50% CAT / 10% XGB,0.059411369344511654,0.2944612286002014,0.711152813852773,0.7669156592521772
Blend 40% LGB / 50% CAT / 10% XGB,0.05965899041352719,0.2962739174219537,0.7105406856179937,0.7669156592521772
Blend 40% LGB / 50% CAT / 10% XGB,0.06034879196292759,0.29788519637462235,0.7093789246459142,0.7669156592521772
Blend 40% LGB / 50% CAT / 10% XGB,0.06084403410095865,0.2990936555891239,0.7086795629186098,0.7669156592521772
Blend 40% LGB / 50% CAT / 10% XGB,0.0613569634582051,0.30050352467270897,0.7076676383155189,0.7669156592521772
Blend 40% LGB / 50% CAT / 10% XGB,0.06162227174643602,0.30191339375629406,0.7071360582032712,0.7669156592521772
Blend 40% LGB / 50% CAT / 10% XGB,0.062418196611128796,0.3041289023162135,0.7057848115710168,0.7669156592521772
Blend 40% LGB / 50% CAT / 10% XGB,0.06307262372209842,0.3057401812688822,0.7050354423472132,0.7669156592521772
Blend 40% LGB / 50% CAT / 10% XGB,0.06337330644876013,0.30694864048338366,0.7046571316315879,0.7669156592521772
Blend 40% LGB / 50% CAT / 10% XGB,0.06395698468286816,0.3083585095669688,0.7036025408567002,0.7669156592521772
Blend 40% LGB / 50% CAT / 10% XGB,0.0645229756977608,0.3097683786505539,0.7026252186954444,0.7669156592521772
Blend 40% LGB / 50% CAT / 10% XGB,0.06505359227422265,0.311178247734139,0.7019691966987744,0.7669156592521772
Blend 40% LGB / 50% CAT / 10% XGB,0.06528352612402279,0.3125881168177241,0.701652519429713,0.7669156592521772
Blend 40% LGB / 50% CAT / 10% XGB,0.06586720435813082,0.3137965760322256,0.7007204129769897,0.7669156592521772
Blend 40% LGB / 50% CAT / 10% XGB,0.06676925253811596,0.31540785498489426,0.6994960576246408,0.7669156592521772
Blend 40% LGB / 50% CAT / 10% XGB,0.06703456082634689,0.3166163141993958,0.6991345471707419,0.7669156592521772
Blend 40% LGB / 50% CAT / 10% XGB,0.06775973681417807,0.31822759315206445,0.698138762510542,0.7669156592521772
Blend 40% LGB / 50% CAT / 10% XGB,0.068025045102409,0.31943605236656597,0.6976736241373993,0.7669156592521772
Blend 40% LGB / 50% CAT / 10% XGB,0.06852028724044006,0.3214501510574018,0.6967251936930637,0.7669156592521772
Blend 40% LGB / 50% CAT / 10% XGB,0.06875022109024019,0.3230614300100705,0.6961922542762455,0.7669156592521772
Blend 40% LGB / 50% CAT / 10% XGB,0.06913933991297888,0.3244712990936556,0.6954756295149034,0.7669156592521772
Blend 40% LGB / 50% CAT / 10% XGB,0.06966995648944073,0.32588116817724067,0.6947879718186489,0.7669156592521772
Blend 40% LGB / 50% CAT / 10% XGB,0.07055431745021047,0.3274924471299094,0.6933257467365797,0.7669156592521772
Blend 40% LGB / 50% CAT / 10% XGB,0.07163323782234957,0.32910372608257804,0.6917058248509083,0.7669156592521772
Blend 40% LGB / 50% CAT / 10% XGB,0.0726060348791963,0.33031218529707956,0.6902179114287254,0.7669156592521772
Blend 40% LGB / 50% CAT / 10% XGB,0.07280059429056564,0.3319234642497482,0.6899376876376102,0.7669156592521772
Blend 40% LGB / 50% CAT / 10% XGB,0.07340195974388906,0.3333333333333333,0.6890755080239857,0.7669156592521772
Blend 40% LGB / 50% CAT / 10% XGB,0.07410944851250487,0.3351460221550856,0.6880000273542171,0.7669156592521772
Blend 40% LGB / 50% CAT / 10% XGB,0.07474618840425908,0.33675730110775426,0.6867449764109741,0.7669156592521772
Blend 40% LGB / 50% CAT / 10% XGB,0.07506455835013619,0.338368580060423,0.6861615540076046,0.7669156592521772
Blend 40% LGB / 50% CAT / 10% XGB,0.07568361102267501,0.33977844914400807,0.6853884521705624,0.7669156592521772
Blend 40% LGB / 50% CAT / 10% XGB,0.0760550426261983,0.3413897280966767,0.6846169701208416,0.7669156592521772
Blend 40% LGB / 50% CAT / 10% XGB,0.07651491032579857,0.34259818731117825,0.6839900382230554,0.7669156592521772
Blend 40% LGB / 50% CAT / 10% XGB,0.07690402914853726,0.34441087613293053,0.6833837554609988,0.7669156592521772
Blend 40% LGB / 50% CAT / 10% XGB,0.07722239909441438,0.3464249748237664,0.6826016158610614,0.7669156592521772
Blend 40% LGB / 50% CAT / 10% XGB,0.0778414517669532,0.3482376636455186,0.6817399569370355,0.7669156592521772
Blend 40% LGB / 50% CAT / 10% XGB,0.07842513000106123,0.3496475327291037,0.6809383129972189,0.7669156592521772
Blend 40% LGB / 50% CAT / 10% XGB,0.07915030598889243,0.3508559919436052,0.6800886707068501,0.7669156592521772
Blend 40% LGB / 50% CAT / 10% XGB,0.07991085641515441,0.35206445115810675,0.6790461170531382,0.7669156592521772
Blend 40% LGB / 50% CAT / 10% XGB,0.08049453464926244,0.35347432024169184,0.6781960707125083,0.7669156592521772
Blend 40% LGB / 50% CAT / 10% XGB,0.08121971063709364,0.35488418932527693,0.6771925435953972,0.7669156592521772
Blend 40% LGB / 50% CAT / 10% XGB,0.08215713325550957,0.3564954682779456,0.6756379826053138,0.7669156592521772
Blend 40% LGB / 50% CAT / 10% XGB,0.08298843255863313,0.3577039274924471,0.6744942957467536,0.7669156592521772
Blend 40% LGB / 50% CAT / 10% XGB,0.08355442357352577,0.35891238670694864,0.6737647853309305,0.7669156592521772
Blend 40% LGB / 50% CAT / 10% XGB,0.08420885068449538,0.3609264853977845,0.6729788582664897,0.7669156592521772
Blend 40% LGB / 50% CAT / 10% XGB,0.08500477554918816,0.362134944612286,0.671944323480917,0.7669156592521772
Blend 40% LGB / 50% CAT / 10% XGB,0.08564151544094238,0.36334340382678754,0.6710835504756654,0.7669156592521772
Blend 40% LGB / 50% CAT / 10% XGB,0.08666737415543528,0.36475327291037263,0.6696929551812858,0.7669156592521772
Blend 40% LGB / 50% CAT / 10% XGB,0.08779935618522056,0.3657603222557905,0.6683543348458143,0.7669156592521772
Blend 40% LGB / 50% CAT / 10% XGB,0.08824153666560543,0.36696878147029205,0.6677980240418755,0.7669156592521772
Blend 40% LGB / 50% CAT / 10% XGB,0.08900208709186741,0.36817724068479357,0.6666896871328263,0.7669156592521772
Blend 40% LGB / 50% CAT / 10% XGB,0.08967420142205243,0.36958710976837866,0.6657767598235591,0.7669156592521772
Blend 40% LGB / 50% CAT / 10% XGB,0.09031094131380664,0.3716012084592145,0.6649043856220409,0.7669156592521772
Blend 40% LGB / 50% CAT / 10% XGB,0.0908238706710531,0.3730110775427996,0.6641339417390353,0.7669156592521772
Blend 40% LGB / 50% CAT / 10% XGB,0.09149598500123811,0.37462235649546827,0.6632109728581201,0.7669156592521772
Blend 40% LGB / 50% CAT / 10% XGB,0.0925572181541618,0.3758308157099698,0.6620999172826452,0.7669156592521772
Blend 40% LGB / 50% CAT / 10% XGB,0.09314089638826983,0.3772406847935549,0.6610922427573955,0.7669156592521772
Blend 40% LGB / 50% CAT / 10% XGB,0.0936184513070855,0.37865055387714,0.6605954181652526,0.7669156592521772
Blend 40% LGB / 50% CAT / 10% XGB,0.0946443100215784,0.38006042296072506,0.659221360860089,0.7669156592521772
Blend 40% LGB / 50% CAT / 10% XGB,0.09519261381725565,0.3812688821752266,0.6585768202383955,0.7669156592521772
Blend 40% LGB / 50% CAT / 10% XGB,0.09558173263999434,0.38288016112789525,0.6579920048358555,0.7669156592521772
Blend 40% LGB / 50% CAT / 10% XGB,0.09632459584704092,0.38429003021148034,0.6570099326341513,0.7669156592521772
Blend 40% LGB / 50% CAT / 10% XGB,0.09669602745056423,0.38590130916414905,0.6564157175485735,0.7669156592521772
Blend 40% LGB / 50% CAT / 10% XGB,0.09717358236937988,0.3875125881168177,0.6557507102003297,0.7669156592521772
Blend 40% LGB / 50% CAT / 10% XGB,0.09795182001485726,0.38912386706948643,0.6547445854182705,0.7669156592521772
Blend 40% LGB / 50% CAT / 10% XGB,0.09908380204464254,0.3903323262839879,0.6535850992162842,0.7669156592521772
Blend 40% LGB / 50% CAT / 10% XGB,0.09934911033287347,0.3915407854984894,0.6532713031923205,0.7669156592521772
Blend 40% LGB / 50% CAT / 10% XGB,0.10009197353992005,0.39315206445115813,0.6522716632800294,0.7669156592521772
Blend 40% LGB / 50% CAT / 10% XGB,0.10069333899324348,0.3943605236656596,0.651637572314754,0.7669156592521772
Blend 40% LGB / 50% CAT / 10% XGB,0.10110014503519757,0.3955689828801611,0.6509815794123412,0.7669156592521772
Blend 40% LGB / 50% CAT / 10% XGB,0.10148926385793626,0.39677744209466265,0.6503814559999166,0.7669156592521772
Blend 40% LGB / 50% CAT / 10% XGB,0.10194913155753653,0.3983887210473313,0.6499231500739987,0.7669156592521772
Blend 40% LGB / 50% CAT / 10% XGB,0.10216137818812127,0.3997985901309164,0.6496367840489254,0.7669156592521772
Blend 40% LGB / 50% CAT / 10% XGB,0.10244437369556758,0.4010070493454179,0.649217801294808,0.7669156592521772
Blend 40% LGB / 50% CAT / 10% XGB,0.1030988008065372,0.40221550855991944,0.6484527270039032,0.7669156592521772
Blend 40% LGB / 50% CAT / 10% XGB,0.10377091513672221,0.40443101711983886,0.6475354305220398,0.7669156592521772
Blend 40% LGB / 50% CAT / 10% XGB,0.10426615727475326,0.40584088620342396,0.6470048392168812,0.7669156592521772
Blend 40% LGB / 50% CAT / 10% XGB,0.10472602497435353,0.4070493454179255,0.6464902409839969,0.7669156592521772
Blend 40% LGB / 50% CAT / 10% XGB,0.10538045208532315,0.408257804632427,0.6455749097724719,0.7669156592521772
Blend 40% LGB / 50% CAT / 10% XGB,0.10603487919629276,0.4096676737160121,0.6446172585144733,0.7669156592521772
Blend 40% LGB / 50% CAT / 10% XGB,0.10688386571863172,0.4108761329305136,0.6437276014355502,0.7669156592521772
Blend 40% LGB / 50% CAT / 10% XGB,0.10734373341823199,0.4122860020140987,0.6432480257427527,0.7669156592521772
Blend 40% LGB / 50% CAT / 10% XGB,0.10782128833704765,0.41389728096676737,0.642714441652855,0.7669156592521772
Blend 40% LGB / 50% CAT / 10% XGB,0.10849340266723266,0.415508559919436,0.6420570457254797,0.7669156592521772
Blend 40% LGB / 50% CAT / 10% XGB,0.10900633202447911,0.4169184290030212,0.6414148453957667,0.7669156592521772
Blend 40% LGB / 50% CAT / 10% XGB,0.10967844635466412,0.418932527693857,0.6407191289450092,0.7669156592521772
Blend 40% LGB / 50% CAT / 10% XGB,0.11017368849269518,0.4203423967774421,0.6399345101676557,0.7669156592521772
Blend 40% LGB / 50% CAT / 10% XGB,0.11091655169974177,0.4217522658610272,0.6390141461485863,0.7669156592521772
Blend 40% LGB / 50% CAT / 10% XGB,0.11141179383777283,0.42336354481369587,0.6384009673389259,0.7669156592521772
Blend 40% LGB / 50% CAT / 10% XGB,0.11259683752520429,0.4245720040281974,0.6369748913238615,0.7669156592521772
Blend 40% LGB / 50% CAT / 10% XGB,0.1129328946902968,0.4259818731117825,0.6366003796432296,0.7669156592521772
Blend 40% LGB / 50% CAT / 10% XGB,0.11387031730871272,0.4273917421953676,0.6357063510227471,0.7669156592521772
Blend 40% LGB / 50% CAT / 10% XGB,0.11413562559694365,0.4286002014098691,0.6353990594118429,0.7669156592521772
Blend 40% LGB / 50% CAT / 10% XGB,0.11470161661183628,0.43021148036253776,0.6348479431579804,0.7669156592521772
Blend 40% LGB / 50% CAT / 10% XGB,0.11530298206515971,0.4312185297079557,0.6339517987876502,0.7669156592521772
Blend 40% LGB / 50% CAT / 10% XGB,0.11609890692985249,0.4324269889224572,0.6329944098695739,0.7669156592521772
Blend 40% LGB / 50% CAT / 10% XGB,0.1163819024372988,0.43383685800604227,0.6326413331590963,0.7669156592521772
Blend 40% LGB / 50% CAT / 10% XGB,0.11696558067140685,0.435448136958711,0.6318776362451616,0.7669156592521772
Blend 40% LGB / 50% CAT / 10% XGB,0.11728395061728394,0.43705941591137965,0.6315680460426321,0.7669156592521772
Blend 40% LGB / 50% CAT / 10% XGB,0.11820368601648448,0.43826787512588117,0.6304078802888522,0.7669156592521772
Blend 40% LGB / 50% CAT / 10% XGB,0.11935335526548516,0.4398791540785498,0.6293288990883676,0.7669156592521772
Blend 40% LGB / 50% CAT / 10% XGB,0.11967172521136227,0.44108761329305135,0.6288934805166553,0.7669156592521772
Blend 40% LGB / 50% CAT / 10% XGB,0.12085676889879374,0.44249748237663644,0.6274098564063668,0.7669156592521772
Blend 40% LGB / 50% CAT / 10% XGB,0.1216880682019173,0.44370594159113796,0.6265350760012017,0.7669156592521772
Blend 40% LGB / 50% CAT / 10% XGB,0.1223601825321023,0.44511581067472306,0.6257768935623111,0.7669156592521772
Blend 40% LGB / 50% CAT / 10% XGB,0.12313842017757969,0.44692849949647534,0.6248503414876369,0.7669156592521772
Blend 40% LGB / 50% CAT / 10% XGB,0.12361597509639534,0.448539778449144,0.6243554753069473,0.7669156592521772
Blend 40% LGB / 50% CAT / 10% XGB,0.12428808942658036,0.4497482376636455,0.6235380264073498,0.7669156592521772
Blend 40% LGB / 50% CAT / 10% XGB,0.12487176766068839,0.45095669687814705,0.6228199242431813,0.7669156592521772
Blend 40% LGB / 50% CAT / 10% XGB,0.12609218578655063,0.45196374622356494,0.6215917871730188,0.7669156592521772
Blend 40% LGB / 50% CAT / 10% XGB,0.1266228023630125,0.45317220543806647,0.6211033468005509,0.7669156592521772
Blend 40% LGB / 50% CAT / 10% XGB,0.1273479783508437,0.454380664652568,0.6203040672457221,0.7669156592521772
Blend 40% LGB / 50% CAT / 10% XGB,0.1279847182425979,0.45599194360523665,0.619436815291911,0.7669156592521772
Blend 40% LGB / 50% CAT / 10% XGB,0.12849764759984436,0.45720040281973817,0.6189952420805905,0.7669156592521772
Blend 40% LGB / 50% CAT / 10% XGB,0.12890445364179845,0.45861027190332326,0.6185107933431029,0.7669156592521772
Blend 40% LGB / 50% CAT / 10% XGB,0.129735752944922,0.4598187311178248,0.6175636410390886,0.7669156592521772
Blend 40% LGB / 50% CAT / 10% XGB,0.13067317556333793,0.4610271903323263,0.6164987642247868,0.7669156592521772
Blend 40% LGB / 50% CAT / 10% XGB,0.1311507304821536,0.4622356495468278,0.6158716101810893,0.7669156592521772
Blend 40% LGB / 50% CAT / 10% XGB,0.13155753652410768,0.4638469284994965,0.6153445117240026,0.7669156592521772
Blend 40% LGB / 50% CAT / 10% XGB,0.13221196363507728,0.46505538771399796,0.614576951611262,0.7669156592521772
Blend 40% LGB / 50% CAT / 10% XGB,0.13267183133467755,0.46686807653575024,0.6140031297929084,0.7669156592521772
Blend 40% LGB / 50% CAT / 10% XGB,0.13341469454172414,0.4686807653575025,0.6131889135447655,0.7669156592521772
Blend 40% LGB / 50% CAT / 10% XGB,0.1342459938448477,0.4700906344410876,0.6122372908806094,0.7669156592521772
Blend 40% LGB / 50% CAT / 10% XGB,0.13509498036718667,0.4715005035246727,0.6111331305144931,0.7669156592521772
Blend 40% LGB / 50% CAT / 10% XGB,0.13571403303972548,0.4725075528700906,0.6104426936385732,0.7669156592521772
Blend 40% LGB / 50% CAT / 10% XGB,0.1363861473699105,0.47391742195367575,0.6097070006363035,0.7669156592521772
Blend 40% LGB / 50% CAT / 10% XGB,0.1366868300965722,0.47532729103726085,0.6092607027598159,0.7669156592521772
Blend 40% LGB / 50% CAT / 10% XGB,0.13700520004244932,0.4769385699899295,0.6088497191416204,0.7669156592521772
Blend 40% LGB / 50% CAT / 10% XGB,0.13746506774204958,0.4783484390735146,0.6082725381843406,0.7669156592521772
Blend 40% LGB / 50% CAT / 10% XGB,0.13811949485301922,0.4797583081570997,0.6074051116554027,0.7669156592521772
Blend 40% LGB / 50% CAT / 10% XGB,0.1391630407867275,0.4809667673716012,0.6063259504662322,0.7669156592521772
Blend 40% LGB / 50% CAT / 10% XGB,0.1396052212671124,0.4823766364551863,0.6057172303802704,0.7669156592521772
Blend 40% LGB / 50% CAT / 10% XGB,0.14011815062435884,0.48398791540785496,0.6049459056074455,0.7669156592521772
Blend 40% LGB / 50% CAT / 10% XGB,0.1405426438855283,0.4851963746223565,0.6043965411787431,0.7669156592521772
Blend 40% LGB / 50% CAT / 10% XGB,0.14149775372315965,0.4868076535750252,0.6033321056354629,0.7669156592521772
Blend 40% LGB / 50% CAT / 10% XGB,0.1420814319572677,0.4882175226586103,0.6026636536228098,0.7669156592521772
Blend 40% LGB / 50% CAT / 10% XGB,0.14326647564469913,0.48942598187311176,0.6016287259456654,0.7669156592521772
Blend 40% LGB / 50% CAT / 10% XGB,0.14377940500194558,0.49123867069486404,0.6010130393282471,0.7669156592521772
Blend 40% LGB / 50% CAT / 10% XGB,0.1448052637164385,0.49244712990936557,0.599643328279788,0.7669156592521772
Blend 40% LGB / 50% CAT / 10% XGB,0.14519438253917719,0.49385699899295066,0.5991841151209433,0.7669156592521772
Blend 40% LGB / 50% CAT / 10% XGB,0.1458311224309314,0.49526686807653575,0.5983390962183868,0.7669156592521772
Blend 40% LGB / 50% CAT / 10% XGB,0.14673317061091656,0.49647532729103727,0.5973873369714753,0.7669156592521772
Blend 40% LGB / 50% CAT / 10% XGB,0.14742297216031697,0.49808660624370593,0.5967108085381396,0.7669156592521772
Blend 40% LGB / 50% CAT / 10% XGB,0.14784746542148644,0.49929506545820745,0.5960987542371872,0.7669156592521772
Blend 40% LGB / 50% CAT / 10% XGB,0.14878488803990236,0.500503524672709,0.5950634349205627,0.7669156592521772
Blend 40% LGB / 50% CAT / 10% XGB,0.14920938130107184,0.5017119838872105,0.5945412927420686,0.7669156592521772
Blend 40% LGB / 50% CAT / 10% XGB,0.14963387456224134,0.5031218529707956,0.5941605483411001,0.7669156592521772
Blend 40% LGB / 50% CAT / 10% XGB,0.1503590505500725,0.5047331319234643,0.5933965410462009,0.7669156592521772
Blend 40% LGB / 50% CAT / 10% XGB,0.15126109873005766,0.5059415911379658,0.5925643037472215,0.7669156592521772
Blend 40% LGB / 50% CAT / 10% XGB,0.15196858749867345,0.5071500503524673,0.5918499057707856,0.7669156592521772
Blend 40% LGB / 50% CAT / 10% XGB,0.15306519509002794,0.5085599194360524,0.5904112965554742,0.7669156592521772
Blend 40% LGB / 50% CAT / 10% XGB,0.15405567936609008,0.5105740181268882,0.58923354284942,0.7669156592521772
Blend 40% LGB / 50% CAT / 10% XGB,0.1546039831617673,0.5121852970795568,0.5886763838880888,0.7669156592521772
Blend 40% LGB / 50% CAT / 10% XGB,0.1553645335880293,0.5133937562940584,0.5879758236608708,0.7669156592521772
Blend 40% LGB / 50% CAT / 10% XGB,0.15693869609819944,0.5152064451158107,0.5863455451035868,0.7669156592521772
Blend 40% LGB / 50% CAT / 10% XGB,0.15768155930524602,0.5164149043303122,0.5855349224787831,0.7669156592521772
Blend 40% LGB / 50% CAT / 10% XGB,0.15833598641621563,0.5180261832829809,0.5848038147043003,0.7669156592521772
Blend 40% LGB / 50% CAT / 10% XGB,0.15930878347306238,0.5200402819738167,0.5837678986843726,0.7669156592521772
Blend 40% LGB / 50% CAT / 10% XGB,0.15996321058403198,0.5212487411883182,0.5832340688703792,0.7669156592521772
Blend 40% LGB / 50% CAT / 10% XGB,0.16042307828363225,0.5228600201409869,0.5827084959547479,0.7669156592521772
Blend 40% LGB / 50% CAT / 10% XGB,0.1609713820793095,0.5244712990936556,0.5821958722106416,0.7669156592521772
Blend 40% LGB / 50% CAT / 10% XGB,0.1616788708479253,0.525679758308157,0.5813801597020204,0.7669156592521772
Blend 40% LGB / 50% CAT / 10% XGB,0.16205030245144858,0.5268882175226586,0.5809712702293288,0.7669156592521772
Blend 40% LGB / 50% CAT / 10% XGB,0.1623156107396795,0.5280966767371601,0.5807057268402608,0.7669156592521772
Blend 40% LGB / 50% CAT / 10% XGB,0.16297003785064912,0.5295065458207452,0.5800883266130833,0.7669156592521772
Blend 40% LGB / 50% CAT / 10% XGB,0.16335915667338782,0.5307150050352467,0.5796202841100093,0.7669156592521772
Blend 40% LGB / 50% CAT / 10% XGB,0.16396052212671125,0.5319234642497482,0.5789875369741306,0.7669156592521772
Blend 40% LGB / 50% CAT / 10% XGB,0.16465032367611165,0.5331319234642498,0.5783034421100824,0.7669156592521772
Blend 40% LGB / 50% CAT / 10% XGB,0.1650925041564965,0.5347432024169184,0.5778307638983798,0.7669156592521772
Blend 40% LGB / 50% CAT / 10% XGB,0.1662244861862818,0.5359516616314199,0.5767289210209032,0.7669156592521772
Blend 40% LGB / 50% CAT / 10% XGB,0.1668966005164668,0.5369587109768379,0.5759975986330754,0.7669156592521772
Blend 40% LGB / 50% CAT / 10% XGB,0.16733878099685168,0.5381671701913394,0.5756100398169656,0.7669156592521772
Blend 40% LGB / 50% CAT / 10% XGB,0.16772789981959035,0.5395770392749245,0.5749104455507299,0.7669156592521772
Blend 40% LGB / 50% CAT / 10% XGB,0.16850613746506773,0.540785498489426,0.5742316799463859,0.7669156592521772
Blend 40% LGB / 50% CAT / 10% XGB,0.16905444126074498,0.5419939577039274,0.5736514868915125,0.7669156592521772
Blend 40% LGB / 50% CAT / 10% XGB,0.16944356008348369,0.543202416918429,0.5732404578531514,0.7669156592521772
Blend 40% LGB / 50% CAT / 10% XGB,0.17022179772896107,0.5450151057401813,0.5724163532524149,0.7669156592521772
Blend 40% LGB / 50% CAT / 10% XGB,0.17101772259365383,0.5464249748237664,0.571723288983127,0.7669156592521772
Blend 40% LGB / 50% CAT / 10% XGB,0.17149527751246949,0.5480362537764351,0.5712451619281371,0.7669156592521772
Blend 40% LGB / 50% CAT / 10% XGB,0.1724680745693162,0.5494461228600201,0.5702804445561768,0.7669156592521772
Blend 40% LGB / 50% CAT / 10% XGB,0.1729102550497011,0.5508559919436052,0.5698538932305581,0.7669156592521772
Blend 40% LGB / 50% CAT / 10% XGB,0.17368849269517847,0.5520644511581068,0.5689356767898467,0.7669156592521772
Blend 40% LGB / 50% CAT / 10% XGB,0.17446673034065585,0.5536757301107754,0.5682180280962962,0.7669156592521772
Blend 40% LGB / 50% CAT / 10% XGB,0.1756340868088719,0.5548841893252769,0.5671694225461252,0.7669156592521772
Blend 40% LGB / 50% CAT / 10% XGB,0.17655382220807245,0.556294058408862,0.5662281122771563,0.7669156592521772
Blend 40% LGB / 50% CAT / 10% XGB,0.17788036364922707,0.5577039274924471,0.5649447312777964,0.7669156592521772
Blend 40% LGB / 50% CAT / 10% XGB,0.1784463546641197,0.5587109768378651,0.5643298729250609,0.7669156592521772
Blend 40% LGB / 50% CAT / 10% XGB,0.17938377728253563,0.5599194360523666,0.5635316515231048,0.7669156592521772
Blend 40% LGB / 50% CAT / 10% XGB,0.18044501043545932,0.5613293051359517,0.5625475654583125,0.7669156592521772
Blend 40% LGB / 50% CAT / 10% XGB,0.18134705861544448,0.5627391742195368,0.5617402496934286,0.7669156592521772
Blend 40% LGB / 50% CAT / 10% XGB,0.18240829176836817,0.564551863041289,0.5605421967778281,0.7669156592521772
Blend 40% LGB / 50% CAT / 10% XGB,0.18288584668718383,0.5657603222557905,0.5599075362909025,0.7669156592521772
Blend 40% LGB / 50% CAT / 10% XGB,0.18368177155187662,0.5669687814702921,0.5591882606816556,0.7669156592521772
Blend 40% LGB / 50% CAT / 10% XGB,0.18481375358166188,0.5681772406847936,0.5582403048114752,0.7669156592521772
Blend 40% LGB / 50% CAT / 10% XGB,0.1854858679118469,0.5695871097683787,0.5574653073510932,0.7669156592521772
Blend 40% LGB / 50% CAT / 10% XGB,0.18631716721497046,0.5707955689828802,0.5566125134594591,0.7669156592521772
Blend 40% LGB / 50% CAT / 10% XGB,0.18751989812161732,0.5722054380664653,0.5553665087200924,0.7669156592521772
Blend 40% LGB / 50% CAT / 10% XGB,0.1885988184937564,0.5736153071500504,0.5543186297245357,0.7669156592521772
Blend 40% LGB / 50% CAT / 10% XGB,0.18921787116629524,0.5754279959718026,0.5535443447892623,0.7669156592521772
Blend 40% LGB / 50% CAT / 10% XGB,0.18996073437334182,0.5766364551863041,0.5529256203318276,0.7669156592521772
Blend 40% LGB / 50% CAT / 10% XGB,0.19095121864940395,0.5780463242698892,0.5521092230352361,0.7669156592521772
Blend 40% LGB / 50% CAT / 10% XGB,0.1921362623368354,0.5790533736153072,0.5509170826716703,0.7669156592521772
Blend 40% LGB / 50% CAT / 10% XGB,0.1931974954897591,0.5804632426988923,0.5497958661661606,0.7669156592521772
Blend 40% LGB / 50% CAT / 10% XGB,0.194895468534437,0.5818731117824774,0.5483771958965034,0.7669156592521772
Blend 40% LGB / 50% CAT / 10% XGB,0.19623969719480702,0.583484390735146,0.5471379521077175,0.7669156592521772
Blend 40% LGB / 50% CAT / 10% XGB,0.1977077363896848,0.5848942598187311,0.5458027745341759,0.7669156592521772
Blend 40% LGB / 50% CAT / 10% XGB,0.19866284622731614,0.5865055387713998,0.5447215187695073,0.7669156592521772
Blend 40% LGB / 50% CAT / 10% XGB,0.1994587710920089,0.5879154078549849,0.5440679472604468,0.7669156592521772
Blend 40% LGB / 50% CAT / 10% XGB,0.20013088542219393,0.5895266868076535,0.543330838919142,0.7669156592521772
Blend 40% LGB / 50% CAT / 10% XGB,0.20067918921787117,0.590735146022155,0.5427091204507534,0.7669156592521772
Blend 40% LGB / 50% CAT / 10% XGB,0.20223566450882594,0.5919436052366566,0.5412398765554749,0.7669156592521772
Blend 40% LGB / 50% CAT / 10% XGB,0.20322614878488804,0.5937562940584089,0.5404506779855733,0.7669156592521772
Blend 40% LGB / 50% CAT / 10% XGB,0.20449962856839649,0.5949647532729103,0.5394546121678758,0.7669156592521772
Blend 40% LGB / 50% CAT / 10% XGB,0.2057731083519049,0.5963746223564955,0.5383657510629701,0.7669156592521772
Blend 40% LGB / 50% CAT / 10% XGB,0.2065690332165977,0.5975830815709969,0.5377576097283358,0.7669156592521772
Blend 40% LGB / 50% CAT / 10% XGB,0.2075948919310906,0.5987915407854985,0.5367349840682252,0.7669156592521772
Blend 40% LGB / 50% CAT / 10% XGB,0.20883299727616825,0.6004028197381671,0.5357938781686999,0.7669156592521772
Blend 40% LGB / 50% CAT / 10% XGB,0.20994729208673812,0.6014098690835851,0.5347009034825034,0.7669156592521772
Blend 40% LGB / 50% CAT / 10% XGB,0.21060171919770773,0.6026183282980866,0.5342048896624189,0.7669156592521772
Blend 40% LGB / 50% CAT / 10% XGB,0.2124411899961088,0.6040281973816717,0.5327083611091161,0.7669156592521772
Blend 40% LGB / 50% CAT / 10% XGB,0.2135024231490325,0.6056394763343403,0.5316061121942526,0.7669156592521772
Blend 40% LGB / 50% CAT / 10% XGB,0.21527114507057202,0.6068479355488419,0.5302125994897524,0.7669156592521772
Blend 40% LGB / 50% CAT / 10% XGB,0.2160140082776186,0.608257804632427,0.5294959267276406,0.7669156592521772
Blend 40% LGB / 50% CAT / 10% XGB,0.2173936113764194,0.609667673716012,0.5283378744546632,0.7669156592521772
Blend 40% LGB / 50% CAT / 10% XGB,0.2184194700909123,0.6110775427995971,0.5276402922163989,0.7669156592521772
Blend 40% LGB / 50% CAT / 10% XGB,0.21983444762814391,0.6122860020140987,0.5264709065216053,0.7669156592521772
Blend 40% LGB / 50% CAT / 10% XGB,0.22082493190420602,0.6134944612286002,0.5256018884716924,0.7669156592521772
Blend 40% LGB / 50% CAT / 10% XGB,0.22178004174183735,0.6149043303121853,0.5247408827257369,0.7669156592521772
Blend 40% LGB / 50% CAT / 10% XGB,0.2229473982100534,0.6163141993957704,0.5236326794821803,0.7669156592521772
Blend 40% LGB / 50% CAT / 10% XGB,0.22455693515865435,0.6175226586102719,0.5223024660193105,0.7669156592521772
Blend 40% LGB / 50% CAT / 10% XGB,0.22558279387314725,0.6187311178247734,0.5212800153277981,0.7669156592521772
Blend 40% LGB / 50% CAT / 10% XGB,0.22680321199900952,0.6199395770392749,0.5202714781146318,0.7669156592521772
Blend 40% LGB / 50% CAT / 10% XGB,0.2279175068095794,0.62134944612286,0.5192179997609414,0.7669156592521772
Blend 40% LGB / 50% CAT / 10% XGB,0.2282358767554565,0.6225579053373616,0.5189190273623877,0.7669156592521772
Blend 40% LGB / 50% CAT / 10% XGB,0.22876649333191837,0.6237663645518631,0.5184091831477964,0.7669156592521772
Blend 40% LGB / 50% CAT / 10% XGB,0.22977466482719586,0.6249748237663646,0.5175377643618709,0.7669156592521772
Blend 40% LGB / 50% CAT / 10% XGB,0.2310658318299197,0.626183282980866,0.5165438066019234,0.7669156592521772
Blend 40% LGB / 50% CAT / 10% XGB,0.23191481835225866,0.6273917421953675,0.5157856034898533,0.7669156592521772
Blend 40% LGB / 50% CAT / 10% XGB,0.2328345537514592,0.628600201409869,0.5149722427489362,0.7669156592521772
Blend 40% LGB / 50% CAT / 10% XGB,0.23364816583536738,0.6298086606243706,0.5142940380892641,0.7669156592521772
Blend 40% LGB / 50% CAT / 10% XGB,0.23508083059181437,0.6314199395770392,0.5132409712720738,0.7669156592521772
Blend 40% LGB / 50% CAT / 10% XGB,0.2356821960451378,0.6326283987915408,0.5127507903288449,0.7669156592521772
Blend 40% LGB / 50% CAT / 10% XGB,0.23651349534826135,0.6342396777442094,0.512060173451877,0.7669156592521772
Blend 40% LGB / 50% CAT / 10% XGB,0.23764547737804662,0.6354481369587109,0.511289668620461,0.7669156592521772
Blend 40% LGB / 50% CAT / 10% XGB,0.23867133609253954,0.6366565961732125,0.5103886577622797,0.7669156592521772
Blend 40% LGB / 50% CAT / 10% XGB,0.24084686405603312,0.637865055387714,0.5083420267146982,0.7669156592521772
Blend 40% LGB / 50% CAT / 10% XGB,0.24183734833209522,0.6398791540785499,0.5073756716749678,0.7669156592521772
Blend 40% LGB / 50% CAT / 10% XGB,0.24235027768934167,0.6410876132930513,0.5067979482716803,0.7669156592521772
Blend 40% LGB / 50% CAT / 10% XGB,0.24316388977324985,0.6422960725075528,0.5060457525694859,0.7669156592521772
Blend 40% LGB / 50% CAT / 10% XGB,0.2437475680073579,0.6435045317220544,0.5054340150947646,0.7669156592521772
Blend 40% LGB / 50% CAT / 10% XGB,0.24491492447557395,0.6449144008056394,0.504530736711822,0.7669156592521772
Blend 40% LGB / 50% CAT / 10% XGB,0.24670133361632884,0.646122860020141,0.5031256447604606,0.7669156592521772
Blend 40% LGB / 50% CAT / 10% XGB,0.24816937281120663,0.6475327291037261,0.5020326939340822,0.7669156592521772
Blend 40% LGB / 50% CAT / 10% XGB,0.2496550992252998,0.6487411883182276,0.5009763368538102,0.7669156592521772
Blend 40% LGB / 50% CAT / 10% XGB,0.2510170151048852,0.6499496475327291,0.49983142647820944,0.7669156592521772
Blend 40% LGB / 50% CAT / 10% XGB,0.2515476316813471,0.6511581067472306,0.4993729708284053,0.7669156592521772
Blend 40% LGB / 50% CAT / 10% XGB,0.2531748558491634,0.6523665659617321,0.49811827048135615,0.7669156592521772
Blend 40% LGB / 50% CAT / 10% XGB,0.25506738830521064,0.6535750251762337,0.49658109827268,0.7669156592521772
Blend 40% LGB / 50% CAT / 10% XGB,0.2556156921008879,0.6547834843907352,0.4961211848889022,0.7669156592521772
Blend 40% LGB / 50% CAT / 10% XGB,0.25680073578831936,0.6561933534743203,0.4951144782116801,0.7669156592521772
Blend 40% LGB / 50% CAT / 10% XGB,0.2584810216137819,0.6574018126888218,0.4938911887175481,0.7669156592521772
Blend 40% LGB / 50% CAT / 10% XGB,0.2596483780819979,0.6588116817724069,0.4930836484074679,0.7669156592521772
Blend 40% LGB / 50% CAT / 10% XGB,0.26161165941490677,0.6600201409869083,0.49173719897740975,0.7669156592521772
Blend 40% LGB / 50% CAT / 10% XGB,0.2624606459372458,0.6612286002014098,0.4910628921359836,0.7669156592521772
Blend 40% LGB / 50% CAT / 10% XGB,0.2642470550780006,0.6624370594159114,0.4899320882802829,0.7669156592521772
Blend 40% LGB / 50% CAT / 10% XGB,0.26488379496975484,0.6636455186304129,0.48938497827096894,0.7669156592521772
Blend 40% LGB / 50% CAT / 10% XGB,0.26598040256110933,0.6648539778449144,0.48854485295954786,0.7669156592521772
Blend 40% LGB / 50% CAT / 10% XGB,0.26690013796030987,0.6660624370594159,0.48802579013152103,0.7669156592521772
Blend 40% LGB / 50% CAT / 10% XGB,0.26882804485478795,0.6672708962739174,0.4862192937407268,0.7669156592521772
Blend 40% LGB / 50% CAT / 10% XGB,0.26980084191163467,0.6690835850956697,0.485313478488691,0.7669156592521772
Blend 40% LGB / 50% CAT / 10% XGB,0.27011921185751175,0.6702920443101712,0.4849814122135414,0.7669156592521772
Blend 40% LGB / 50% CAT / 10% XGB,0.2707028900916198,0.6717019133937563,0.4845357013893339,0.7669156592521772
Blend 40% LGB / 50% CAT / 10% XGB,0.2720824931904206,0.6731117824773414,0.48340732497765493,0.7669156592521772
Blend 40% LGB / 50% CAT / 10% XGB,0.2732498496586367,0.6745216515609265,0.4826227325923039,0.7669156592521772
Blend 40% LGB / 50% CAT / 10% XGB,0.27500088436096076,0.675730110775428,0.4811879699579785,0.7669156592521772
Blend 40% LGB / 50% CAT / 10% XGB,0.2761859280483922,0.6775427995971802,0.47999714760942463,0.7669156592521772
Blend 40% LGB / 50% CAT / 10% XGB,0.2776362800240546,0.679154078549849,0.47895874187712173,0.7669156592521772
Blend 40% LGB / 50% CAT / 10% XGB,0.27823764547737806,0.6803625377643504,0.47843912987923437,0.7669156592521772
Blend 40% LGB / 50% CAT / 10% XGB,0.27931656584951714,0.6813695871097684,0.47769265392986515,0.7669156592521772
Blend 40% LGB / 50% CAT / 10% XGB,0.28037779900244086,0.6827794561933535,0.477005155053017,0.7669156592521772
Blend 40% LGB / 50% CAT / 10% XGB,0.28133290884007217,0.683987915407855,0.47635735248983035,0.7669156592521772
Blend 40% LGB / 50% CAT / 10% XGB,0.2827301991580884,0.6853977844914401,0.47539762364079197,0.7669156592521772
Blend 40% LGB / 50% CAT / 10% XGB,0.2838975556263044,0.6868076535750252,0.47438872336065796,0.7669156592521772
Blend 40% LGB / 50% CAT / 10% XGB,0.2851002865329513,0.6884189325276938,0.47333172199371953,0.7669156592521772
Blend 40% LGB / 50% CAT / 10% XGB,0.2861438324666596,0.6896273917421953,0.4725290269554201,0.7669156592521772
Blend 40% LGB / 50% CAT / 10% XGB,0.28796561604584525,0.6908358509566969,0.4710814726220106,0.7669156592521772
Blend 40% LGB / 50% CAT / 10% XGB,0.28844317096466093,0.692245720040282,0.4706488257339919,0.7669156592521772
Blend 40% LGB / 50% CAT / 10% XGB,0.2899819590364003,0.6938569989929506,0.4692946645748204,0.7669156592521772
Blend 40% LGB / 50% CAT / 10% XGB,0.2912908132583395,0.6950654582074521,0.4683873595476833,0.7669156592521772
Blend 40% LGB / 50% CAT / 10% XGB,0.29334253068732535,0.6962739174219537,0.4669120530433932,0.7669156592521772
Blend 40% LGB / 50% CAT / 10% XGB,0.295164314266511,0.6974823766364552,0.465661936905342,0.7669156592521772
Blend 40% LGB / 50% CAT / 10% XGB,0.2966146662421734,0.6988922457200403,0.46464462414817076,0.7669156592521772
Blend 40% LGB / 50% CAT / 10% XGB,0.29744596554529695,0.7001007049345418,0.46390365575779513,0.7669156592521772
Blend 40% LGB / 50% CAT / 10% XGB,0.29834801372528214,0.7011077542799597,0.46328561231818527,0.7669156592521772
Blend 40% LGB / 50% CAT / 10% XGB,0.3001874845236832,0.7023162134944613,0.46189840805033944,0.7669156592521772
Blend 40% LGB / 50% CAT / 10% XGB,0.3028936290636386,0.7037260825780464,0.45993502247321577,0.7669156592521772
Blend 40% LGB / 50% CAT / 10% XGB,0.30450316601223953,0.7049345417925479,0.4587464627684301,0.7669156592521772
Blend 40% LGB / 50% CAT / 10% XGB,0.30554671194594785,0.7061430010070493,0.45810131524090913,0.7669156592521772
Blend 40% LGB / 50% CAT / 10% XGB,0.3067671300718101,0.7073514602215508,0.4571728129087681,0.7669156592521772
Blend 40% LGB / 50% CAT / 10% XGB,0.3080759842937493,0.7087613293051359,0.45629254237478745,0.7669156592521772
Blend 40% LGB / 50% CAT / 10% XGB,0.30869503696628814,0.710171198388721,0.45577039099578365,0.7669156592521772
Blend 40% LGB / 50% CAT / 10% XGB,0.3103045739148891,0.7113796576032225,0.45459617353814774,0.7669156592521772
Blend 40% LGB / 50% CAT / 10% XGB,0.31125968375252044,0.712588116817724,0.4537489856793844,0.7669156592521772
Blend 40% LGB / 50% CAT / 10% XGB,0.3117726131097669,0.7137965760322256,0.45335085276754633,0.7669156592521772
Blend 40% LGB / 50% CAT / 10% XGB,0.3138066433195373,0.7150050352467271,0.45188609481330966,0.7669156592521772
Blend 40% LGB / 50% CAT / 10% XGB,0.31483250203403024,0.7162134944612286,0.4511770220497078,0.7669156592521772
Blend 40% LGB / 50% CAT / 10% XGB,0.31638897732498494,0.7176233635448137,0.45005534210108644,0.7669156592521772
Blend 40% LGB / 50% CAT / 10% XGB,0.31709646609360076,0.7194360523665659,0.4494264718053701,0.7669156592521772
Blend 40% LGB / 50% CAT / 10% XGB,0.3182815097810322,0.7212487411883183,0.44848062446167053,0.7669156592521772
Blend 40% LGB / 50% CAT / 10% XGB,0.3194134918108175,0.7222557905337361,0.4477189203028109,0.7669156592521772
Blend 40% LGB / 50% CAT / 10% XGB,0.32059853549824896,0.7234642497482376,0.4466903714409773,0.7669156592521772
Blend 40% LGB / 50% CAT / 10% XGB,0.3223495702005731,0.7246727089627392,0.44556281572304246,0.7669156592521772
Blend 40% LGB / 50% CAT / 10% XGB,0.32349923944957376,0.7260825780463243,0.4448374198886611,0.7669156592521772
Blend 40% LGB / 50% CAT / 10% XGB,0.32479040645229756,0.7272910372608258,0.4437474455811169,0.7669156592521772
Blend 40% LGB / 50% CAT / 10% XGB,0.32700130885422196,0.7284994964753273,0.44218623293434595,0.7669156592521772
Blend 40% LGB / 50% CAT / 10% XGB,0.32843397361066895,0.7297079556898288,0.44102604679329166,0.7669156592521772
Blend 40% LGB / 50% CAT / 10% XGB,0.3296367045173158,0.7309164149043303,0.4402274631264703,0.7669156592521772
Blend 40% LGB / 50% CAT / 10% XGB,0.3307863737663165,0.7321248741188319,0.4393026125350827,0.7669156592521772
Blend 40% LGB / 50% CAT / 10% XGB,0.3317414836039478,0.7333333333333333,0.4385926339122433,0.7669156592521772
Blend 40% LGB / 50% CAT / 10% XGB,0.333050337825887,0.7347432024169185,0.4376278844846679,0.7669156592521772
Blend 40% LGB / 50% CAT / 10% XGB,0.333810888252149,0.7359516616314199,0.43696150263180455,0.7669156592521772
Blend 40% LGB / 50% CAT / 10% XGB,0.33570342070819625,0.7371601208459214,0.43561574531541214,0.7669156592521772
Blend 40% LGB / 50% CAT / 10% XGB,0.3379496975485514,0.7383685800604229,0.43408767310754837,0.7669156592521772
Blend 40% LGB / 50% CAT / 10% XGB,0.34001910219675263,0.739778449144008,0.43251907042514515,0.7669156592521772
Blend 40% LGB / 50% CAT / 10% XGB,0.34079733984223,0.7413897280966767,0.43187584764380516,0.7669156592521772
Blend 40% LGB / 50% CAT / 10% XGB,0.34306130390180056,0.7425981873111782,0.4304273171463078,0.7669156592521772
Blend 40% LGB / 50% CAT / 10% XGB,0.34412253705472423,0.7438066465256797,0.4298792196117832,0.7669156592521772
Blend 40% LGB / 50% CAT / 10% XGB,0.3461742544837101,0.7452165156092648,0.4284371467819301,0.7669156592521772
Blend 40% LGB / 50% CAT / 10% XGB,0.34688174325232585,0.7466263846928499,0.4279612897947994,0.7669156592521772
Blend 40% LGB / 50% CAT / 10% XGB,0.34854434185857297,0.7478348439073514,0.42689535873166723,0.7669156592521772
Blend 40% LGB / 50% CAT / 10% XGB,0.3502423149032509,0.749043303121853,0.42570959109326306,0.7669156592521772
Blend 40% LGB / 50% CAT / 10% XGB,0.3514627330291132,0.7502517623363545,0.42489738250423836,0.7669156592521772
Blend 40% LGB / 50% CAT / 10% XGB,0.35392125650005307,0.751460221550856,0.4233602516316569,0.7669156592521772
Blend 40% LGB / 50% CAT / 10% XGB,0.35538929569493083,0.7528700906344411,0.42231981043820954,0.7669156592521772
Blend 40% LGB / 50% CAT / 10% XGB,0.3566097138207931,0.7544813695871098,0.42147583769263386,0.7669156592521772
Blend 40% LGB / 50% CAT / 10% XGB,0.35790088082351695,0.7556898288016113,0.4204880647170588,0.7669156592521772
Blend 40% LGB / 50% CAT / 10% XGB,0.36076621033641093,0.7570996978851964,0.4185505641002153,0.7669156592521772
Blend 40% LGB / 50% CAT / 10% XGB,0.3623757472850119,0.7583081570996979,0.41754692126967163,0.7669156592521772
Blend 40% LGB / 50% CAT / 10% XGB,0.36345466765715095,0.7595166163141994,0.4165955789624519,0.7669156592521772
Blend 40% LGB / 50% CAT / 10% XGB,0.3656301956206445,0.7605236656596174,0.4151113447882354,0.7669156592521772
Blend 40% LGB / 50% CAT / 10% XGB,0.3673812303229686,0.7617321248741188,0.41378714522247884,0.7669156592521772
Blend 40% LGB / 50% CAT / 10% XGB,0.3692030139021543,0.7633434038267876,0.41270700246225367,0.7669156592521772
Blend 40% LGB / 50% CAT / 10% XGB,0.37153772683858644,0.764551863041289,0.4110592293782893,0.7669156592521772
Blend 40% LGB / 50% CAT / 10% XGB,0.37332413597934133,0.7657603222557905,0.40986796976985457,0.7669156592521772
Blend 40% LGB / 50% CAT / 10% XGB,0.3756234744773427,0.766968781470292,0.40828283700399376,0.7669156592521772
Blend 40% LGB / 50% CAT / 10% XGB,0.377834376879267,0.7683786505538771,0.40700097799413293,0.7669156592521772
Blend 40% LGB / 50% CAT / 10% XGB,0.37932010329336024,0.7695871097683786,0.4059386212011348,0.7669156592521772
Blend 40% LGB / 50% CAT / 10% XGB,0.3814779440376384,0.7709969788519637,0.40440732085932385,0.7669156592521772
Blend 40% LGB / 50% CAT / 10% XGB,0.38368884643956275,0.7722054380664652,0.40326181510404346,0.7669156592521772
Blend 40% LGB / 50% CAT / 10% XGB,0.38512151119600974,0.7734138972809668,0.4024836405213805,0.7669156592521772
Blend 40% LGB / 50% CAT / 10% XGB,0.3865541759524568,0.7746223564954683,0.40153049191324075,0.7669156592521772
Blend 40% LGB / 50% CAT / 10% XGB,0.3881460256818423,0.7758308157099698,0.40045398902647933,0.7669156592521772
Blend 40% LGB / 50% CAT / 10% XGB,0.3906576108104284,0.7770392749244713,0.398935704711755,0.7669156592521772
Blend 40% LGB / 50% CAT / 10% XGB,0.3923378966358909,0.7782477341389729,0.39789535156232825,0.7669156592521772
Blend 40% LGB / 50% CAT / 10% XGB,0.39366443807704554,0.7794561933534743,0.397069114048585,0.7669156592521772
Blend 40% LGB / 50% CAT / 10% XGB,0.39569846828681593,0.7804632426988922,0.39607229546916983,0.7669156592521772
Blend 40% LGB / 50% CAT / 10% XGB,0.3983692383883406,0.7816717019133937,0.3943546950379055,0.7669156592521772
Blend 40% LGB / 50% CAT / 10% XGB,0.4007923874208497,0.7830815709969788,0.392770507243408,0.7669156592521772
Blend 40% LGB / 50% CAT / 10% XGB,0.40199511832749657,0.7842900302114804,0.39195073870296493,0.7669156592521772
Blend 40% LGB / 50% CAT / 10% XGB,0.4031094131380664,0.7854984894259819,0.3912303074271244,0.7669156592521772
Blend 40% LGB / 50% CAT / 10% XGB,0.4056563727050833,0.7867069486404834,0.3896568259718919,0.7669156592521772
Blend 40% LGB / 50% CAT / 10% XGB,0.4090169443560083,0.7881168177240685,0.38776257223213545,0.7669156592521772
Blend 40% LGB / 50% CAT / 10% XGB,0.4107326046199017,0.78932527693857,0.3864607414600948,0.7669156592521772
Blend 40% LGB / 50% CAT / 10% XGB,0.4124305776645796,0.7905337361530715,0.38523760034911325,0.7669156592521772
Blend 40% LGB / 50% CAT / 10% XGB,0.4134741235982879,0.7917421953675731,0.3845288083753554,0.7669156592521772
Blend 40% LGB / 50% CAT / 10% XGB,0.4169231313452899,0.7929506545820745,0.38249323051565126,0.7669156592521772
Blend 40% LGB / 50% CAT / 10% XGB,0.42023064133856874,0.794159113796576,0.3805211414168262,0.7669156592521772
Blend 40% LGB / 50% CAT / 10% XGB,0.42199936326010823,0.7955689828801611,0.37945625735782007,0.7669156592521772
Blend 40% LGB / 50% CAT / 10% XGB,0.42304290919381654,0.7969788519637462,0.37882795521768287,0.7669156592521772
Blend 40% LGB / 50% CAT / 10% XGB,0.42442251229261735,0.7981873111782477,0.37808809980355157,0.7669156592521772
Blend 40% LGB / 50% CAT / 10% XGB,0.42725246736708056,0.7993957703927492,0.3765219084702567,0.7669156592521772
Blend 40% LGB / 50% CAT / 10% XGB,0.43004704800311294,0.8006042296072508,0.37499982118962427,0.7669156592521772
Blend 40% LGB / 50% CAT / 10% XGB,0.43361986628462273,0.8018126888217523,0.37292974518048183,0.7669156592521772
Blend 40% LGB / 50% CAT / 10% XGB,0.437705613923379,0.8032225579053374,0.3704477438709982,0.7669156592521772
Blend 40% LGB / 50% CAT / 10% XGB,0.438872970391595,0.8044310171198389,0.36973469191492125,0.7669156592521772
Blend 40% LGB / 50% CAT / 10% XGB,0.44019951183274963,0.8056394763343404,0.3689085569896515,0.7669156592521772
Blend 40% LGB / 50% CAT / 10% XGB,0.44207435706958154,0.8068479355488419,0.36786633807881475,0.7669156592521772
Blend 40% LGB / 50% CAT / 10% XGB,0.44329477519544375,0.8080563947633435,0.36707102519179624,0.7669156592521772
Blend 40% LGB / 50% CAT / 10% XGB,0.4455410520357989,0.8092648539778449,0.36575977283577843,0.7669156592521772
Blend 40% LGB / 50% CAT / 10% XGB,0.4478050160953695,0.8104733131923464,0.36468318491566987,0.7669156592521772
Blend 40% LGB / 50% CAT / 10% XGB,0.4508825922388482,0.8116817724068479,0.36324950790223887,0.7669156592521772
Blend 40% LGB / 50% CAT / 10% XGB,0.45243906752980295,0.8128902316213494,0.3622416809860448,0.7669156592521772
Blend 40% LGB / 50% CAT / 10% XGB,0.4540839789168347,0.8143001007049345,0.361139705797461,0.7669156592521772
Blend 40% LGB / 50% CAT / 10% XGB,0.45560507976935866,0.8157099697885196,0.36021118662190976,0.7669156592521772
Blend 40% LGB / 50% CAT / 10% XGB,0.45698468286815946,0.8171198388721047,0.35933965896651276,0.7669156592521772
Blend 40% LGB / 50% CAT / 10% XGB,0.45917789805086845,0.8183282980866062,0.3581792975657163,0.7669156592521772
Blend 40% LGB / 50% CAT / 10% XGB,0.46163642152180834,0.8193353474320242,0.3564913306359383,0.7669156592521772
Blend 40% LGB / 50% CAT / 10% XGB,0.462874526866886,0.8205438066465257,0.3557712687603851,0.7669156592521772
Blend 40% LGB / 50% CAT / 10% XGB,0.4645194382539177,0.8221550855991944,0.35477580148928667,0.7669156592521772
Blend 40% LGB / 50% CAT / 10% XGB,0.46581060525664153,0.8233635448136959,0.35395536445714326,0.7669156592521772
Blend 40% LGB / 50% CAT / 10% XGB,0.4674378294244579,0.8245720040281974,0.35306358602225585,0.7669156592521772
Blend 40% LGB / 50% CAT / 10% XGB,0.46872899642718174,0.8257804632426989,0.35234740910578366,0.7669156592521772
Blend 40% LGB / 50% CAT / 10% XGB,0.47085146273302914,0.8269889224572003,0.3512116404117772,0.7669156592521772
Blend 40% LGB / 50% CAT / 10% XGB,0.47214262973575294,0.8281973816717019,0.3503750938471848,0.7669156592521772
Blend 40% LGB / 50% CAT / 10% XGB,0.4747780253988468,0.8294058408862034,0.34903393222767753,0.7669156592521772
Blend 40% LGB / 50% CAT / 10% XGB,0.4769181789239096,0.8306143001007049,0.34777016277132167,0.7669156592521772
Blend 40% LGB / 50% CAT / 10% XGB,0.478863773037603,0.8322255790533736,0.34668634349246474,0.7669156592521772
Blend 40% LGB / 50% CAT / 10% XGB,0.48130460928932756,0.8336354481369587,0.34543252131596125,0.7669156592521772
Blend 40% LGB / 50% CAT / 10% XGB,0.484417559871237,0.8350453172205438,0.34351792708190565,0.7669156592521772
Blend 40% LGB / 50% CAT / 10% XGB,0.4870883299727617,0.8364551863041289,0.3417517441886468,0.7669156592521772
Blend 40% LGB / 50% CAT / 10% XGB,0.4890162368672397,0.8376636455186304,0.3408466503245835,0.7669156592521772
Blend 40% LGB / 50% CAT / 10% XGB,0.4906080865966253,0.8388721047331319,0.34008455218813327,0.7669156592521772
Blend 40% LGB / 50% CAT / 10% XGB,0.49372103717853477,0.8400805639476334,0.3384750982588889,0.7669156592521772
Blend 40% LGB / 50% CAT / 10% XGB,0.4965156178145672,0.8412890231621349,0.3368444451116964,0.7669156592521772
Blend 40% LGB / 50% CAT / 10% XGB,0.5001061233152924,0.8424974823766365,0.3347592318748398,0.7669156592521772
Blend 40% LGB / 50% CAT / 10% XGB,0.5011850436874314,0.843705941591138,0.3342042232984613,0.7669156592521772
Blend 40% LGB / 50% CAT / 10% XGB,0.5051823552301107,0.8449144008056395,0.3319936131150327,0.7669156592521772
Blend 40% LGB / 50% CAT / 10% XGB,0.5077116275779122,0.846122860020141,0.33062373473860696,0.7669156592521772
Blend 40% LGB / 50% CAT / 10% XGB,0.5105415826523754,0.8473313192346424,0.3290081544970632,0.7669156592521772
Blend 40% LGB / 50% CAT / 10% XGB,0.5120803707241147,0.8487411883182276,0.32812390624027765,0.7669156592521772
Blend 40% LGB / 50% CAT / 10% XGB,0.5144150836605469,0.8499496475327291,0.32668370888409254,0.7669156592521772
Blend 40% LGB / 50% CAT / 10% XGB,0.5167321093777636,0.8511581067472306,0.32536088410191366,0.7669156592521772
Blend 40% LGB / 50% CAT / 10% XGB,0.5190314478757649,0.8523665659617321,0.32403112706108833,0.7669156592521772
Blend 40% LGB / 50% CAT / 10% XGB,0.5198804343981039,0.8541792547834844,0.32340095130118496,0.7669156592521772
Blend 40% LGB / 50% CAT / 10% XGB,0.520959354770243,0.8553877139979859,0.3229353125083414,0.7669156592521772
Blend 40% LGB / 50% CAT / 10% XGB,0.5241784286674449,0.8565961732124874,0.32107923516043274,0.7669156592521772
Blend 40% LGB / 50% CAT / 10% XGB,0.5274151897838621,0.8576032225579053,0.31916945191608,0.7669156592521772
Blend 40% LGB / 50% CAT / 10% XGB,0.531483250203403,0.859214501510574,0.31709500500182225,0.7669156592521772
Blend 40% LGB / 50% CAT / 10% XGB,0.5329866638367116,0.8604229607250755,0.3162168311375504,0.7669156592521772
Blend 40% LGB / 50% CAT / 10% XGB,0.5356574339382363,0.861631419939577,0.31501906458608675,0.7669156592521772
Blend 40% LGB / 50% CAT / 10% XGB,0.5368247904064523,0.8630412890231621,0.3143540039735793,0.7669156592521772
Blend 40% LGB / 50% CAT / 10% XGB,0.5383458912589763,0.8642497482376637,0.3135691005534659,0.7669156592521772
Blend 40% LGB / 50% CAT / 10% XGB,0.5419894584173476,0.8656596173212487,0.31169708950492936,0.7669156592521772
Blend 40% LGB / 50% CAT / 10% XGB,0.5439173653118257,0.8670694864048338,0.31055757558807273,0.7669156592521772
Blend 40% LGB / 50% CAT / 10% XGB,0.5452262195337649,0.8682779456193354,0.3095601727464196,0.7669156592521772
Blend 40% LGB / 50% CAT / 10% XGB,0.5466588842902119,0.8696878147029204,0.30861526907912856,0.7669156592521772
Blend 40% LGB / 50% CAT / 10% XGB,0.5486575400615515,0.870896273917422,0.3075729025122439,0.7669156592521772
Blend 40% LGB / 50% CAT / 10% XGB,0.5504439492023064,0.8721047331319235,0.3066873564534922,0.7669156592521772
Blend 40% LGB / 50% CAT / 10% XGB,0.5526017899465846,0.8735146022155086,0.30561468883601756,0.7669156592521772
Blend 40% LGB / 50% CAT / 10% XGB,0.5549541901022321,0.8747230614300101,0.3041790706895277,0.7669156592521772
Blend 40% LGB / 50% CAT / 10% XGB,0.5568113481198486,0.8759315206445116,0.3031456211770254,0.7669156592521772
Blend 40% LGB / 50% CAT / 10% XGB,0.5599596731401889,0.877139979859013,0.30145064738162897,0.7669156592521772
Blend 40% LGB / 50% CAT / 10% XGB,0.5623297605150518,0.878147029204431,0.3003968287810075,0.7669156592521772
Blend 40% LGB / 50% CAT / 10% XGB,0.5646998478899148,0.8793554884189325,0.2990478776761361,0.7669156592521772
Blend 40% LGB / 50% CAT / 10% XGB,0.5666985036612544,0.880563947633434,0.29801900286866473,0.7669156592521772
Blend 40% LGB / 50% CAT / 10% XGB,0.568608723336517,0.8819738167170191,0.29693266838006194,0.7669156592521772
Blend 40% LGB / 50% CAT / 10% XGB,0.5700060136545332,0.8831822759315207,0.2961360474605186,0.7669156592521772
Blend 40% LGB / 50% CAT / 10% XGB,0.5715801761647034,0.8843907351460222,0.29525630855108737,0.7669156592521772
Blend 40% LGB / 50% CAT / 10% XGB,0.5738972018819202,0.8855991943605237,0.29410808895380736,0.7669156592521772
Blend 40% LGB / 50% CAT / 10% XGB,0.5767979058332449,0.8868076535750252,0.2924847932262078,0.7669156592521772
Blend 40% LGB / 50% CAT / 10% XGB,0.5804060985531855,0.8880161127895266,0.2906518954294376,0.7669156592521772
Blend 40% LGB / 50% CAT / 10% XGB,0.5828115603664792,0.8892245720040282,0.28938060934851867,0.7669156592521772
Blend 40% LGB / 50% CAT / 10% XGB,0.5865612508401429,0.8904330312185297,0.2874645982702405,0.7669156592521772
Blend 40% LGB / 50% CAT / 10% XGB,0.590328628533022,0.8916414904330312,0.2853807997486656,0.7669156592521772
Blend 40% LGB / 50% CAT / 10% XGB,0.592521843715731,0.8928499496475327,0.28427825844786425,0.7669156592521772
Blend 40% LGB / 50% CAT / 10% XGB,0.595475609324702,0.8942598187311178,0.282651781934783,0.7669156592521772
Blend 40% LGB / 50% CAT / 10% XGB,0.5977041989458417,0.8954682779456193,0.281488643293287,0.7669156592521772
Blend 40% LGB / 50% CAT / 10% XGB,0.60009197353992,0.8964753272910373,0.28024430989315424,0.7669156592521772
Blend 40% LGB / 50% CAT / 10% XGB,0.6029042413951679,0.8976837865055388,0.2787868923802865,0.7669156592521772
Blend 40% LGB / 50% CAT / 10% XGB,0.6058049453464927,0.8990936555891239,0.27743800859954115,0.7669156592521772
Blend 40% LGB / 50% CAT / 10% XGB,0.6104566840001415,0.9009063444108761,0.2748808867371726,0.7669156592521772
Blend 40% LGB / 50% CAT / 10% XGB,0.6126675864020659,0.9021148036253777,0.27384866153780785,0.7669156592521772
Blend 40% LGB / 50% CAT / 10% XGB,0.6171778273019916,0.9033232628398792,0.27148607734595376,0.7669156592521772
Blend 40% LGB / 50% CAT / 10% XGB,0.6203438395415473,0.9045317220543807,0.27000692136842164,0.7669156592521772
Blend 40% LGB / 50% CAT / 10% XGB,0.6241642788920726,0.9059415911379658,0.26839165508027696,0.7669156592521772
Blend 40% LGB / 50% CAT / 10% XGB,0.6264459301708586,0.9071500503524673,0.267121413725958,0.7669156592521772
Blend 40% LGB / 50% CAT / 10% XGB,0.6280554671194595,0.9083585095669687,0.2662782593509064,0.7669156592521772
Blend 40% LGB / 50% CAT / 10% XGB,0.6302486823021685,0.9095669687814703,0.26504327239511427,0.7669156592521772
Blend 40% LGB / 50% CAT / 10% XGB,0.6342283066256323,0.9107754279959718,0.2633395415029111,0.7669156592521772
Blend 40% LGB / 50% CAT / 10% XGB,0.6361031518624641,0.9119838872104733,0.2623551248015003,0.7669156592521772
Blend 40% LGB / 50% CAT / 10% XGB,0.6399059039937741,0.9133937562940584,0.26061039460139745,0.7669156592521772
Blend 40% LGB / 50% CAT / 10% XGB,0.6424174891223602,0.9146022155085599,0.2594573196924159,0.7669156592521772
Blend 40% LGB / 50% CAT / 10% XGB,0.6467154833917012,0.9156092648539779,0.2575097596483932,0.7669156592521772
Blend 40% LGB / 50% CAT / 10% XGB,0.6484311436555945,0.9168177240684794,0.2565919454196752,0.7669156592521772
Blend 40% LGB / 50% CAT / 10% XGB,0.6498284339736107,0.9180261832829809,0.2559690360800486,0.7669156592521772
Blend 40% LGB / 50% CAT / 10% XGB,0.6542856132158902,0.9192346424974823,0.25377955655330076,0.7669156592521772
Blend 40% LGB / 50% CAT / 10% XGB,0.6563196434256606,0.9204431017119838,0.2529406440569361,0.7669156592521772
Blend 40% LGB / 50% CAT / 10% XGB,0.6576815593052461,0.9216515609264854,0.2521010004339232,0.7669156592521772
Blend 40% LGB / 50% CAT / 10% XGB,0.6609536948600941,0.9228600201409869,0.2504688929608696,0.7669156592521772
Blend 40% LGB / 50% CAT / 10% XGB,0.6651278785949273,0.9240684793554884,0.24817083587191724,0.7669156592521772
Blend 40% LGB / 50% CAT / 10% XGB,0.6680639569846829,0.9252769385699899,0.24665225972114058,0.7669156592521772
Blend 40% LGB / 50% CAT / 10% XGB,0.6741660476139941,0.9264853977844915,0.24365178407826815,0.7669156592521772
Blend 40% LGB / 50% CAT / 10% XGB,0.6773143726343345,0.927693856998993,0.24208847446425202,0.7669156592521772
Blend 40% LGB / 50% CAT / 10% XGB,0.6798082705437051,0.9289023162134945,0.24080790811690822,0.7669156592521772
Blend 40% LGB / 50% CAT / 10% XGB,0.6847783791432311,0.9301107754279959,0.2383175433046757,0.7669156592521772
Blend 40% LGB / 50% CAT / 10% XGB,0.6898546110580495,0.9313192346424974,0.23566030948534894,0.7669156592521772
Blend 40% LGB / 50% CAT / 10% XGB,0.6923661961866355,0.932527693856999,0.2342455958565388,0.7669156592521772
Blend 40% LGB / 50% CAT / 10% XGB,0.6945594113693445,0.933937562940584,0.23303709946425324,0.7669156592521772
Blend 40% LGB / 50% CAT / 10% XGB,0.6984152251583006,0.934944612286002,0.23089435956645282,0.7669156592521772
Blend 40% LGB / 50% CAT / 10% XGB,0.7033499593193958,0.9363544813695871,0.22872947397394253,0.7669156592521772
Blend 40% LGB / 50% CAT / 10% XGB,0.710743216951431,0.9375629405840886,0.22522589074584998,0.7669156592521772
Blend 40% LGB / 50% CAT / 10% XGB,0.7139446036294174,0.9389728096676737,0.22371611313840972,0.7669156592521772
Blend 40% LGB / 50% CAT / 10% XGB,0.7158901977431108,0.9403826787512588,0.22273000083210773,0.7669156592521772
Blend 40% LGB / 50% CAT / 10% XGB,0.7206834341504829,0.9415911379657603,0.22033647768882883,0.7669156592521772
Blend 40% LGB / 50% CAT / 10% XGB,0.7217977289610528,0.9427995971802619,0.21980252709107256,0.7669156592521772
Blend 40% LGB / 50% CAT / 10% XGB,0.7265909653684248,0.9442094662638469,0.21764797500151117,0.7669156592521772
Blend 40% LGB / 50% CAT / 10% XGB,0.728571933920549,0.9454179254783485,0.21671071388079127,0.7669156592521772
Blend 40% LGB / 50% CAT / 10% XGB,0.7341787824118292,0.9468277945619336,0.21421910515708642,0.7669156592521772
Blend 40% LGB / 50% CAT / 10% XGB,0.7366726803211999,0.9480362537764351,0.2130321806026883,0.7669156592521772
Blend 40% LGB / 50% CAT / 10% XGB,0.7402454986027097,0.9492447129909366,0.21139001801957263,0.7669156592521772
Blend 40% LGB / 50% CAT / 10% XGB,0.7440482507340196,0.950453172205438,0.20935547346571495,0.7669156592521772
Blend 40% LGB / 50% CAT / 10% XGB,0.7497612225405922,0.9516616314199395,0.2067270337183591,0.7669156592521772
Blend 40% LGB / 50% CAT / 10% XGB,0.757278290707135,0.9528700906344411,0.20314795107204392,0.7669156592521772
Blend 40% LGB / 50% CAT / 10% XGB,0.7609395450847217,0.953877139979859,0.20152493004125116,0.7669156592521772
Blend 40% LGB / 50% CAT / 10% XGB,0.7648837949697549,0.9550855991943605,0.19955284737835077,0.7669156592521772
Blend 40% LGB / 50% CAT / 10% XGB,0.7700307757614347,0.9562940584088621,0.19695331719578463,0.7669156592521772
Blend 40% LGB / 50% CAT / 10% XGB,0.7717994976829743,0.9575025176233636,0.1960587715752153,0.7669156592521772
Blend 40% LGB / 50% CAT / 10% XGB,0.775726060348792,0.9587109768378651,0.1941307627221069,0.7669156592521772
Blend 40% LGB / 50% CAT / 10% XGB,0.7815628426898723,0.9599194360523665,0.1915178753089593,0.7669156592521772
Blend 40% LGB / 50% CAT / 10% XGB,0.7838621811878737,0.961127895266868,0.19035548022683021,0.7669156592521772
Blend 40% LGB / 50% CAT / 10% XGB,0.7875411227846758,0.9623363544813696,0.18869514592766384,0.7669156592521772
Blend 40% LGB / 50% CAT / 10% XGB,0.791538434327355,0.9635448136958711,0.186797293722696,0.7669156592521772
Blend 40% LGB / 50% CAT / 10% XGB,0.7921751742191093,0.9647532729103726,0.18650338249052018,0.7669156592521772
Blend 40% LGB / 50% CAT / 10% XGB,0.7939969577982949,0.9659617321248741,0.18558061325064645,0.7669156592521772
Blend 40% LGB / 50% CAT / 10% XGB,0.7991085641515441,0.9671701913393757,0.1830356581283707,0.7669156592521772
Blend 40% LGB / 50% CAT / 10% XGB,0.803760302805193,0.9683786505538772,0.18072956557387393,0.7669156592521772
Blend 40% LGB / 50% CAT / 10% XGB,0.8100038911882274,0.9695871097683787,0.17749096772717934,0.7669156592521772
Blend 40% LGB / 50% CAT / 10% XGB,0.8156991757755846,0.9707955689828801,0.17455799522053092,0.7669156592521772
Blend 40% LGB / 50% CAT / 10% XGB,0.8212883370476494,0.9718026183282981,0.17183092583635567,0.7669156592521772
Blend 40% LGB / 50% CAT / 10% XGB,0.8254625207824826,0.9730110775427996,0.16969118444258155,0.7669156592521772
Blend 40% LGB / 50% CAT / 10% XGB,0.8317591708231632,0.9742195367573011,0.16650132002761447,0.7669156592521772
Blend 40% LGB / 50% CAT / 10% XGB,0.8369415260532739,0.9754279959718026,0.16405838479250523,0.7669156592521772
Blend 40% LGB / 50% CAT / 10% XGB,0.8422653790371077,0.9766364551863042,0.1616094064577959,0.7669156592521772
Blend 40% LGB / 50% CAT / 10% XGB,0.8513919841522516,0.9778449144008057,0.15707912006029612,0.7669156592521772
Blend 40% LGB / 50% CAT / 10% XGB,0.8597580388411334,0.9792547834843908,0.15267989412824565,0.7669156592521772
Blend 40% LGB / 50% CAT / 10% XGB,0.8672927942268917,0.9804632426988923,0.14863461590276303,0.7669156592521772
Blend 40% LGB / 50% CAT / 10% XGB,0.8729350171566026,0.9816717019133937,0.14577200375621863,0.7669156592521772
Blend 40% LGB / 50% CAT / 10% XGB,0.8784888039902367,0.9828801611278952,0.1428420192789985,0.7669156592521772
Blend 40% LGB / 50% CAT / 10% XGB,0.8814425695992076,0.9840886203423967,0.14114864502780206,0.7669156592521772
Blend 40% LGB / 50% CAT / 10% XGB,0.8848562029077789,0.9852970795568983,0.13939885384791037,0.7669156592521772
Blend 40% LGB / 50% CAT / 10% XGB,0.8925324560472603,0.9865055387713998,0.13525415371493496,0.7669156592521772
Blend 40% LGB / 50% CAT / 10% XGB,0.8990944143761718,0.9877139979859013,0.13171211376600575,0.7669156592521772
Blend 40% LGB / 50% CAT / 10% XGB,0.9072835968728996,0.9891238670694864,0.12697829400760385,0.7669156592521772
Blend 40% LGB / 50% CAT / 10% XGB,0.9169408185645053,0.9903323262839879,0.12122617069026484,0.7669156592521772
Blend 40% LGB / 50% CAT / 10% XGB,0.921857865506385,0.9913393756294059,0.11843957738497418,0.7669156592521772
Blend 40% LGB / 50% CAT / 10% XGB,0.932151827089745,0.9925478348439074,0.11186207666723957,0.7669156592521772
Blend 40% LGB / 50% CAT / 10% XGB,0.9378117372386713,0.9937562940584088,0.10801777762494241,0.7669156592521772
Blend 40% LGB / 50% CAT / 10% XGB,0.9469383423538151,0.9949647532729103,0.1013502757698596,0.7669156592521772
Blend 40% LGB / 50% CAT / 10% XGB,0.9589833386394991,0.9961732124874119,0.09177492569521742,0.7669156592521772
Blend 40% LGB / 50% CAT / 10% XGB,0.9654037992146874,0.9973816717019134,0.08631988976128327,0.7669156592521772
Blend 40% LGB / 50% CAT / 10% XGB,0.9847889914747603,0.9987915407854985,0.0648479585148375,0.7669156592521772
Blend 40% LGB / 50% CAT / 10% XGB,1.0,1.0,0.007123977659516343,0.7669156592521772
